,English,Polish,Russian,Ukrainian,Lithuanian,German,Japanese,Spanish; Castilian,French,Italian,Chinese,Persian,Portuguese,Arabic,Turkish,Indonesian,Dutch; Flemish
2020-08-24,6.405508698561216e-06,1.4855429086335933e-05,1.566766046757071e-05,1.9430347063364605e-05,1.9684651876931558e-05,1.2450044197656902e-05,4.544063630109916e-06,7.2750321732026284e-06,6.194472859995461e-06,1.3185981913228142e-05,6.999941846636966e-06,8.950116727829187e-06,7.431059625541218e-06,1.006812660795061e-05,1.1807198775298307e-05,2.5255953301742345e-06,1.1670229827222247e-05
2020-08-25,7.036243816433739e-06,1.4063790162451275e-05,1.5962208892107036e-05,9.31766722883259e-06,6.290495061961377e-05,1.1000828493263567e-05,4.018954802915752e-06,6.286924701091048e-06,1.4586596967898536e-05,1.1566984164316722e-05,8.529503354661567e-06,9.759926149892132e-06,7.550990638487742e-06,1.1081044889468918e-05,1.5291510808549555e-05,5.00060788639619e-06,9.753208979918839e-06
2020-08-26,8.259313956841751e-06,1.632485195220885e-05,1.61953604905989e-05,1.2916137041733558e-05,8.975273122547382e-05,1.1534917912605871e-05,4.240362285952806e-06,6.16562732840706e-06,7.05623605588825e-06,1.0544392259239033e-05,8.688629837829093e-06,7.865816818306859e-06,6.908697884478001e-06,8.267116700402447e-06,1.2686932894099634e-05,3.485595223213557e-06,1.2982135238931723e-05
2020-08-27,6.220142710429078e-06,1.9666098359488527e-05,1.580046919278458e-05,1.0628533512904938e-05,4.909999705400018e-05,1.1411758977339073e-05,4.837723379471929e-06,6.277584353879767e-06,5.480773446748805e-06,1.025561329668577e-05,6.899519707184384e-06,7.75962607829966e-06,6.765884407413089e-06,1.0747007991640482e-05,1.3663206279897253e-05,3.624597019667221e-06,9.330759638674707e-06
2020-08-28,6.349908934124761e-06,1.941122070234418e-05,1.6769582571935023e-05,1.0711471220572146e-05,3.849516885630853e-05,1.3079714192030383e-05,4.217302897014668e-06,7.3848947621609e-06,6.502090349262694e-06,9.341343117850934e-06,8.089030085640623e-06,1.0611702933286925e-05,8.971747965656148e-06,1.0294280731586455e-05,8.684393927003327e-06,2.5742614358131936e-06,1.088633783132106e-05
2020-08-29,5.776947100487509e-06,1.780138264386135e-05,1.4545954449201035e-05,1.2104130102106983e-05,1.4751873487932968e-05,1.0471440677956825e-05,3.0858183613746585e-06,6.737087339817599e-06,7.343477246397401e-06,9.520073702472385e-06,6.431011403594904e-06,1.0591324038780914e-05,6.841860096504437e-06,1.234107205967402e-05,1.4022122805751532e-05,4.453685346684888e-06,1.5122765722561298e-05
2020-08-30,6.381731861263011e-06,1.774808369996273e-05,1.7350982884073828e-05,1.5901752611664093e-05,3.408830819726417e-05,1.196825425296178e-05,2.629931779569638e-06,7.629419076728148e-06,7.96252259365786e-06,1.3444728856860557e-05,7.45048652445096e-06,9.831049252890245e-06,7.033568023097872e-06,1.0047972981305138e-05,8.39988949478709e-06,3.687427127221398e-06,1.0950663610214779e-05
2020-08-31,6.790258811346721e-06,1.4082848672822178e-05,1.587209029177981e-05,6.469257280744741e-06,4.917011768048165e-05,1.0370070285198083e-05,3.920634943264848e-06,5.70010294988823e-06,7.758169181370674e-06,9.502409204193836e-06,6.529994684100624e-06,9.658593820779383e-06,6.683683782581137e-06,7.4705508550745815e-06,9.450631174942452e-06,2.4184732661965155e-06,1.0409909097834692e-05
2020-09-01,6.5797881877103495e-06,1.7276301679971404e-05,1.6268931404601778e-05,8.450442380658627e-06,4.794294789200851e-05,9.178596221880206e-06,3.922615825309307e-06,6.32327709375246e-06,8.936790548076217e-06,8.687882105070137e-06,5.736337478211271e-06,1.0916868049800766e-05,6.82785356311106e-06,9.90353198040929e-06,1.2118987066545715e-05,3.8655273239630805e-06,1.3719968581271949e-05
2020-09-02,7.359482573930339e-06,1.5855613258027415e-05,1.3324738804933931e-05,1.043432034681484e-05,5.5868002532682784e-05,9.634051643114877e-06,3.7680466399461736e-06,6.048401587827469e-06,8.954550163084744e-06,9.415333007734727e-06,7.177298748543091e-06,1.4061335545650127e-05,7.64510022415256e-06,1.0050739483157473e-05,8.335492709161975e-06,4.452200460325726e-06,1.1079321577780255e-05
2020-09-03,7.341494986820657e-06,1.5948319251991637e-05,1.4867567145650122e-05,9.790211231536434e-06,3.367811301532775e-05,9.892322254771978e-06,4.063379984485175e-06,6.827719499185404e-06,6.317996180320024e-06,9.383053144254935e-06,7.785577651753407e-06,1.0264012995061574e-05,7.76510715299746e-06,8.815812797474648e-06,1.3958207694551467e-05,2.3956487352891197e-06,1.0154341577039887e-05
2020-09-04,6.866134914492279e-06,1.4672042785491861e-05,1.6244114385097323e-05,1.147345266149044e-05,3.646424452922381e-05,1.0396961689055486e-05,4.181030838238205e-06,6.961496540352864e-06,7.741263791561295e-06,9.63346830526244e-06,6.83850103096735e-06,1.1075312122432541e-05,8.763468721135324e-06,9.873811101571736e-06,1.2346894103511421e-05,2.76921101197528e-06,9.56160278870975e-06
2020-09-05,6.359776247829163e-06,1.5090651601989277e-05,1.748666606924423e-05,1.969158600409585e-05,3.09520861706079e-05,1.567944224605598e-05,4.357086474369076e-06,7.132355756066533e-06,6.698395370681545e-06,8.719590750206461e-06,5.465066560432298e-06,1.231078578719781e-05,5.884104957026777e-06,1.679184123184947e-05,1.8842074672099996e-05,1.810735169796032e-06,8.810091033089346e-06
2020-09-06,7.0635786106586525e-06,1.8694185138217468e-05,1.698904969508321e-05,8.195677818070159e-06,3.78292722908987e-05,1.361014387889423e-05,3.611501273632039e-06,8.046612215636856e-06,7.140331903525408e-06,9.813053391689047e-06,6.093203379812869e-06,1.0277252605777634e-05,7.995527302027247e-06,1.0529228441366056e-05,1.3167471079445339e-05,2.9161908617757123e-06,1.0605040430157075e-05
2020-09-07,6.584712436244327e-06,1.531394791712997e-05,1.59035939993611e-05,6.964748621328011e-06,2.4120132040494257e-05,1.005334942882638e-05,3.99120674135825e-06,7.630956929331175e-06,6.671746271038467e-06,1.0343922181951757e-05,6.761258279824816e-06,1.5207293417923236e-05,6.515026777200258e-06,8.32075974083607e-06,1.7245536195844366e-05,3.5204083428779765e-06,1.3365419249812382e-05
2020-09-08,6.424352126629616e-06,1.448084079447685e-05,1.4688035989884757e-05,6.6691802065845264e-06,6.238342098203981e-05,1.1229158438998695e-05,3.5184793027424315e-06,8.112881084634214e-06,6.417200088442426e-06,8.499976501876555e-06,6.470324664715864e-06,1.1101721175793028e-05,6.758348165091577e-06,8.806501237313425e-06,1.2380030809546944e-05,3.065235569483986e-06,1.1789695413218999e-05
2020-09-09,6.8228515421478955e-06,1.440458049197267e-05,1.5882272838223624e-05,1.1874175954177994e-05,3.866365519752295e-05,1.1399645166076674e-05,4.44510952204978e-06,6.270155718526914e-06,6.835592254674691e-06,9.8772757919735e-06,9.332172542046963e-06,9.987485680442406e-06,8.059395491608826e-06,8.778508977950542e-06,7.299008318648046e-06,3.259747887993821e-06,1.3035008339146585e-05
2020-09-10,7.1562855518741145e-06,1.716768848748544e-05,1.6206218334371904e-05,9.957896204321546e-06,7.072567760021346e-05,1.1392761486409265e-05,3.8446093813748075e-06,7.70919275998657e-06,7.021957471229902e-06,8.27592264970802e-06,9.10166412551455e-06,1.0516380577296711e-05,6.390833492504092e-06,7.410438407980076e-06,1.8124586315031104e-05,2.7335798414888168e-06,1.0308619911099358e-05
2020-09-11,6.550797888032963e-06,1.4555359751311283e-05,1.4554469708334564e-05,1.2525000185028413e-05,5.628208581410027e-05,1.1582737118879688e-05,5.442936394403545e-06,6.143991509329964e-06,7.242532496337995e-06,9.27408554598098e-06,7.278202503145574e-06,1.0858204910521951e-05,9.133779391080753e-06,7.489402495468912e-06,1.2393513164389682e-05,3.3494346238090875e-06,1.1585028898854589e-05
2020-09-12,6.0170354714481005e-06,1.5005231031530893e-05,1.5408097254070095e-05,7.229748390296521e-06,3.243608931972253e-05,1.0278873257271755e-05,4.191784348402421e-06,9.813514769771267e-06,8.371828737888896e-06,9.061954967909351e-06,6.451055199098916e-06,1.222917039966524e-05,8.665645050198488e-06,8.081265202880164e-06,1.1361282087268012e-05,2.1999746122929742e-06,1.0594322667283177e-05
2020-09-13,6.371186615263607e-06,1.8007917603609228e-05,1.8410156084497742e-05,8.018328830596233e-06,2.3679608136313356e-05,1.3322398201234018e-05,3.2017988620806844e-06,8.482231455231533e-06,8.503026393735757e-06,8.658995339194058e-06,8.531295924200766e-06,9.699842935750802e-06,7.4809220124166475e-06,9.54718031728668e-06,1.169289773391642e-05,4.8229227731902406e-06,1.0559399592539169e-05
2020-09-14,6.40253033225286e-06,1.6004809978892322e-05,1.5358233636176897e-05,1.407338888483746e-05,4.869273531440629e-05,1.1511207458981672e-05,3.1431934500715383e-06,6.766768842201571e-06,7.24859628855249e-06,1.0495067927465133e-05,8.821684456538553e-06,7.5161832821293346e-06,7.665204968858401e-06,9.338926482745951e-06,1.7976757435463442e-05,3.7232603674542937e-06,1.3486070574854997e-05
2020-09-15,6.8271541142599915e-06,1.7953808495499196e-05,1.6954160695023244e-05,1.3300862602504969e-05,7.132423426302095e-05,9.49196228241986e-06,4.294322765672427e-06,5.788974435598122e-06,7.000143408343339e-06,8.058331576169365e-06,1.2192068518456167e-05,1.3259638343364185e-05,8.563085437379513e-06,9.533147908481165e-06,9.67027805503079e-06,4.1912605697382295e-06,1.1585703423711664e-05
2020-09-16,6.269700191893538e-06,1.7843246270457384e-05,1.3805424817602847e-05,1.0180520998342612e-05,3.487034045075727e-05,9.50132409292092e-06,3.9065042580621305e-06,5.431932122576197e-06,6.100942563025531e-06,8.774356343236195e-06,6.928334122598347e-06,9.000007239136257e-06,5.2413062453308695e-06,8.458718454939716e-06,1.045634632255528e-05,3.0717467897686256e-06,1.8641539368909775e-05
2020-09-17,6.897772464291714e-06,1.951362294802059e-05,1.5051566749485731e-05,9.168701354308878e-06,2.5802604342865005e-05,1.120064545193186e-05,2.8368886999158045e-06,6.3712453896960445e-06,7.420897513790025e-06,9.370479864932175e-06,8.837737137577456e-06,1.2033687103678036e-05,8.614844086864272e-06,9.209107322452047e-06,1.3330134101149057e-05,2.670999761495433e-06,9.649869087182976e-06
2020-09-18,6.4498666785701145e-06,1.5179235520125434e-05,1.3889221048645737e-05,1.2146118866143962e-05,5.9794531042704504e-05,1.05564641169338e-05,5.292644186613722e-06,6.527729631598975e-06,6.115209083123892e-06,8.940882680514559e-06,9.778985076118305e-06,1.1079503210626216e-05,6.0128953478691225e-06,1.0468658961515574e-05,1.0509793859453615e-05,3.754860503667193e-06,1.2005674833319326e-05
2020-09-19,5.911774840353508e-06,1.7416055727805804e-05,1.577029560881495e-05,1.2171611609283153e-05,6.700406938048038e-05,1.0547312184129565e-05,4.119200993016897e-06,8.005696258567914e-06,5.102954638319126e-06,8.744525466819589e-06,7.843687041510691e-06,1.0098036090380988e-05,7.14978445848414e-06,1.1027548574353726e-05,1.2733509331081222e-05,4.498775369076318e-06,8.163077153563807e-06
2020-09-20,5.983025876837388e-06,1.5919522740112682e-05,1.739037496349044e-05,5.192711924959082e-06,7.108836283500391e-05,1.2345050543272385e-05,3.2433405648401526e-06,8.26620283675875e-06,6.73675174404216e-06,8.83085783842055e-06,6.345234329503788e-06,8.142001268166344e-06,7.5190438123679465e-06,1.1120266129006809e-05,1.5938083732316696e-05,3.480792868922855e-06,1.2818390349099085e-05
2020-09-21,6.7789935455588025e-06,1.3418926402690441e-05,1.6227626405076283e-05,1.1351451060043095e-05,4.981290857573174e-05,1.0676134234594442e-05,4.34600153113773e-06,6.8612564564160375e-06,6.545791732027689e-06,8.044688556742337e-06,8.743974904474062e-06,9.980884686424595e-06,8.74222766476295e-06,1.1353597031473382e-05,1.2930161325312802e-05,1.1582206642009435e-06,1.539789868499681e-05
2020-09-22,6.402118264072581e-06,2.151736948796151e-05,1.758572664619471e-05,1.0842393759600037e-05,1.7005453081954947e-05,1.0253260187196568e-05,4.120628316535297e-06,7.0062117174626324e-06,6.36860194327274e-06,9.536133724958708e-06,8.127164209513786e-06,1.1295837407333449e-05,7.563847601271192e-06,1.2874597132398065e-05,1.1285610951839009e-05,1.5455598191540456e-06,1.5402061623418675e-05
2020-09-23,7.086916070594011e-06,1.8353376178879125e-05,1.8430520355838423e-05,9.789904728563143e-06,3.7181206901976036e-05,9.863101190072823e-06,3.657313183442543e-06,6.443331890211564e-06,6.920098107472938e-06,9.003382923270561e-06,5.872722551990758e-06,1.065296888558324e-05,6.6509278428048085e-06,7.802732899235986e-06,1.535311465845601e-05,3.137249570687004e-06,1.0204779527909529e-05
2020-09-24,7.185905408059072e-06,1.780549713221924e-05,1.808416886547844e-05,1.5361063826432916e-05,5.3339022829101774e-05,1.209382806870153e-05,3.81862569397013e-06,7.182970613270059e-06,7.567766384692907e-06,1.1367528931187259e-05,1.1480505317332317e-05,1.353312939495732e-05,7.507744238181684e-06,9.398539631827874e-06,2.1088308849000105e-05,3.056553956018049e-06,1.2147139164350576e-05
2020-09-25,7.097165423691691e-06,2.2118530293509988e-05,1.841243471619403e-05,1.1482038959602012e-05,2.2037191433409115e-05,1.068660386349875e-05,4.874872530840575e-06,7.000642769542708e-06,7.67790097461234e-06,9.125424024150801e-06,9.269738577922537e-06,1.3674248764121397e-05,7.970069295533077e-06,7.458539841655199e-06,1.2404203371049004e-05,2.5058367571170553e-06,1.0960454267401168e-05
2020-09-26,6.500999818528263e-06,1.6980944230881682e-05,1.792582082818678e-05,5.299220484666706e-06,2.5919829965915422e-05,9.72685328514743e-06,3.7558645000704027e-06,8.382719972817634e-06,6.788899545784905e-06,8.316368729939719e-06,6.6367471693687726e-06,9.199552671751337e-06,9.861549938787225e-06,8.449158518574614e-06,8.889590938634812e-06,2.0264237551982837e-06,1.2662642521797452e-05
2020-09-27,6.14781450814066e-06,1.925706899572706e-05,1.694163582427847e-05,6.624427111262884e-06,2.66767840840378e-05,1.0908967830573557e-05,3.448942094865622e-06,7.69019942207257e-06,7.75673190432014e-06,8.347738687673021e-06,7.903713797038953e-06,9.624929455745407e-06,7.646141841783767e-06,7.912181119320439e-06,1.3687241764892463e-05,3.439270754225628e-06,1.4442383636087733e-05
2020-09-28,6.58852286904233e-06,1.7427848706355687e-05,1.4521798865144109e-05,4.860154764481189e-06,2.3304651349468782e-05,1.0504990176304332e-05,2.83195399533643e-06,6.906467337894039e-06,7.3336290052272425e-06,8.632630558727394e-06,6.765386770868308e-06,1.2866022483646108e-05,6.592168880065847e-06,7.953192425900106e-06,9.503962082992875e-06,3.4748920976505836e-06,1.1557375223425076e-05
2020-09-29,7.121867295568727e-06,1.9453017227385932e-05,1.620957144154018e-05,6.936268470096469e-06,1.3331378064550533e-05,1.0452056364667109e-05,4.06995570581053e-06,6.312528475264858e-06,7.430221627721934e-06,9.414096237347118e-06,7.163027711366539e-06,9.665220470061615e-06,6.139880811269274e-06,5.609490994787133e-06,1.1561042445098443e-05,1.5105109591689664e-06,8.608969465842141e-06
2020-09-30,6.498688282910504e-06,1.7437541322646826e-05,1.3324990798158766e-05,4.856902301710285e-06,3.349709691826708e-05,1.0577210452157814e-05,4.7641001859706955e-06,6.738379895580161e-06,6.973083850461667e-06,9.114778221683468e-06,7.536061553180573e-06,8.843722763215532e-06,6.3927985912023355e-06,6.69537644084501e-06,9.753419996082376e-06,2.540585536370324e-06,6.613213143578205e-06
2020-10-01,6.3346892020547455e-06,2.2164468464961894e-05,1.5313730089225676e-05,1.0065149700984533e-05,3.4526412705719874e-05,9.72130461238571e-06,3.7344109628443736e-06,5.619710928228439e-06,6.3659199927537645e-06,7.1649756881760125e-06,5.079118148995206e-06,1.0956717941587848e-05,8.180152918086205e-06,6.58191488590049e-06,1.3522761008156426e-05,2.1795273994519306e-06,1.0918827581617721e-05
2020-10-02,6.183864373692632e-06,1.2373402823898278e-05,1.547312962098569e-05,1.1010263216857594e-05,2.7373542786558223e-05,8.771371996079197e-06,3.9532295432634804e-06,7.118256018647242e-06,8.384433630095181e-06,6.739723205132874e-06,4.857844803751864e-06,1.0326267317862449e-05,6.338731720806203e-06,6.69572325635531e-06,1.3850540428761195e-05,2.115184486390903e-06,8.470589718516394e-06
2020-10-03,5.610564817847597e-06,1.3412887306232983e-05,1.4644970314824316e-05,8.870014710578243e-06,5.1392540175129966e-05,9.665037868336716e-06,4.132557722890759e-06,6.757789292512376e-06,6.40459110579228e-06,7.332322067974961e-06,5.555980168569863e-06,9.269521703585415e-06,6.040744215660207e-06,9.480795714565418e-06,1.8508938719413585e-05,4.565343563937438e-06,1.1319665077865918e-05
2020-10-04,5.769017525789431e-06,1.6810167531288938e-05,1.6412248310230753e-05,5.6397126002458915e-06,3.509477183612656e-05,1.0551029869218584e-05,3.5955847225365215e-06,8.215300760335214e-06,6.265735128578909e-06,8.906390765948426e-06,5.3458115309025905e-06,9.88497900214226e-06,8.989029903892772e-06,8.493344984741432e-06,1.2879036791813965e-05,4.6232929866626805e-06,9.128347675844994e-06
2020-10-05,6.561809650537704e-06,1.642940285592808e-05,1.5834548631650175e-05,5.653166904099677e-06,4.868562340588393e-05,1.0125137125380345e-05,3.824501285032432e-06,5.718094903379947e-06,6.596325846503497e-06,8.667196789268353e-06,3.549317532053745e-05,1.2183051391417597e-05,6.293709703083164e-06,8.539609376918076e-06,1.1163215910990392e-05,2.9908583056407045e-06,1.266745703292023e-05
2020-10-06,6.24644683666581e-06,1.6345465596786254e-05,1.478432844021473e-05,8.230275964731478e-06,2.230162702758959e-05,1.5322134203198566e-05,3.8332960091353495e-06,6.454437091252601e-06,6.656177640068858e-06,1.043854889912772e-05,6.8046685469967234e-06,1.290922009644583e-05,4.777892887935154e-06,8.425994033606287e-06,1.0995952267792978e-05,1.8903137353706594e-06,1.1880207490950199e-05
2020-10-07,7.127355243592104e-06,3.2417040740614676e-05,1.5591791128608984e-05,8.561635039416055e-06,3.176363942893863e-05,1.1616761619943602e-05,3.918608990522969e-06,5.8170768527994755e-06,6.76211533337123e-06,1.0167071810963821e-05,5.179922000734513e-06,1.0120106129730527e-05,6.05079541907725e-06,6.342854975134179e-06,1.2080454649383957e-05,2.714785331743374e-06,1.02463152713337e-05
2020-10-08,6.613007847749178e-06,1.87294422718532e-05,1.4120644168844502e-05,2.4310206570771006e-05,3.673616332408398e-05,1.0730126309876628e-05,4.284454961987959e-06,5.403787871132697e-06,7.677652114717233e-06,8.44247453371991e-06,6.9013293685696205e-06,9.128939775765387e-06,7.79696029933473e-06,8.239811473113496e-06,8.537733543812999e-06,2.3739671322854084e-06,1.1049248957994438e-05
2020-10-09,6.93237832409942e-06,1.8064277214398133e-05,1.4905303160189869e-05,1.1419531175539716e-05,1.3522613867170068e-05,1.051506526741313e-05,4.583850621813398e-06,6.112891394816283e-06,6.12441211231689e-06,8.415044296925699e-06,5.970227329198903e-06,7.091561871236851e-06,5.6094458580693205e-06,9.802759696319284e-06,1.4420958151533122e-05,3.968460507483677e-06,1.175400234090236e-05
2020-10-10,6.433674777215148e-06,1.4259392996568534e-05,1.5095063838847476e-05,6.85507743121553e-06,1.153757403276671e-05,9.966839612691461e-06,4.447052002688502e-06,6.6252232707669625e-06,4.983585516157186e-06,7.636044875612064e-06,7.243091400724494e-06,1.339303507313162e-05,4.51289304109931e-06,1.0529300630690484e-05,1.0362375312433235e-05,4.444864686196594e-06,1.1371557208409055e-05
2020-10-11,6.3560029536338e-06,1.8097632254835102e-05,1.4274738622225314e-05,1.0605759480742015e-05,1.536849816474518e-05,1.1917910179552628e-05,3.605386831809638e-06,7.458703270942547e-06,5.835719789047067e-06,8.829434745473885e-06,6.110060520149452e-06,1.219027185830028e-05,9.71296424657861e-06,9.760802306292921e-06,1.1765991242740804e-05,2.4246474672793823e-06,1.1999086521155164e-05
2020-10-12,6.620747464039333e-06,1.4625700819706178e-05,1.3248756613143719e-05,5.030314351050883e-06,1.9021206743398215e-05,1.0835417683248767e-05,4.6494900365914865e-06,5.6526768309770814e-06,8.147747466739804e-06,8.154035486122611e-06,9.72305131962157e-06,8.588190698922114e-06,7.439233117243031e-06,1.2825365117205514e-05,1.0377254151243017e-05,2.618862913001956e-06,1.528049254120958e-05
2020-10-13,6.853563070204293e-06,1.628828929195428e-05,1.3918416676837337e-05,8.106894265020858e-06,4.49321075854384e-06,1.1008126731804711e-05,4.783195509703887e-06,6.22334426126268e-06,8.304816506601111e-06,9.619536915492888e-06,7.781745174899813e-06,9.06594287898082e-06,8.075682487338296e-06,1.0658204861490556e-05,1.2481530306938661e-05,1.9271810204097366e-06,1.234036337658369e-05
2020-10-14,7.6220544281128685e-06,1.297124788299445e-05,1.383738771901629e-05,9.19087075184824e-06,1.4465380212186464e-05,1.7642949513510754e-05,4.5470705883806385e-06,5.940528407419001e-06,8.636883427806294e-06,9.513754542342106e-06,7.323876546555351e-06,1.0607629354823116e-05,8.029558445083778e-06,9.29771357437372e-06,2.1108600899112297e-05,4.4276142627033415e-06,1.173184667372284e-05
2020-10-15,6.729700435097912e-06,1.492133073192262e-05,1.695368167321737e-05,6.476264490641798e-06,2.4427331741485548e-05,2.0743441368341646e-05,6.278795474718748e-06,5.7294257387111965e-06,8.025333362428925e-06,1.0203655633839578e-05,6.033681735355823e-06,7.681568612038805e-06,5.6064152340718405e-06,1.1304971996467825e-05,1.6743702385096342e-05,3.680190805625969e-06,1.3521753068241792e-05
2020-10-16,7.342200243398228e-06,1.418140091711795e-05,1.6870206230387893e-05,7.239008204777064e-06,4.358207282564369e-05,1.2784479213704532e-05,4.663185589029424e-06,6.8059060590147955e-06,7.583092089261102e-06,1.32190003872429e-05,6.574745978036122e-06,9.680055797176796e-06,6.998180099937744e-06,9.901964458345787e-06,1.2637337012202553e-05,3.650626047599296e-06,9.55926605548437e-06
2020-10-17,7.095782349742048e-06,1.6091174606718494e-05,1.4598035220580045e-05,5.459477844619985e-06,2.815130387455779e-05,1.392737915433951e-05,8.046924530942496e-06,6.802946594870119e-06,6.636509685985886e-06,8.843492589119964e-06,7.97030658625188e-06,1.0455890085027963e-05,7.036779414509107e-06,9.061703665652251e-06,1.3067565563669441e-05,4.118060012271819e-06,1.0165652418087144e-05
2020-10-18,6.697092582589809e-06,1.6520667517031136e-05,1.6704566916974724e-05,1.7434731146759757e-05,2.9723463702246553e-05,1.416330557483867e-05,4.692517931974224e-06,6.180197115054835e-06,7.135415629092682e-06,8.508753470013475e-06,6.3082967203719925e-06,8.17736569911962e-06,1.0507167980698053e-05,6.657028177469448e-06,1.0937559606365233e-05,3.981480961026454e-06,1.0555287275337307e-05
2020-10-19,7.258864589271615e-06,1.513858983583781e-05,1.5844017686673235e-05,9.088646462838622e-06,2.028615652392651e-05,1.2835063549221281e-05,4.571167425184949e-06,5.828993370198108e-06,6.62839702160628e-06,8.874177203120064e-06,8.624766370865417e-06,9.02094186122115e-06,7.99286542000489e-06,1.0272276699381422e-05,1.3369604068725222e-05,1.923418144853582e-06,1.2084225825096602e-05
2020-10-20,7.27565342826215e-06,1.8304259881203122e-05,1.70623383883501e-05,9.752750362680405e-06,1.0026670944712937e-05,1.193994754337947e-05,5.954632447378869e-06,6.5077420087552225e-06,6.323272243308991e-06,1.0127186345292346e-05,9.48391214981634e-06,7.337232664870675e-06,8.246239302566065e-06,8.497066719631715e-06,8.847279404503893e-06,2.416764612765834e-06,1.3067451571521882e-05
2020-10-21,6.771168498382567e-06,1.7426058703332592e-05,1.79161970977662e-05,1.0270725704686887e-05,3.792816405727552e-05,1.163995174287643e-05,5.301169509070834e-06,7.703707787596989e-06,9.876776812654957e-06,7.839763142853632e-06,8.492384989495237e-06,1.063248959212175e-05,5.659402823143162e-06,6.8220826266569805e-06,1.0657476556356175e-05,2.443454392923756e-06,1.0201949633382737e-05
2020-10-22,6.878498631822257e-06,1.3079455552205101e-05,1.6561230537219644e-05,5.7114419601364196e-06,2.739250723618733e-05,1.2653667493794731e-05,5.429275798720112e-06,7.2047603310992784e-06,8.216871203384826e-06,7.667918050444718e-06,8.73838317021427e-06,9.531283865842986e-06,1.1167090232440045e-05,6.813542995514559e-06,1.4511809135848976e-05,3.8757906823632815e-06,1.2609455326170882e-05
2020-10-23,6.505929352759608e-06,1.3467754828003054e-05,1.450083988242579e-05,7.861120209629871e-06,5.62053518736054e-05,1.1303884138279831e-05,4.48820830405984e-06,5.899509234575549e-06,9.817050962373574e-06,7.987146444969041e-06,6.782022561580962e-06,8.985816681234849e-06,7.498827095220812e-06,1.238393603562754e-05,1.4610724637151786e-05,1.6419801039446383e-06,1.0469944371532405e-05
2020-10-24,6.205388357277748e-06,1.5915137977980467e-05,1.4484939234275555e-05,8.816730156920164e-06,7.955720731471695e-05,1.0664551541896096e-05,4.096066410890075e-06,7.26311440581402e-06,8.403684986305794e-06,7.1949391904648e-06,6.5125714725645136e-06,1.0023262609998826e-05,7.479773685062978e-06,7.785779187804816e-06,1.138950115783271e-05,4.302001404263827e-06,9.796518474078607e-06
2020-10-25,6.263335725069762e-06,1.785104312570505e-05,1.4434159798793145e-05,1.0913856927273034e-05,3.2471270305613695e-05,1.1975354352270586e-05,3.4862876559186815e-06,6.489083373620877e-06,7.21771790195376e-06,9.079871887547602e-06,7.255098952640096e-06,8.838413239671082e-06,7.608489275661446e-06,9.69010903795195e-06,9.947144741179438e-06,3.306209036955624e-06,9.228703287089985e-06
2020-10-26,8.199087431644451e-06,2.4202716861119927e-05,1.4194163483088397e-05,5.666432957787341e-06,2.858189622692986e-05,9.967058394352111e-06,3.932437712933551e-06,5.761468576413891e-06,8.77336867716336e-06,9.020511337180422e-06,6.79634731672732e-06,8.90585220351788e-06,8.144064346412088e-06,6.250500677860421e-06,7.406428011439914e-06,3.0676556106654206e-06,1.2759423619538329e-05
2020-10-27,6.95414257737517e-06,1.7730770850899694e-05,1.489272924853159e-05,1.2097434247609528e-05,2.424462829954238e-05,1.2001791738561698e-05,4.708232443856594e-06,5.854680349264571e-06,1.1731974445980801e-05,9.281318574027857e-06,6.390505923572957e-06,7.137324502536979e-06,7.894289343587424e-06,7.490767628897384e-06,1.474739276022129e-05,3.578655538479404e-06,1.087864006713901e-05
2020-10-28,6.760594402818317e-06,1.9239216527221978e-05,1.4771113980632991e-05,9.753605176313294e-06,3.364488496813829e-05,1.0891632844765294e-05,4.747318625428134e-06,5.7587225181668115e-06,6.925900631483029e-06,8.686942263823024e-06,7.3450333839112334e-06,8.132531804552897e-06,8.621568677840994e-06,1.0225776861941234e-05,1.1231591772072815e-05,3.4823015505992343e-06,1.1799386431905541e-05
2020-10-29,6.829010350826856e-06,1.4868215622813957e-05,1.4283053172367063e-05,1.3469429446193183e-05,5.8207852966963405e-05,1.4311366418293259e-05,3.427758462200151e-06,7.199595195747526e-06,6.728635908128102e-06,9.473534564884781e-06,8.051171422655662e-06,7.0706981430579e-06,8.698225306207378e-06,1.0903517072899194e-05,1.0036070178712573e-05,5.429378522309316e-06,9.328628528851464e-06
2020-10-30,6.475367644678173e-06,1.3030215622226207e-05,1.5102953894565377e-05,6.044944159828324e-06,4.93650890090528e-05,1.1025252401174123e-05,4.362015280139526e-06,5.8753317867652276e-06,7.3468808690600045e-06,8.757841552379961e-06,8.029405610402642e-06,1.1829737093256983e-05,5.453720975475779e-06,8.74587165210998e-06,1.0075053551708253e-05,3.7386373464448175e-06,7.902058578144009e-06
2020-10-31,5.6860665550267014e-06,1.4586315748693415e-05,1.2677518143800849e-05,9.108678320059667e-06,5.3434298712996745e-05,8.769690455935873e-06,4.699602446146029e-06,5.8042828974316875e-06,6.953004080707507e-06,8.942143816897702e-06,7.468569899367703e-06,1.1312816256746496e-05,6.3412008052205985e-06,9.58698139438781e-06,7.636400429929343e-06,6.200207682156522e-06,8.46356896106148e-06
2020-11-01,6.076098085006531e-06,1.514518661679868e-05,1.552852484573561e-05,1.4922848871335197e-05,2.2060202292055017e-05,1.1534036545638818e-05,4.71663217863346e-06,7.81724457704372e-06,6.040811790841472e-06,9.307128224933002e-06,6.647135540172375e-06,7.78476676838762e-06,8.518109051522007e-06,7.752798727489782e-06,9.651620833206167e-06,5.65844349079667e-06,9.598798657021414e-06
2020-11-02,6.731746032037781e-06,1.4149996447761309e-05,1.5276109248417263e-05,1.3229817362371313e-05,1.6098237886880903e-05,1.1915389734066832e-05,4.569333944706545e-06,7.277310732045253e-06,8.122922925757602e-06,7.757214391600634e-06,1.0867460011096719e-05,9.403141375075803e-06,8.63865911749491e-06,9.385567317786054e-06,1.2742957646010056e-05,2.485245629251767e-06,1.1866943087327648e-05
2020-11-03,6.359544800232295e-06,1.4307389235935196e-05,1.5423299601368153e-05,9.502996265025499e-06,3.036896118629839e-05,1.1576141710345368e-05,3.881411683884341e-06,5.6232372629392194e-06,6.5957807614941315e-06,8.559934112345126e-06,7.536787545048163e-06,1.0303084023776248e-05,7.372209233991815e-06,6.311337506372519e-06,1.1818203055967437e-05,3.462537936431266e-06,1.2931343657529527e-05
2020-11-04,4.958050184410001e-06,1.7377787933307748e-05,1.4165988765830223e-05,1.3839605317522353e-05,1.449746605004111e-05,9.457938071597136e-06,4.042346773781764e-06,5.759546497220954e-06,8.300481968368524e-06,8.82765967414981e-06,6.639850523685011e-06,9.608055393642029e-06,5.905718200142642e-06,7.705517971132147e-06,1.3176901550427178e-05,2.3757810167969415e-06,7.752516968085156e-06
2020-11-05,6.245958106747118e-06,1.3476159945924728e-05,1.6237990351595887e-05,8.525013860496673e-06,4.366049598323437e-05,9.484796863223274e-06,4.391991844777548e-06,5.693082463024226e-06,8.445870435401741e-06,7.72638000340387e-06,5.837980328251671e-06,6.8525645244646915e-06,6.07764655373535e-06,6.092389049133764e-06,9.785055799280695e-06,4.144420625538127e-06,1.0691737603375739e-05
2020-11-06,8.202844717845746e-06,1.6594324290382647e-05,1.4181947652897018e-05,7.833259807508323e-06,2.0174458631011675e-05,9.974545088812135e-06,4.032747796015021e-06,6.40052479472732e-06,1.1371068535805529e-05,8.609820371680136e-06,5.029211984380041e-06,1.2170845196737908e-05,6.0049341952246394e-06,5.817120533646017e-06,1.2212895188933488e-05,4.5570205743782655e-06,7.786433022919972e-06
2020-11-07,6.092800480964131e-06,1.2789524220954007e-05,1.4521739654099022e-05,1.0088834845773574e-05,4.577996739057707e-05,1.076326592310438e-05,6.144733859340285e-06,5.664146641308802e-06,1.252719907089181e-05,7.534004139087699e-06,8.008817557020515e-06,7.525777292381866e-06,4.704652089133047e-06,7.749796633514612e-06,9.814480491137266e-06,1.9059735593817975e-06,1.0747222908335638e-05
2020-11-08,5.944254199329012e-06,2.188279165319254e-05,1.6447988204093117e-05,1.5618359628348804e-05,3.2319924155911316e-05,1.1987327682164569e-05,4.7058906727478905e-06,7.138089726968605e-06,8.31987337029473e-06,8.183395861415468e-06,8.488257592021377e-06,6.927960208206289e-06,5.222078296417663e-06,6.610266272342249e-06,8.636441588661093e-06,5.057757178522932e-06,1.052545849587402e-05
2020-11-09,7.11255887335503e-06,1.9239306847704912e-05,1.697835171171684e-05,9.329786070920952e-06,4.5443319338108174e-05,1.2693123509492427e-05,4.11161859196799e-06,6.610871842713016e-06,8.358668563555402e-06,7.5901522902515266e-06,7.18037433438115e-06,8.367937914321473e-06,5.7850310973157935e-06,8.135198488204775e-06,1.1387490568310937e-05,5.090130412651607e-06,1.3019775065631503e-05
2020-11-10,6.629220719308255e-06,1.5353624976552346e-05,1.5620415747552348e-05,1.6973107980323852e-05,4.384468306966158e-05,1.1752165305773083e-05,3.865897276380935e-06,6.188210973198928e-06,1.0286213901818088e-05,8.897084735940317e-06,9.915562452209294e-06,1.0452814357860992e-05,4.655903822513093e-06,8.255346765840898e-06,1.0524071296464918e-05,3.8951882739252206e-06,1.1381250096887796e-05
2020-11-11,8.40564452751994e-06,1.5349549794808375e-05,1.6028737360040965e-05,9.810637385569015e-06,2.0671174235448432e-05,1.0925541827242401e-05,4.062100790603039e-06,6.820550304194231e-06,2.1671372918183675e-05,1.0427196121367883e-05,7.943111435896113e-06,8.64822571428841e-06,7.775348161462231e-06,7.5620890903352285e-06,1.0735493791817304e-05,2.308077169317345e-06,9.962147745292494e-06
2020-11-12,7.161577469572754e-06,1.2581915074514515e-05,1.6096223731867152e-05,8.227067050596462e-06,3.1530075751006994e-05,1.1858000444675017e-05,4.726186541355207e-06,6.398658019261782e-06,1.1462402877699497e-05,8.612698613798899e-06,7.847896880189033e-06,1.1317850513830413e-05,7.649332641456739e-06,7.848339243224576e-06,1.0865852045788171e-05,4.13634248052502e-06,1.7230133041241553e-05
2020-11-13,6.4718859374872345e-06,1.3417436263365977e-05,1.695683141809533e-05,7.683374713794293e-06,3.195245474733597e-05,1.2923637764258755e-05,4.069301246621717e-06,6.023427518992369e-06,9.435678209841296e-06,9.171525071233496e-06,7.012433283271466e-06,1.1271343345312789e-05,7.203397684564445e-06,5.047759739327919e-06,1.2574644868793148e-05,4.525038216898854e-06,1.2961426793861467e-05
2020-11-14,5.941394317418713e-06,1.2849804660226147e-05,1.5405327283895876e-05,7.5756695755554355e-06,1.4095575046603495e-05,1.2331508998019869e-05,3.6246428343356717e-06,7.417103510402097e-06,8.00208347824874e-06,8.092355320726106e-06,7.224999056088833e-06,9.604760987071992e-06,7.119861575096463e-06,7.0737318193189325e-06,1.1318294589553364e-05,6.58455322343145e-06,1.0421798083989643e-05
2020-11-15,6.073845078747509e-06,1.2835355041267062e-05,1.7110219143085718e-05,1.4666355842844594e-05,5.050290258787505e-05,1.181648451536758e-05,4.655540106259996e-06,8.146693269421982e-06,7.592339625450669e-06,8.732632976168645e-06,8.315150627494819e-06,9.719403943444355e-06,4.808053930392581e-06,8.053578849369083e-06,1.224886586102107e-05,5.8360066895861025e-06,1.3724091189883494e-05
2020-11-16,6.640284157563459e-06,1.4179766173905203e-05,1.7254231565988913e-05,1.1207026215593693e-05,3.117279861592774e-05,1.0846958056964405e-05,3.6467225554271904e-06,6.116112271547977e-06,8.006338722484898e-06,8.534974423372025e-06,9.299309570546813e-06,9.54305356437744e-06,7.208205821507204e-06,6.1515076152525756e-06,1.1694410619122004e-05,2.5988084290099094e-06,8.741836627093465e-06
2020-11-17,6.672830834571627e-06,1.4505789108211843e-05,1.5171185750503526e-05,1.0644478841880703e-05,2.3540674361851552e-05,1.5718157001355297e-05,4.785080786320717e-06,6.630670164847502e-06,1.0098216810268488e-05,8.191342702332786e-06,4.3935347126103305e-06,7.849174114705268e-06,9.530270913574113e-06,9.65784943644517e-06,8.377189723079833e-06,5.304094336500231e-06,8.921133196504663e-06
2020-11-18,7.0791526318828105e-06,1.643059994545775e-05,1.7366539365515927e-05,1.1800422986161939e-05,3.333690096659467e-05,1.3879921371061898e-05,3.5113217491443257e-06,5.772211405995947e-06,8.242413999599092e-06,1.0735440940589334e-05,6.968132307260703e-06,9.436012770504456e-06,6.846787007474016e-06,8.93663597834263e-06,9.906307189372096e-06,3.3744525172794168e-06,1.54644250688901e-05
2020-11-19,6.923361041447251e-06,1.796402916136041e-05,1.6638087721661012e-05,6.123964794784481e-06,6.247089424245522e-05,1.381328655233621e-05,3.907814310462665e-06,6.131741980462419e-06,1.6482104917341127e-05,8.280221862060282e-06,7.052950059693942e-06,9.578147028189972e-06,6.676140427845228e-06,8.265741698553008e-06,2.0650399830460218e-05,2.85851443362199e-06,1.4456244327801536e-05
2020-11-20,7.324133797605742e-06,1.6347084409921823e-05,1.7120141286526673e-05,9.582514678992856e-06,2.3138555775488698e-05,1.4037657091260607e-05,5.340440206552404e-06,6.760345743396591e-06,1.1349946349229714e-05,8.96745982413342e-06,7.574108636434752e-06,8.111366567162037e-06,5.358382909178434e-06,8.032133041433405e-06,1.6992797668065303e-05,3.1035045937687057e-06,1.197622834572358e-05
2020-11-21,6.441983194894236e-06,1.730519592518792e-05,1.5639652163583828e-05,9.445321260113803e-06,1.3482994573094684e-05,1.528859947678509e-05,3.5595833732189215e-06,8.992180914161085e-06,7.5023498431473e-06,8.486462473549707e-06,5.003488543401094e-06,1.4669752747985502e-05,7.781747079121233e-06,7.65481277899913e-06,1.4953972352824023e-05,6.198420499416276e-06,1.0567724583961893e-05
2020-11-22,6.911325776549511e-06,1.7763431224872338e-05,1.619735278088433e-05,1.2368013618307358e-05,4.376814554367332e-05,1.3303455940952297e-05,3.7821324859767723e-06,7.762153412689464e-06,9.007460477742095e-06,1.0443762208679244e-05,7.2179078676807526e-06,1.1978169931375311e-05,8.677168274004699e-06,8.387667474803823e-06,1.4266388916948676e-05,6.647420333129315e-06,1.5222177833599947e-05
2020-11-23,8.000108840160437e-06,1.6346750106165033e-05,1.4453626146953353e-05,1.0280139680663615e-05,2.2412730430884744e-05,1.3321712952508123e-05,5.838506698058888e-06,7.119777934374303e-06,8.409970396904203e-06,9.296652187007914e-06,1.5600299904830882e-05,9.818721117525183e-06,9.917940367094992e-06,8.14401157467645e-06,1.3482934489849178e-05,3.3872934557490433e-06,1.0408472805262678e-05
2020-11-24,8.249701026328667e-06,1.4339748650693587e-05,1.6143449756744672e-05,1.055646553556516e-05,2.6061930593355698e-05,1.2649443143745742e-05,4.888815396892726e-06,6.931499577459203e-06,8.23275866789584e-06,9.990103680965835e-06,1.0366136446299131e-05,1.0376770147277498e-05,8.056231278287537e-06,7.76040154607554e-06,1.1700425123246429e-05,3.4409008081692883e-06,9.060633955207696e-06
2020-11-25,7.48439081128775e-06,1.4811729290294629e-05,1.3836075260228502e-05,1.0805083962610997e-05,2.2264400892802477e-05,1.1293367217749549e-05,4.3422082393656764e-06,7.340472824788949e-06,8.713247567143287e-06,8.690698009034322e-06,9.006477183616576e-06,7.410651626008126e-06,7.224472497535884e-06,6.012374490083483e-06,1.5395253621624998e-05,2.322112883878433e-06,9.842764728394697e-06
2020-11-26,7.309687668637333e-06,1.2887335115123306e-05,1.2530484687210211e-05,1.1159848977875306e-05,3.427252752274363e-05,1.1788170880382028e-05,5.196758334663744e-06,6.733711911723098e-06,8.07029124227676e-06,7.4123773427169835e-06,7.5099435136114626e-06,9.424860991025678e-06,1.1365120681402124e-05,4.699250718294293e-06,1.5693336071446825e-05,3.6102845390820363e-06,1.6003750342275332e-05
2020-11-27,7.290667511998688e-06,1.8712467543677767e-05,1.4983677156697423e-05,5.468235928861896e-06,3.9898048750721684e-05,1.4597610052677419e-05,3.4669927598613907e-06,7.94707557294738e-06,8.490286491501644e-06,1.0114911216763977e-05,6.608555435867274e-06,9.854230941813264e-06,9.202445922483854e-06,5.939582566137252e-06,1.1268841675764147e-05,2.7175223804952548e-06,1.1112362125463601e-05
2020-11-28,6.911208880819006e-06,2.3435326859216337e-05,1.4056658411758247e-05,9.527992334049597e-06,4.244467160203876e-05,1.8805287843274153e-05,3.746840519309825e-06,8.973916918995343e-06,7.831288253827715e-06,8.911955834349571e-06,6.11870267292745e-06,9.302083032366315e-06,7.707957114449175e-06,7.935275359723036e-06,1.1775032427819568e-05,3.818982048088622e-06,7.28824903461068e-06
2020-11-29,6.497798867887954e-06,2.630662607337399e-05,1.6655814253801926e-05,1.1822740575753135e-05,3.268694891847058e-05,1.3984158040587585e-05,4.307006041072934e-06,7.00749112288727e-06,7.357820114282594e-06,9.14602694571972e-06,5.740749146331466e-06,8.986296477632673e-06,6.460826957322211e-06,8.296050794645003e-06,1.0764068747690668e-05,3.908368529724637e-06,1.1328412846204389e-05
2020-11-30,6.9921611730462135e-06,1.5245032592155541e-05,1.631499344126981e-05,1.3533234239984843e-05,3.565260105531699e-05,1.4222339060433317e-05,4.217262097216326e-06,5.929283819004992e-06,7.1387872786810695e-06,8.7662763452903e-06,8.62082410219407e-06,9.809624049043503e-06,1.0520839578470185e-05,4.8927437832731375e-06,1.085556556931222e-05,2.755035976178122e-06,1.2777613306960339e-05
2020-12-01,7.311741767789101e-06,1.4287770464378431e-05,1.5809285951553035e-05,1.1796560064102507e-05,2.3491122491254897e-05,1.3567297837535665e-05,3.6528326441813195e-06,6.2001391066403174e-06,9.275411612313749e-06,9.645935144948887e-06,8.393092287562811e-06,9.059779140704107e-06,7.890143177629086e-06,1.0800523742320551e-05,1.0587617367191e-05,2.827450894246594e-06,1.613679366874969e-05
2020-12-02,7.20789216671196e-06,1.4890923981833074e-05,1.4849879185121874e-05,8.907236476439765e-06,7.673288430386222e-05,1.1495967224665189e-05,4.313025315774751e-06,7.317557561298383e-06,7.83988394106429e-06,6.82427713844411e-06,8.85965203716624e-06,9.232613890724901e-06,5.890848298614724e-06,8.270780300459225e-06,8.087270636018906e-06,2.627322624594778e-06,9.013200036298615e-06
2020-12-03,7.708409993556988e-06,1.788233620372822e-05,1.514967355065511e-05,5.690933205217448e-06,2.3000859395746515e-05,1.2199328300894592e-05,4.680941048797735e-06,6.41718990760316e-06,7.618283087706567e-06,1.0517587660336867e-05,6.706450823272725e-06,9.257731083342883e-06,8.031487668047847e-06,5.978898077126589e-06,1.541748392557255e-05,3.220843828874727e-06,1.2717668190102008e-05
2020-12-04,6.916733335719284e-06,1.275261585284273e-05,1.5336261492192188e-05,8.279811551489088e-06,3.2660297908574493e-05,1.1286246838742719e-05,4.636972090255549e-06,5.645519195291789e-06,8.53776295242673e-06,9.454617694373293e-06,8.028260889894784e-06,1.349715953035951e-05,7.6114552401364055e-06,7.781186920892791e-06,1.3059948140549788e-05,6.3962171988275865e-06,1.0730791492002543e-05
2020-12-05,6.773506276280215e-06,1.350406937077603e-05,1.4297270292716212e-05,1.1476065947212966e-05,2.6626815199917456e-05,1.086366470761943e-05,4.131481789402953e-06,8.053758127851018e-06,8.99328067232657e-06,8.198382594024292e-06,6.101134438158393e-06,1.0168081375753373e-05,8.703382771377843e-06,8.602216043668798e-06,1.2975947710220405e-05,4.710719101739145e-06,1.0062515473737987e-05
2020-12-06,7.755525412421947e-06,1.5688029711258176e-05,1.665540786862608e-05,8.987326072772177e-06,2.9909970987328144e-05,1.1416905411873038e-05,4.681663175687461e-06,6.847003640260204e-06,9.377743079332987e-06,8.556889918432152e-06,8.451076902780531e-06,1.0258897400469738e-05,6.8530367213870695e-06,6.561168227581453e-06,1.3100795461585005e-05,2.7781493849390967e-06,1.692428245273471e-05
2020-12-07,7.090094433294401e-06,1.2405676053845857e-05,1.335792273276992e-05,1.0640774116316962e-05,4.098475180938365e-05,1.280669907137883e-05,5.612154333157938e-06,8.423911370377273e-06,7.793883197609255e-06,1.2717177468987018e-05,1.0101596809915727e-05,9.230312524983255e-06,9.32055133635402e-06,7.258684075756293e-06,1.450950820875427e-05,2.7423726865403634e-06,1.1125459582621304e-05
2020-12-08,6.81366891742886e-06,1.1975730987995876e-05,1.3261487661413015e-05,1.2531688201154482e-05,3.659208301395506e-05,1.6925264891831548e-05,5.021729504690581e-06,6.917624162843947e-06,9.370785741175182e-06,1.0766001985666295e-05,6.643309090480228e-06,1.4191633131939309e-05,8.003323118947215e-06,1.1224911995384734e-05,1.167234937157368e-05,2.712622489182347e-06,1.2782688635288728e-05
2020-12-09,6.872299579675048e-06,1.613598210459822e-05,1.4726775127381503e-05,9.267652109845362e-06,2.1829096366365002e-05,1.1948502979251373e-05,4.6453220196025536e-06,7.808579805344934e-06,8.389201468038005e-06,8.663848271590975e-06,8.16240032613324e-06,9.400072228942094e-06,1.0636631307953896e-05,8.571269207958436e-06,9.866197207265639e-06,5.611680675915714e-06,1.1572062600229842e-05
2020-12-10,7.213962841457931e-06,1.3346461837447751e-05,1.470282549487804e-05,9.991362729850642e-06,3.567820512339026e-05,1.2468557475628978e-05,4.622140333812812e-06,6.775209683526554e-06,8.273779867321339e-06,8.135954593478123e-06,7.507714927859869e-06,7.768549234528379e-06,5.669993882076601e-06,8.206449092729182e-06,1.181051380374891e-05,2.2653186510480498e-06,1.074062864040182e-05
2020-12-11,7.059568607451892e-06,1.3777834946607583e-05,1.4977740551175077e-05,7.736295474911838e-06,2.888401070041504e-05,1.319124343869334e-05,3.9618024945763685e-06,7.087426157878718e-06,7.932729783417272e-06,6.754861065075075e-06,6.136726104183045e-06,8.560428742315326e-06,8.450274060495511e-06,5.535861727460116e-06,1.2670425413902384e-05,4.109485997998502e-06,9.754837604220366e-06
2020-12-12,6.265856522965094e-06,1.68961857995376e-05,1.3226050605603494e-05,9.846175879554415e-06,3.455305621782246e-05,2.4653072523294945e-05,4.499581420517855e-06,7.592642926481051e-06,7.4826689874452325e-06,7.207940266998125e-06,1.021043472133931e-05,6.976428640887766e-06,7.65576076588662e-06,8.04308627698003e-06,1.4550092369618655e-05,3.898262681908415e-06,1.1482911212115962e-05
2020-12-13,6.33606388708264e-06,2.0549079755881105e-05,1.588753584319072e-05,1.3158559954900768e-05,1.3581678858487056e-05,1.3850975193676362e-05,3.859466276111382e-06,7.991914347820148e-06,8.900708396700443e-06,7.649634424467585e-06,9.361808422710179e-06,8.917484614415274e-06,7.231601948269687e-06,6.4082704152090935e-06,1.6565930796226185e-05,3.3720645205637575e-06,1.391913465296628e-05
2020-12-14,6.768490634779856e-06,1.4368749767666586e-05,1.5279305708348614e-05,9.501140136816418e-06,3.867559299352958e-05,1.3599203066352377e-05,4.813729183518433e-06,7.730941686896687e-06,8.553778329903803e-06,8.575836013282087e-06,9.915842409205956e-06,9.904718090287567e-06,9.635798920148135e-06,6.304711919169143e-06,1.600597251431534e-05,1.44272842203846e-06,1.601505231888806e-05
2020-12-15,7.66513521893305e-06,1.4586052391276932e-05,1.4403750572034666e-05,9.726857374591502e-06,4.283497436716193e-05,1.2543942126153589e-05,4.703357926955692e-06,6.389549253241399e-06,7.290688210826827e-06,7.996501694820195e-06,7.523287424308319e-06,1.2194391242439854e-05,1.1604163274320548e-05,6.739751717350008e-06,1.4056867839782944e-05,3.5546976885133944e-06,1.3088243192195435e-05
2020-12-16,8.767792828419445e-06,1.6876803324791625e-05,1.4971830868380917e-05,9.228824462271319e-06,0.00016961508202874073,1.1735083801841443e-05,4.237913782918838e-06,7.055623019897141e-06,9.676985916197055e-06,9.605474673797801e-06,8.707756496297337e-06,7.937120038457593e-06,8.870007420567571e-06,6.9496654683758635e-06,1.1640068013137025e-05,5.7525883651503405e-06,1.069504180090244e-05
2020-12-17,7.5331281150788405e-06,1.4350206982853876e-05,1.564812945473953e-05,5.4633721870152035e-06,3.742835144152622e-05,1.2713829039282186e-05,4.4418305277141435e-06,6.721702694279202e-06,8.529720453920705e-06,7.87929866759359e-06,9.216784654752754e-06,1.1705041804398627e-05,9.279336491991672e-06,7.651611210703511e-06,1.4367695408394006e-05,2.7762480370664445e-06,8.677083022775341e-06
2020-12-18,7.291954019016484e-06,1.4639943097040685e-05,1.4268155047431189e-05,8.742530600418268e-06,2.4960427322515763e-05,1.1191076677739243e-05,4.040243518944365e-06,8.269024513296381e-06,8.75488315706542e-06,1.0931169906657419e-05,6.338197666818893e-06,1.4661154274187466e-05,7.383473682726766e-06,6.972468927540848e-06,1.270179408305068e-05,4.505356869317619e-06,1.1380168644995183e-05
2020-12-19,6.695907708415903e-06,1.7834555686342297e-05,1.5171113344190297e-05,1.244975279770845e-05,2.8161577048314707e-05,1.2756497445434848e-05,4.295049755317876e-06,8.37188806407573e-06,8.563957058640101e-06,1.1978536115492914e-05,6.945938027844777e-06,9.375692922305039e-06,6.175111481151754e-06,7.403610137406891e-06,7.062456540143739e-06,2.8062333301945096e-06,9.902148944559651e-06
2020-12-20,6.541643402872204e-06,1.6980503454361384e-05,1.4500475172124511e-05,6.414334301520499e-06,1.3960786941638327e-05,1.2857471166091136e-05,3.654431610299766e-06,7.097984907306082e-06,7.5908054092239155e-06,1.1167878232198626e-05,6.990250877747738e-06,1.2602387744231168e-05,7.538014256829721e-06,5.926469924797934e-06,1.2210728631621347e-05,3.4790496374988414e-06,8.289132657929665e-06
2020-12-21,7.069295066529601e-06,1.7174759132765796e-05,1.313686004681977e-05,9.889034343814462e-06,3.908861801162372e-05,1.2513443192021189e-05,3.952708458166707e-06,7.3011309749885605e-06,9.007995177576246e-06,9.173039772049398e-06,7.736851063722285e-06,8.899433878465637e-06,9.660156747189558e-06,8.509850028076338e-06,8.576164638496948e-06,5.6112188465129646e-06,1.2794244016436199e-05
2020-12-22,6.7944091648589205e-06,1.647586299252286e-05,1.447607917958172e-05,8.565444996281169e-06,4.175201910154874e-05,1.4350273554209939e-05,4.462308695248349e-06,6.18826800826174e-06,8.144130535838783e-06,8.888138603689146e-06,8.36577042431819e-06,1.2371045552225465e-05,9.989696021407132e-06,6.136023365976977e-06,1.2916642447962077e-05,4.704925636174044e-06,1.2263771881356257e-05
2020-12-23,7.036222910955432e-06,1.2767271216303109e-05,1.3706572535892045e-05,7.083967810450269e-06,7.282930344520937e-05,1.2424784349230442e-05,7.109754009236723e-06,8.165680399037957e-06,6.660073194204404e-06,8.597740946951126e-06,8.406363947477667e-06,1.0561912091828018e-05,7.964385171455976e-06,8.012810480756109e-06,1.1756422050513147e-05,5.144064953837432e-06,1.2475320205356903e-05
2020-12-24,6.84730565786062e-05,1.6628493304346635e-05,1.3613061249224522e-05,8.987025470402404e-06,1.0554201099747754e-05,1.1567594701611205e-05,5.454133855615934e-06,8.894233762482515e-06,7.469708107551925e-06,7.446618912326984e-06,8.447877161107775e-06,7.883323035085676e-06,6.256879166605458e-06,7.2331807833587395e-06,1.4288538480846855e-05,3.6977268532313663e-06,1.0880635080908402e-05
2020-12-25,1.8916120802289744e-05,1.5415033460749275e-05,1.5417006592939544e-05,9.83363671923656e-06,2.4352008279682814e-05,1.0806031730438626e-05,4.642852930229967e-06,6.954525553407479e-06,6.945263134650131e-06,8.372320347810108e-06,7.885969524429366e-06,8.270572704996483e-06,6.077890272497869e-06,6.168721832424428e-06,1.6247622672333303e-05,2.8955209186908773e-06,1.2082427470913952e-05
2020-12-26,8.436257085700246e-06,1.6316231450616808e-05,1.455988922479378e-05,2.2652250019679143e-05,4.8828685991337215e-05,1.2586499764037257e-05,4.622698493641808e-06,7.674734135042301e-06,7.766758468938497e-06,1.1740070337317347e-05,8.204973870641466e-06,8.856397654540211e-06,7.424007330676953e-06,7.829743464636757e-06,1.4370102909945839e-05,5.546762305900026e-06,2.5473799210850404e-05
2020-12-27,7.161892485647729e-06,1.978932205287006e-05,1.6254164980014165e-05,1.4972200753463095e-05,3.006976184748617e-05,1.2030981892276154e-05,4.368742064409974e-06,8.073276089895722e-06,7.957698534018445e-06,1.1329384479191366e-05,6.478129582601874e-06,1.4526022758149214e-05,9.57901272121063e-06,9.906260769188953e-06,1.2747511139503663e-05,3.633818161757103e-06,1.5160693570757401e-05
2020-12-28,7.091053288937777e-06,1.832797837617299e-05,1.6647083667042e-05,1.7978899787805133e-05,3.530416139778803e-05,1.2252606989735937e-05,4.298923008657709e-06,9.296599015564965e-06,8.351365552169745e-06,1.1075309579190697e-05,8.692540390546344e-06,1.0279493723512458e-05,1.0498485240189696e-05,9.794559122407503e-06,1.3963150620297335e-05,3.62952034073937e-06,2.1356438966348354e-05
2020-12-29,7.3345003138450666e-06,1.646548762719293e-05,1.363528625180848e-05,1.0127315547404192e-05,1.9524957777278808e-05,1.1718755385457437e-05,3.1863758913498835e-06,7.389391887531485e-06,7.401016230389226e-06,1.0116970026988505e-05,8.2398157165215e-06,1.0407735873987358e-05,8.825341702876263e-06,6.5664463859952895e-06,1.2335438220771017e-05,3.6213372813957118e-06,1.5099949396294586e-05
2020-12-30,7.398271707832772e-06,1.3184018257730732e-05,1.2797864434894123e-05,1.6604451222887084e-05,2.090031594310934e-05,1.0122572675205187e-05,3.876240071495587e-06,8.125952901109166e-06,8.335916577760489e-06,1.0465485631432226e-05,6.528879001701363e-06,9.942474264260455e-06,9.076901781115052e-06,5.799788149556501e-06,1.522797268234118e-05,3.4159963032709097e-06,1.1547933064330648e-05
2020-12-31,7.058829167785486e-06,1.2310316978227526e-05,1.3406247900344998e-05,6.563149392867661e-06,6.243228851062267e-05,1.1079423414529138e-05,2.5792395193339056e-06,8.380608733539347e-06,6.334848967064867e-06,8.978427561061706e-06,6.2644648232898884e-06,1.189439157526505e-05,7.10117037432298e-06,8.160556223512195e-06,1.1734836696301203e-05,5.715073578000396e-06,1.3067586149546643e-05
2021-01-01,6.7375049485812205e-06,2.0185749264734082e-05,1.5149135791472395e-05,1.3646935580615373e-05,5.394889017017503e-05,1.4156251437133261e-05,3.293562765355244e-06,7.942811430164201e-06,7.402113669662523e-06,9.015286284750244e-06,5.409093364100041e-06,9.944612958632192e-06,9.567172833103269e-06,7.279538803363205e-06,1.6631694452684198e-05,3.1144519568101643e-06,1.5519132020062317e-05
2021-01-02,6.892318386602536e-06,2.0695905686024367e-05,1.7173718840574494e-05,1.5028265161115025e-05,3.291619536659665e-05,1.720698906599087e-05,4.123150574510145e-06,7.982390704823907e-06,9.436571061893239e-06,1.0711331428899703e-05,8.093840278510516e-06,7.114234614455708e-06,7.770003242033852e-06,9.431625687975725e-06,1.01790316160722e-05,5.156378456264081e-06,3.9461827621038705e-05
2021-01-03,7.124357898764691e-06,1.4872246506589928e-05,1.693103175568086e-05,1.4715235664499167e-05,2.879902313713519e-05,1.805562952117205e-05,3.1272233391537517e-06,8.767695778230164e-06,1.0284561121952371e-05,1.0569982691557945e-05,5.742965724930011e-06,1.0055183735562863e-05,9.047690643490385e-06,9.94483665406899e-06,1.1067762375141806e-05,4.939831310935521e-06,2.8627856944953568e-05
2021-01-04,8.822745882996403e-06,2.0629011478618415e-05,1.797762531607705e-05,1.2308273005700782e-05,3.761145752457506e-05,1.852225695570224e-05,4.559214338712715e-06,1.2225456189351649e-05,1.1456735067591485e-05,1.549925429841414e-05,8.444489544799437e-06,1.0860496642157217e-05,1.5237294191772014e-05,9.478555217131285e-06,9.202617224338603e-06,4.4394328180631646e-06,2.03893058271373e-05
2021-01-05,9.024186988779616e-06,1.7210474249337426e-05,1.7451659931861378e-05,1.4539681753291757e-05,1.5314521995482215e-05,1.9210620076582038e-05,4.416132005659103e-06,1.1050978692622061e-05,9.514703817556326e-06,1.2219880007590803e-05,8.289859029865912e-06,9.767993621049335e-06,1.4598258894460943e-05,8.47970278772186e-06,1.6067677055758857e-05,6.639211478065521e-06,1.5028141110579628e-05
2021-01-06,7.323600960360481e-06,1.5874032855422942e-05,1.563619693091396e-05,2.417357300025523e-05,1.296819827263599e-05,1.6523170285976283e-05,8.226497076999467e-06,9.342863792603373e-06,1.0098464202026382e-05,1.0663268412788153e-05,7.03951042551494e-06,9.511396789972506e-06,9.589649128437889e-06,7.639104470417107e-06,1.4983698327681258e-05,4.544560854300901e-06,1.245520137701687e-05
2021-01-07,7.544151826917149e-06,1.889884707086106e-05,1.5742924115278355e-05,7.397186224163194e-06,2.88545639804871e-05,1.5408692856207973e-05,4.4739350018481475e-06,9.586354967881072e-06,8.275006516082009e-06,9.98333127929161e-06,6.39009820453276e-06,7.730105928218236e-06,1.4303520709454628e-05,8.138249210028569e-06,1.4907281743797412e-05,5.47458850731536e-06,1.3558611835888048e-05
2021-01-08,6.739026421894871e-06,1.9676441063420737e-05,1.691042974329755e-05,2.095400917355776e-05,1.9939503546240705e-05,1.585103389600157e-05,4.149731427628596e-06,8.569038567474378e-06,9.542042810002025e-06,1.0241143281074553e-05,8.403270077057194e-06,7.146316867689913e-06,1.2524549421506718e-05,7.56561069540755e-06,9.988847867557865e-06,4.284607848746286e-06,1.4283909176312883e-05
2021-01-09,6.309491581130836e-06,1.5923487430582882e-05,1.407975356468072e-05,1.1250136608801678e-05,7.73169817829296e-05,1.4841934248365436e-05,3.4595692610995654e-06,1.4163196191822025e-05,7.90643555173704e-06,1.0848820326967103e-05,8.529274504605652e-06,6.345841650844575e-06,8.906142566528135e-06,7.533592085315778e-06,1.1221765671643004e-05,8.192399037556962e-07,1.4329073690518061e-05
2021-01-10,6.5113241719215485e-06,1.6277140336237846e-05,1.6125661496577738e-05,9.857155037770154e-06,2.6145385775167112e-05,1.7736795598702588e-05,4.25533089744346e-06,1.378066659512493e-05,8.756396934272115e-06,9.522259869488241e-06,7.585684782307664e-06,7.784355643093094e-06,1.0900953751009026e-05,8.516504857375641e-06,1.8702149063948937e-05,3.6429913330433887e-06,1.483566141087485e-05
2021-01-11,6.65411755913219e-06,1.5187556193957917e-05,1.6700832074468188e-05,8.249410525817427e-06,2.155285221209238e-05,1.4693694833095669e-05,4.838201516658354e-06,1.0257976137196095e-05,8.230179908058602e-06,1.1346309729560707e-05,5.920402409751791e-06,6.576964496401829e-06,8.5285803267692e-06,7.10082607591651e-06,1.240167554387645e-05,2.692779167666102e-06,1.4203467731699012e-05
2021-01-12,7.141134157643038e-06,1.5557360158492894e-05,1.6010337217474848e-05,1.595782245666263e-05,3.439545501448348e-05,1.4516183316528096e-05,5.046047011341935e-06,1.013137714319599e-05,8.106057062759948e-06,1.0766969592160466e-05,8.175825287858468e-06,9.604779086144634e-06,9.679750396770993e-06,9.511968434282436e-06,0.00020469222477083457,2.7711764396162635e-06,1.530528104896274e-05
2021-01-13,6.61977589194462e-06,1.6126635420016427e-05,1.4770595800569866e-05,9.133809251635391e-06,1.7445765476574698e-05,1.3141941702865367e-05,4.098887053903874e-06,1.0282790488681846e-05,8.328696900336637e-06,1.1907201568995222e-05,7.59937756445067e-06,8.288860687373403e-06,8.064378127282243e-06,1.0673864496071237e-05,1.238018180496661e-05,2.9039113168715116e-06,1.6066874923969254e-05
2021-01-14,7.322681440629927e-06,1.79039617170329e-05,1.7076077482701577e-05,1.3025278638131709e-05,1.9942963125461183e-05,1.2782038505586664e-05,4.957082632658725e-06,9.342541896258399e-06,7.8520962300822e-06,1.0054364192416793e-05,7.956609748839957e-06,1.0929827773238863e-05,6.515185960682432e-06,1.261783229094543e-05,1.1172749663570552e-05,4.9130587021701926e-06,1.4009849292733036e-05
2021-01-15,6.817877817994437e-06,1.6684514599011615e-05,1.4561777753222622e-05,1.1719120800306572e-05,2.3124149705745194e-05,1.365112822782823e-05,3.8134653300799584e-06,9.556700200939052e-06,1.0813812684958779e-05,1.1219644389055842e-05,7.216644786751318e-06,1.0484577109978743e-05,9.860961550116565e-06,1.6342222763885348e-05,1.311606140415307e-05,2.787473181291681e-06,1.5148413943445686e-05
2021-01-16,5.9309441508170765e-06,1.68777805282309e-05,1.567286034888602e-05,1.5265101383170837e-05,3.573268379254795e-05,1.4587569735621199e-05,5.159655630858004e-06,7.4037304705575515e-06,6.5105585470554125e-06,1.0090268636751024e-05,8.619443710338054e-06,8.214392869350082e-06,7.769194544294009e-06,9.959462401153953e-06,9.810673620472129e-06,2.8591316245429937e-06,1.4114802101309084e-05
2021-01-17,5.7859202830478065e-06,1.7995967113712342e-05,1.538273085013052e-05,1.042626184967325e-05,2.056851371919865e-05,1.4546923331024585e-05,4.794153434004163e-06,9.18044834952597e-06,6.497714567150251e-06,9.46259825295825e-06,6.121575522430375e-06,1.1234357911975998e-05,7.667096705601888e-06,1.072533196537392e-05,1.2756203797485424e-05,2.4625534545110284e-06,1.207404610004957e-05
2021-01-18,6.219178468029244e-06,1.622161620261932e-05,1.5161780129888198e-05,6.636107392125927e-06,1.9394973792541664e-05,1.3793205745997733e-05,4.949707380484725e-06,7.37067896567322e-06,6.61968283471748e-06,9.412149021319516e-06,6.586703070200163e-06,1.2039244369460925e-05,7.931444027638724e-06,8.41263114503271e-06,7.850184776117517e-06,2.2199466647723124e-06,1.2750848245689809e-05
2021-01-19,6.287485752391113e-06,1.4976037367741654e-05,1.509280580198058e-05,9.291956252142543e-06,3.1684621285395055e-05,1.27179787919631e-05,4.138039780065364e-06,7.87546936524765e-06,7.397436270894883e-06,8.407853938947182e-06,6.1480255379522345e-06,9.525283674854441e-06,7.506697582821931e-06,8.366101654148233e-06,1.1287969908780661e-05,1.9783747809444523e-06,1.2730499262099075e-05
2021-01-20,5.569878910065496e-06,1.1867617197392114e-05,1.4476365558148166e-05,9.279032011380573e-06,2.1335539099837194e-05,1.1726747318794501e-05,5.107329996544403e-06,1.0495851256696087e-05,6.714892852067834e-06,7.367001688498017e-06,8.592890039676498e-06,7.064435709607075e-06,4.918617376655422e-06,6.3594582788986565e-06,8.038548053334962e-06,2.8915378374111406e-06,1.0959788899852736e-05
2021-01-21,5.769137233546769e-06,1.3313749397622668e-05,1.417670997964287e-05,1.0087251471274436e-05,4.2702498807888574e-05,1.2869000846426648e-05,4.543623897633498e-06,7.673057882902787e-06,6.8050236808923784e-06,9.574216492088054e-06,5.646178001562367e-06,8.911937605952125e-06,7.3457497491951155e-06,8.069963803429595e-06,1.2795209473573094e-05,3.3770569504897626e-06,1.5345887785184854e-05
2021-01-22,5.718307365562799e-06,1.400448423585232e-05,1.4249025977295695e-05,1.1149017771534328e-05,3.426604154656755e-05,1.199991724585371e-05,4.926729780095021e-06,8.159076582808923e-06,7.180849618290235e-06,9.857561113050721e-06,6.63396473851738e-06,9.230957941878134e-06,8.261337692530998e-06,8.252529645114648e-06,1.007301181739469e-05,1.078059251861377e-06,1.3417174059465682e-05
2021-01-23,5.836290615820699e-06,2.096549175838005e-05,1.853102438455235e-05,1.2208080381907821e-05,2.4290858742583698e-05,1.3076039526903277e-05,4.176730426617007e-06,6.875287588727706e-06,6.936937233700571e-06,8.035309016494995e-06,5.329478648319353e-06,5.347833366448763e-06,5.472911720178491e-06,9.424992156084427e-06,1.0417963744493983e-05,3.903987923664023e-06,1.5095145438044553e-05
2021-01-24,5.56286187715872e-06,2.4121091081506945e-05,1.6570409057529683e-05,8.925894384760414e-06,2.0747031445583994e-05,1.3932295541938354e-05,3.982364976526274e-06,8.25601408458248e-06,7.317271771519125e-06,8.795061446185454e-06,6.340361337938574e-06,9.866421900864844e-06,7.231634977515324e-06,5.373026180453852e-06,1.3325504599381197e-05,1.3542989647467853e-06,1.1079041455628796e-05
2021-01-25,5.99075469325738e-06,1.5208899603906577e-05,1.4012213335050692e-05,6.713633835583814e-06,1.4897332549843992e-05,1.2515691031874714e-05,4.507194670218012e-06,6.695262941921899e-06,6.715600508809911e-06,9.244287754533529e-06,7.148254127361402e-06,6.556761808923159e-06,6.304534221011752e-06,7.284347840644539e-06,9.690521565189785e-06,4.24537027209791e-06,1.3712772271990879e-05
2021-01-26,6.705467901997415e-06,1.4049436825551932e-05,1.3518948150917773e-05,1.066207349126501e-05,7.602048663718958e-05,1.5618813463697615e-05,4.519511942690674e-06,6.871381124980842e-06,4.1720390563398754e-05,8.066467693796887e-06,1.260003150007875e-05,6.9881775228004485e-06,7.729418288047757e-06,7.220547098274869e-06,1.0913261840332298e-05,3.7881959813222e-06,1.2459055686639325e-05
2021-01-27,6.836677723952295e-06,1.2619622019214174e-05,1.4486490225424871e-05,9.392140656698475e-06,2.1677497673539982e-05,1.3307696724346536e-05,4.7561320863543315e-06,9.60108589411002e-06,1.1296161533573037e-05,8.119922725860812e-06,6.898719750112395e-06,4.607004016970405e-06,7.142657260276278e-06,7.141570428874699e-06,9.23913420073405e-06,2.5325674608134932e-06,1.1018136024053968e-05
2021-01-28,6.559639691474941e-06,1.4834152789746708e-05,1.5492483539768017e-05,1.1653390041789763e-05,2.7897322972887523e-05,1.2595953712723652e-05,4.18809474469012e-06,6.391822302546122e-06,9.061818915925257e-06,9.882466012552306e-06,9.01428064097752e-06,6.150132945373836e-06,7.13441753763352e-06,8.5471007603697e-06,1.0537489869119794e-05,2.5806446490035435e-06,1.6946325465414646e-05
2021-01-29,6.290458266058873e-06,1.3213641763756902e-05,1.3636846759945372e-05,6.39667031987616e-06,3.3906756419845424e-05,1.7738320524026525e-05,4.855207484155044e-06,7.621573052310772e-06,8.160354557613102e-06,9.228992350617094e-06,6.291447825256202e-06,7.774064167125635e-06,5.0733999654567635e-06,8.681483349555373e-06,8.534470482436547e-06,2.8598688464147033e-06,1.4076913975217783e-05
2021-01-30,6.225840758845217e-06,1.3679261801372741e-05,1.4132746432606567e-05,1.4008205575804596e-05,1.4618899898544835e-05,1.3105761607569888e-05,3.8929085471896365e-06,8.280357428821775e-06,7.42732041045427e-06,1.101797775126612e-05,5.799610123195636e-06,7.4234707362303895e-06,7.790110934381122e-06,9.073923605812261e-06,8.353486118594442e-06,7.938173272858566e-07,1.4674324462887624e-05
2021-01-31,5.949666350555969e-06,1.4629271462281178e-05,1.6554431689591982e-05,1.2758535779399813e-05,2.2926840452117295e-05,1.4922178098170596e-05,4.2199662889234175e-06,1.0752676255757586e-05,7.113231296638568e-06,9.931505000836621e-06,6.546054768322533e-06,7.756047539945005e-06,1.0324585295823951e-05,6.201249792289771e-06,8.4979870134177e-06,3.936665795913685e-06,1.143344697703235e-05
2021-02-01,6.96564022070434e-06,1.4519488354874332e-05,1.4817223791956973e-05,6.885485087588535e-06,2.31996616418579e-05,1.2958824838225849e-05,4.059832855078791e-06,6.956249188138169e-06,6.943932930866465e-06,9.59004948268814e-06,5.882215992989885e-06,6.672708312642765e-06,1.0469890728901594e-05,6.566818195996539e-06,8.474508443199842e-06,2.225547054640215e-06,1.324660723604316e-05
2021-02-02,6.853190333655136e-06,1.3886509312499566e-05,1.414478414844532e-05,9.933200936324072e-06,1.6036634801279366e-05,1.6381183776007332e-05,4.703880268899899e-06,7.130578693808045e-06,7.373312803598055e-06,1.1358848383156673e-05,4.6061544487805756e-06,8.20859356050321e-06,7.780129797461436e-06,7.884440470341773e-06,9.429329532486397e-06,3.407183706125996e-06,1.2973840477530276e-05
2021-02-03,6.777779515805074e-06,1.3691589862820377e-05,1.463330616332673e-05,7.788481107345927e-06,2.156016543833613e-05,1.4846272206668677e-05,5.56394643639347e-06,7.761268184373149e-06,7.557027838419656e-06,9.203756647497128e-06,4.729374174527149e-06,7.0408032148307475e-06,9.118255659656197e-06,7.660321572886415e-06,9.776185512896293e-06,4.515488973834435e-06,1.5829638301462416e-05
2021-02-04,6.573077533885843e-06,1.3459695371773969e-05,1.5215236139922782e-05,7.0519810336970096e-06,4.01706729635652e-05,1.2676814064311219e-05,4.773522905081935e-06,8.35668341761497e-06,7.26371807335055e-06,9.45202949614866e-06,6.943260893478099e-06,8.873360168618321e-06,8.368468542714887e-06,6.786862913784851e-06,1.215302173491981e-05,2.554599236600595e-06,1.3358909572933878e-05
2021-02-05,6.116034708188564e-06,1.1809902831434563e-05,1.4484078442608683e-05,8.260284162470226e-06,2.9002200024030394e-05,1.1544646884535314e-05,4.832366742921601e-06,8.171078064996826e-06,7.5274582349152075e-06,9.194300693803025e-06,4.759557893143231e-06,9.013839351625211e-06,7.264871604952132e-06,7.62617472029302e-06,1.0173721379414187e-05,3.2386708402338227e-06,1.6157466047681835e-05
2021-02-06,6.0280778604749116e-06,1.5206209492864406e-05,1.33322454828757e-05,1.3005655834581063e-05,1.7866801371520644e-05,1.1638800921816605e-05,4.166682122347303e-06,7.835337540878376e-06,7.341927716634977e-06,1.0121500398500958e-05,6.045911121669888e-06,7.957246150465159e-06,8.756099717966029e-06,8.764084780569227e-06,8.528479466665974e-06,3.0492901114016562e-06,1.6326226430931323e-05
2021-02-07,5.737626975437327e-06,1.4158803856894947e-05,1.320600304752291e-05,8.071793076610663e-06,4.321956982121505e-05,1.0974768414185063e-05,3.871240767948322e-06,7.764032705387158e-06,6.615360791560129e-06,9.322618537094698e-06,5.876789095648764e-06,9.071705736470814e-06,8.606564352345396e-06,6.632703947048422e-06,1.1542580365215793e-05,3.416504335259293e-06,1.5236541445736815e-05
2021-02-08,6.066432395857951e-06,1.4480655945687263e-05,1.4607608656321054e-05,7.0930814438251e-06,8.31938449865725e-06,1.2567314211067614e-05,4.839029677769014e-06,7.216304722091899e-06,6.010598418128496e-06,8.808453701745369e-06,1.0443001017937892e-05,9.206617475156094e-06,7.3787334669638365e-06,7.990762187172417e-06,9.958896476542426e-06,3.559467713010587e-06,1.6647670255336545e-05
2021-02-09,6.22605373543012e-06,1.3341326443365972e-05,1.590717121910473e-05,1.081353075476282e-05,3.828139823639263e-05,1.2744333606371025e-05,4.732195455594762e-06,7.311871811393208e-06,7.124050779600708e-06,8.274301417691053e-06,5.549084965917587e-06,9.887061945223823e-06,7.803239195528603e-06,7.302302927274174e-06,1.5993017905325904e-05,1.6587939614094025e-06,1.4217394626891135e-05
2021-02-10,6.602238115584963e-06,1.2889422882296463e-05,1.4893590743015814e-05,7.101107701790402e-06,2.9010079390917267e-05,1.484363697507735e-05,4.142840052132147e-06,7.041903142576574e-06,8.541984271812007e-06,7.863135077319568e-06,5.3952550350543205e-06,1.0057020111326423e-05,7.217159029387662e-06,1.1503049481893262e-05,9.06166690873064e-06,3.929333216969921e-06,1.493427445462879e-05
2021-02-11,6.370783242220043e-06,1.3211972893096845e-05,1.4817416581229297e-05,1.1496175296647679e-05,2.7751522660750694e-05,1.1866964284362255e-05,7.910311196586418e-06,6.923319156034414e-06,7.608506244177693e-06,9.462966999426288e-06,5.7950051691446106e-06,7.485367327315423e-06,7.331487251633485e-06,2.2686879353617235e-05,1.2347850541617045e-05,2.891999394904742e-06,1.280111420898075e-05
2021-02-12,6.551947333098678e-06,1.4635283917564253e-05,1.4813616220226056e-05,1.4344370964558971e-05,4.016606256908563e-05,1.1534366150496585e-05,5.22786597002029e-06,7.635095362778205e-06,7.364841501124656e-06,8.723261428638954e-06,4.161242739952448e-06,8.351066218440257e-06,7.620946000728647e-06,9.354866401502061e-06,9.996188632693125e-06,1.4105311644142873e-05,1.3520233327414917e-05
2021-02-13,5.892324996464703e-06,1.4178506211662649e-05,1.491409688386601e-05,1.2645329078882616e-05,4.774718547394197e-05,1.0624276590055796e-05,3.582759791039949e-06,8.265449502695455e-06,6.479325064600705e-06,7.223296961254942e-06,5.920525483406232e-06,7.3205515486550545e-06,7.339091258152646e-06,6.516623840922031e-06,1.301981346947236e-05,3.298296265064281e-06,1.3697626554135822e-05
2021-02-14,5.939390978457626e-06,1.5268819386317582e-05,1.5249203863014253e-05,8.481336183627713e-06,5.990068466482572e-05,1.1090730252244022e-05,3.485484797440062e-06,8.559592944355549e-06,7.257909556893142e-06,7.5696120447666855e-06,3.502429855234482e-06,6.516273150999736e-06,7.1368339135110214e-06,5.824749311284069e-06,1.3226160104734656e-05,4.262021631358037e-06,1.52222174575444e-05
2021-02-15,6.828890503150165e-06,1.4196641521051387e-05,1.7012860586116467e-05,5.096541915838389e-06,5.2750671980575156e-05,1.17666313009323e-05,4.277388256486334e-06,7.85086540930571e-06,8.815298350253953e-06,9.658563216408756e-06,5.982707999008381e-06,8.414149420646858e-06,1.189011320749237e-05,7.942371076324805e-06,1.7204141442785696e-05,6.164784322300727e-06,9.916025890906159e-06
2021-02-16,6.60705837092285e-06,1.4564645927855707e-05,1.7033196006276257e-05,7.341788136551386e-06,3.8527958026786346e-05,1.0504515026273475e-05,4.007075767245726e-06,7.373374580536913e-06,6.087251798123777e-06,1.1064865210988025e-05,5.759088654441395e-06,7.511030652672573e-06,1.3863938390494076e-05,1.053836695149595e-05,1.7283445627720343e-05,5.3760810627006955e-06,1.265635654081385e-05
2021-02-17,6.561497225834578e-06,1.3828366737136023e-05,1.3657275369295927e-05,9.199498241560425e-06,3.798420363584797e-05,1.05153232795938e-05,4.884644600176451e-06,7.681711905885282e-06,7.080564842369024e-06,9.024856557340271e-06,5.9385406455554655e-06,6.98452277375083e-06,1.653304585928953e-05,8.813683940134211e-06,1.5769680122746517e-05,3.719793285773119e-06,1.0760520040057358e-05
2021-02-18,6.254830934211992e-06,1.807722531384483e-05,1.4571231165103706e-05,6.384144848585641e-06,3.517293091236984e-05,1.3373982096451693e-05,4.3455824438469265e-06,7.2503129181349445e-06,7.713541382971514e-06,1.1249671601156341e-05,6.055183827886976e-06,6.458681266459014e-06,1.0151450238060908e-05,8.912168037655183e-06,1.3089812531698423e-05,2.8940125773786614e-06,1.2754683702065166e-05
2021-02-19,5.884619448090505e-06,1.3111724903004704e-05,1.3834481970405055e-05,9.051504635551005e-06,4.442651587714824e-05,9.86001044123211e-06,4.105891915255297e-06,6.642613119917665e-06,8.073574608353764e-06,9.85090304479984e-06,6.316792181327309e-06,1.1038546604743766e-05,1.246546989443255e-05,5.977561032890666e-06,1.1451021846528915e-05,5.848775318669479e-06,1.0736139408581867e-05
2021-02-20,6.204965005647625e-06,1.4468146164147694e-05,1.3732158291396399e-05,1.2635592543585213e-05,4.5236516788207305e-05,9.637040432441676e-06,4.545237244745361e-06,7.621441447887228e-06,7.993794137200711e-06,1.0871597269992707e-05,5.725709757228738e-06,7.665834763889894e-06,8.879385972701216e-06,7.2042040647405794e-06,1.6821248136611736e-05,2.6243702167572337e-06,8.670169415110372e-06
2021-02-21,5.759104402662872e-06,1.135590854453732e-05,1.4135646712942336e-05,8.923881320491057e-06,3.462304163420757e-05,8.61013647066306e-06,4.2024561441119025e-06,8.947281401844993e-06,7.321496734727453e-06,1.2014180753971692e-05,5.060986952481393e-06,8.767494339386836e-06,6.971674563759402e-06,8.350052767694573e-06,1.1342448416733494e-05,4.354733309327866e-06,1.4726140153220942e-05
2021-02-22,6.139967898032801e-06,9.953735824303357e-06,1.4389842470859497e-05,8.215493039669987e-06,4.6583390621493015e-05,1.1934872292561602e-05,4.298977966069241e-06,7.1142606814695584e-06,8.56833696015561e-06,1.1397456877848541e-05,6.780383020726573e-06,5.96372027186183e-06,9.257329774236398e-06,7.053786160194028e-06,1.9196532372902778e-05,2.677168856865373e-06,2.3056714970223116e-05
2021-02-23,6.123694695367975e-06,1.1896594408128698e-05,1.5975911033942346e-05,6.728483271708971e-06,2.6097395479931102e-05,9.228757197876002e-06,4.277543847641982e-06,6.691911080511822e-06,6.7120662934205045e-06,1.1182952344755308e-05,8.763389471688574e-06,1.0985711251565464e-05,7.5675837253814676e-06,5.64150227564098e-06,1.2123880383418906e-05,4.544636698643695e-06,1.0295155814031667e-05
2021-02-24,6.276024106635993e-06,1.1422481330450894e-05,1.3407839324701562e-05,1.445289205511956e-05,1.7320116160245716e-05,9.862531830636586e-06,3.1734266825556985e-06,6.901104243225279e-06,5.954784756056811e-06,9.735528410209073e-06,4.934163219471701e-06,6.6145579321536726e-06,9.208907413365809e-06,6.222281496954135e-06,8.741294007372272e-06,3.3887581337670414e-06,1.4901491423327831e-05
2021-02-25,6.672797130235565e-06,1.4012351836246051e-05,1.540590239148904e-05,8.158826904286516e-06,2.1995563180684124e-05,1.0048232773341134e-05,5.466282373589847e-06,6.87997401009096e-06,7.21072848849239e-06,1.0546048691998765e-05,6.110493172512342e-06,1.1597562589974304e-05,1.0043813855258599e-05,6.4685718447504425e-06,2.4164433867304925e-05,2.8559509347629407e-06,1.1753584083215375e-05
2021-02-26,6.74138235703949e-06,1.5787299842639022e-05,1.3903185187724292e-05,1.158801335898147e-05,2.9238596178053817e-05,1.0298488289071066e-05,4.840428655979282e-06,6.458032013873235e-06,5.849480922912382e-06,8.062871218949229e-06,4.963818004155321e-06,1.2162091490549447e-05,7.119271748427496e-06,6.987918761950433e-06,1.841446125186156e-05,2.593463564106205e-06,1.6593353327348013e-05
2021-02-27,7.1772825345928666e-06,1.478012501694272e-05,1.4660821885674912e-05,9.437772987583665e-06,3.150758969362505e-05,9.420199512847757e-06,3.543163942035756e-06,9.55400243176746e-06,5.7124174442415855e-06,8.886692699177523e-06,5.3706175486791675e-06,7.953758295408368e-06,6.097915407947098e-06,9.030904885380885e-06,1.4518906944090714e-05,3.637514413650864e-06,1.1547883952706572e-05
2021-02-28,6.589080299937948e-06,1.4584992614560113e-05,1.712555098484812e-05,8.583027920589825e-06,2.8817909919330437e-05,1.3712064188193765e-05,3.6809065647750253e-06,8.384569477257825e-06,6.198908233696215e-06,9.874355123534233e-06,4.641822069889834e-06,8.04315577165159e-06,6.503111337898458e-06,6.959779657866212e-06,1.5775069353423897e-05,3.938539872989966e-06,1.2926700649132867e-05
2021-03-01,6.231124869320161e-06,1.1383929362904924e-05,1.4932316326863214e-05,1.3977781046319507e-05,2.4697490048969636e-05,1.0113221768179278e-05,3.958814404154633e-06,7.2484880005168746e-06,6.444363398964094e-06,9.387747499394639e-06,3.835519579493645e-06,7.915518550017722e-06,8.35320737224187e-06,6.829420634781915e-06,1.481372677478879e-05,4.453312308751111e-06,9.115102161692983e-06
2021-03-02,6.296915710180981e-06,1.256475018233612e-05,1.589719973883754e-05,1.0387275398776945e-05,3.023174794208173e-05,1.0405522399656203e-05,3.84775542149426e-06,6.915727244626108e-06,5.208241960667357e-06,9.855672850408907e-06,6.27675098474597e-06,8.226304778530557e-06,7.537001292775174e-06,8.355086959392041e-06,1.2467798382056156e-05,4.034142044341822e-06,1.3043838003319366e-05
2021-03-03,6.7886458853161025e-06,1.2580714456677208e-05,1.8263156609491408e-05,9.723704186767725e-06,2.7050950465201207e-05,1.0197094117761588e-05,3.761910829546652e-06,6.538057109045326e-06,7.720430603077892e-06,1.1755652612103552e-05,5.784540390818896e-06,7.891491135990192e-06,8.599230222525207e-06,8.361561567013975e-06,1.1069293779056897e-05,3.3983141341171103e-06,1.026017480240452e-05
2021-03-04,9.946825204729606e-06,1.1472721504704789e-05,1.5737558783558367e-05,9.095803061714687e-06,3.1442020913435624e-05,1.0750036785282125e-05,3.6327515980546935e-06,7.89990587790484e-06,8.30576831635519e-06,7.671528501875447e-06,6.2383090557177516e-06,7.477278420200615e-06,1.0610651061456261e-05,5.247318268410568e-06,8.245575218198534e-06,6.026001064719063e-06,1.3133496551425238e-05
2021-03-05,6.508693851970661e-06,2.107759808679605e-05,1.4756476144415805e-05,1.465428449409223e-05,3.750957833875436e-05,1.0446005711500337e-05,3.955113062300222e-06,6.173134907320931e-06,9.390425730601207e-06,7.4734541936463216e-06,5.639607346117645e-06,7.616543366547321e-06,9.783375177050596e-06,6.908188223363884e-06,1.3725956699181933e-05,2.727856259601267e-06,1.382802034272275e-05
2021-03-06,5.838181843986948e-06,1.8709580246448708e-05,1.5774319628637463e-05,1.235117505320403e-05,3.51722561243691e-05,1.0914983104617937e-05,3.4527044877311286e-06,6.871510785000496e-06,9.197979622678522e-06,9.57958677146154e-06,5.195399522942009e-06,7.847623689607363e-06,7.940710683680301e-06,4.518905097699374e-06,1.252133179616911e-05,5.353088438883916e-06,1.997711612184428e-05
2021-03-07,6.102371423322298e-06,1.3792314404045202e-05,1.735664502763333e-05,1.1895710307732112e-05,3.533985157262339e-05,1.0619156991720687e-05,7.6073002009198124e-06,7.5744052766336915e-06,7.812683916430302e-05,8.486881890313756e-06,3.9543309572549475e-06,8.79127847527525e-06,6.111091495261867e-06,7.771343523998145e-06,1.270843572063284e-05,4.287197196601753e-06,1.4313046190052332e-05
2021-03-08,7.396406935087334e-06,1.5417449899142556e-05,1.5204203155564552e-05,1.1428027236798247e-05,2.9568716919997945e-05,9.85311775328111e-06,4.281543943529585e-06,6.326268170068066e-06,1.5780393493788424e-05,1.1004230415114197e-05,6.372727164037155e-06,6.051425881631516e-06,8.30269095245703e-06,7.0553871408513975e-06,9.473242503597141e-06,3.4574239171120828e-06,1.1661949856486252e-05
2021-03-09,7.415970223344291e-06,1.8408597223983538e-05,1.3439039137974789e-05,8.567917085410392e-06,5.048632530548171e-05,1.0315738151848717e-05,3.97968120023002e-06,6.4694973733468856e-06,9.770903593081799e-06,9.575886803772296e-06,7.383703239694239e-06,7.034780252922802e-06,8.560811208772845e-06,6.92117332503429e-06,8.480721200530894e-06,3.5086889912851553e-06,1.4665830118177974e-05
2021-03-10,6.771587159971944e-06,1.2368432041006992e-05,1.4179066013497798e-05,1.1548796630997532e-05,1.5700668499574336e-05,1.0866882007975132e-05,3.443005843499457e-06,7.639104080944932e-06,8.765130758492142e-06,1.1542497175680256e-05,9.688871310508083e-06,8.946263561633085e-06,6.317054546976381e-06,8.269370361628078e-06,1.2161686750770996e-05,3.796192419003739e-06,9.60231035210585e-06
2021-03-11,6.383171338746873e-06,1.2284721144084785e-05,1.6154291853491164e-05,1.1732485381164668e-05,3.2041217822607005e-05,1.0012939915273036e-05,3.388771852318791e-06,9.061406021437268e-06,7.70956255591623e-06,1.0273886798922928e-05,7.540380491106735e-06,8.628242876245926e-06,8.941211006471401e-06,7.546253739072801e-06,6.9501162775514195e-06,4.514785391004317e-06,6.724787510724635e-06
2021-03-12,6.684964693885045e-06,1.459906605888339e-05,2.5623657504000578e-05,1.0864300022515325e-05,1.1608986129196406e-05,4.545112438755731e-05,4.097795879723232e-06,6.8022833610633625e-06,7.898791832396484e-06,8.018777097426806e-06,6.026806039838262e-06,6.49222608769699e-06,7.301368803321365e-06,7.166328263959584e-06,1.480306079545441e-05,2.876524945445598e-06,1.2986801568439805e-05
2021-03-13,6.465155347004979e-06,1.4282578647590626e-05,1.284372273319432e-05,8.392960379796268e-06,1.949806412077658e-05,1.2836994985787508e-05,3.910055048687517e-06,5.3422219812826145e-06,1.3986677821324979e-05,9.294272471687012e-06,4.039399378244106e-06,7.3933611621501185e-06,8.037440357536713e-06,5.7190037974185214e-06,6.496670456391099e-06,3.650323992328062e-06,1.0996342544362581e-05
2021-03-14,5.70976619046927e-06,1.3790616698910661e-05,1.3488818960218736e-05,9.876164745489259e-06,1.9963887545639666e-05,1.1711181612766852e-05,3.3014354875459847e-06,7.438142830766058e-06,8.346589816011057e-06,7.351662385799564e-06,5.086263020833333e-06,8.207147105548418e-06,9.016957428863141e-06,7.553806319662967e-06,1.3520586629573825e-05,5.210060022633598e-06,9.801965410359282e-06
2021-03-15,6.264161101287304e-06,1.3284672762023798e-05,1.350372423907737e-05,1.441991150469629e-05,1.974447360410685e-05,9.967096301827437e-06,3.8730591203679e-06,6.4495566595641464e-06,7.4605668299649535e-06,9.267802610521108e-06,7.286409240314383e-06,5.7217663227268055e-06,1.1946137661190253e-05,8.665056389424211e-06,7.664766556008478e-06,2.8375551128575475e-06,1.0766382904819527e-05
2021-03-16,7.955276689944735e-06,1.4575859384464353e-05,1.2970624752962959e-05,1.233118309581269e-05,2.4599251831326445e-05,1.1244246354096815e-05,3.62246839731473e-06,4.945264250952178e-06,6.915063648576312e-06,9.591492630932184e-06,6.529408944728954e-06,7.925609857246864e-06,9.421612400916404e-06,6.204997150133452e-06,1.0186054936494376e-05,3.6673272134199237e-06,1.2764191100023094e-05
2021-03-17,6.407184864203578e-06,1.4564101959037633e-05,1.2907379119745641e-05,5.954629888490623e-06,3.27749573106181e-05,1.3562171992366953e-05,3.928529379067201e-06,7.511749587532766e-06,7.381151012998391e-06,1.086205149157782e-05,5.2583533607804305e-06,7.344973043948929e-06,9.353806511225382e-06,5.689236457689211e-06,7.478440723742126e-06,3.332924741448363e-06,7.92989722075761e-06
2021-03-18,6.445277433754293e-06,1.18709217658585e-05,1.3739745157567823e-05,1.2939186768955673e-05,2.5342961546807656e-05,9.614324211978883e-06,3.4019236073500954e-06,5.721006145177887e-06,6.139007179168526e-06,9.748670374841273e-06,5.188398410982236e-06,9.572849281191042e-06,6.828235420407309e-06,6.8289765557295045e-06,9.43541021389446e-06,3.1986428722759323e-06,1.116227059243168e-05
2021-03-19,8.42809403610371e-06,1.4073740554490222e-05,1.3297003082356995e-05,1.0976765593820309e-05,2.38298075147298e-05,9.561805679980661e-06,3.5834885085826734e-06,7.429956488252368e-06,9.172682319068252e-06,1.4341372469345316e-05,5.390391077019093e-06,1.3366349566899895e-05,8.699745151840458e-06,1.2794488189518013e-05,1.4681988136953586e-05,2.749108918638007e-06,1.6773079323362413e-05
2021-03-20,9.306348585080411e-06,1.4647617458797146e-05,1.5304212453869504e-05,1.423770561407987e-05,2.420655452980281e-05,1.3052383279597455e-05,3.526383478904252e-06,8.427144602198624e-06,1.6101684972556337e-05,1.6986506360905947e-05,5.495071293112197e-06,1.562472910893454e-05,1.2103820178675626e-05,9.470519273907293e-06,1.2147937583896694e-05,2.6830785213661593e-06,1.3111547648521055e-05
2021-03-21,1.001742443031843e-05,1.4543448190140138e-05,1.537102262939557e-05,1.3904020100727898e-05,1.6455526588604784e-05,1.3014645209570458e-05,4.810193429842255e-06,9.191800619238644e-06,9.769959772102462e-06,1.8878175559296434e-05,8.084243240229798e-06,1.0394527890400098e-05,7.864714465923662e-06,9.25080752855061e-06,1.4673403741876586e-05,5.086991798921388e-06,1.1501184364500341e-05
2021-03-22,7.288748536362789e-06,1.32525996243029e-05,1.4318005757575937e-05,1.5057066281205769e-05,1.9095697218624902e-05,1.0999841731000626e-05,4.8856958596613294e-06,7.889985800115623e-06,8.943366865172934e-06,1.3300863161136899e-05,5.549836782768867e-06,8.00989545893463e-06,8.246054872783147e-06,9.413785253708848e-06,1.2499622856206926e-05,2.5021879709045585e-06,2.1907380090797665e-05
2021-03-23,6.9066512863468185e-06,1.61564251539093e-05,1.4860401842872942e-05,9.412548879889253e-06,2.1398727845629576e-05,9.14576745891595e-06,3.6130855927137024e-06,7.653638481752114e-06,9.494289817627351e-06,1.0567832205224772e-05,5.9805975343989895e-06,1.0122839831615686e-05,9.616420725275603e-06,7.658400335219123e-06,9.33621062317469e-06,4.883794982193684e-06,1.1460407809564213e-05
2021-03-24,7.610738174888704e-06,1.85088451714536e-05,1.3239856658832733e-05,8.702296187872132e-06,2.754010096889518e-05,1.1788820764906624e-05,4.372344918391176e-06,5.703999131584978e-06,7.635663903264797e-06,1.1105550526037595e-05,4.659145640815979e-06,9.691870787321587e-06,7.3937681023730815e-06,6.562580950927525e-06,9.9538983036177e-06,5.015688069142665e-06,2.0052264055655163e-05
2021-03-25,7.64327861175216e-06,1.672240288002866e-05,1.4119369068149095e-05,6.333142283541113e-06,2.6463147420901652e-05,1.1748233156603558e-05,4.165471325163178e-06,8.148093471385655e-06,7.810346574120993e-06,1.1324369968676792e-05,6.464230854373278e-06,8.678400185139205e-06,7.796232072279657e-06,8.584531018485929e-06,7.201914062988969e-06,4.945627972142102e-06,1.3626729704867407e-05
2021-03-26,7.510122629346125e-06,1.3592436896262183e-05,1.3162736403851925e-05,8.905779284023923e-06,2.6089508756291375e-05,1.1087784722467156e-05,4.755896061557653e-06,6.9274537291417005e-06,7.224142429435994e-06,1.1422605908222668e-05,6.049400240897899e-06,9.74430932335516e-06,7.193842513506439e-06,9.977314593476367e-06,9.019280569127215e-06,4.647287169351327e-06,1.1401169067732512e-05
2021-03-27,6.7675081243557736e-06,1.3536377382598818e-05,1.5035418509004122e-05,2.3217644967934774e-05,3.709473996587284e-05,9.574064356092312e-06,6.150149055695863e-06,6.689072113371947e-06,7.041020868913399e-06,1.0749387131032614e-05,4.538806886161428e-06,8.089003303346723e-06,6.324833683227605e-06,9.829489806229301e-06,8.201530869224985e-06,3.1173447930706527e-06,1.0688403826219532e-05
2021-03-28,6.025570845218814e-06,1.3854133797411293e-05,1.5874577352548268e-05,1.845765992887048e-05,2.9985382126213472e-05,9.307519369453327e-06,3.7095460706296016e-06,6.998990502126446e-06,6.796999945364006e-06,9.670856904352379e-06,5.183824351295681e-06,1.2978337747010605e-05,8.336043965316613e-06,7.069159414785732e-06,1.1365106816580002e-05,6.0713470006100255e-06,1.1644269036469486e-05
2021-03-29,6.648361845380695e-06,1.1587017791295964e-05,1.561943840152685e-05,1.0872290042877206e-05,1.1579722252090553e-05,1.1138708137950141e-05,3.5895923528907328e-06,8.427488246737124e-06,8.837378010945523e-06,1.4350044699917199e-05,5.318811590176086e-06,8.336222175105964e-06,7.243468051778724e-06,7.187863086071249e-06,1.1220661535971635e-05,8.853981779740936e-06,1.102362751244292e-05
2021-03-30,6.552836913232822e-06,1.5182961492135384e-05,1.4032416636482354e-05,1.315148801440669e-05,2.631708224263648e-05,1.175171329428757e-05,3.853915061337919e-06,6.9856132971911736e-06,6.52919291565102e-06,1.1662119011924516e-05,7.065149824517115e-06,8.393070617554218e-06,6.35003755655774e-06,7.10491932364108e-06,1.4889008912042856e-05,6.907904652494716e-06,1.208545781032599e-05
2021-03-31,7.1047559937376235e-06,1.0212710330769261e-05,1.398381911189659e-05,9.245599171840863e-06,2.7644928537859728e-05,1.4144904768300064e-05,3.5304742746903005e-06,7.556372363425316e-06,7.14038860850963e-06,1.3911005306620494e-05,5.563699344045962e-06,8.77859490123532e-06,7.5971121454574215e-06,7.029707544081287e-06,1.3855185600107674e-05,3.2907690636994167e-06,1.1349256339978323e-05
2021-04-01,6.490379401857782e-06,1.3054903328440853e-05,1.624491987909957e-05,1.2121212121212122e-05,4.3685927306616964e-05,1.0105523525067485e-05,3.6363698383781635e-06,6.7164144460987825e-06,8.128416544481315e-06,1.386536486037665e-05,5.995702954638697e-06,1.1091427732318546e-05,7.275762713780835e-06,6.717126617433711e-06,9.620524678318935e-06,5.908168160645455e-06,1.1027232478819911e-05
2021-04-02,6.0510002881403605e-06,1.3472287504603032e-05,1.4074704360462562e-05,1.1141812995810678e-05,2.328050211386959e-05,9.980171527908692e-06,3.575641605609512e-06,7.019496331994099e-06,7.753702238626002e-06,1.3243640631302762e-05,3.5311964729467974e-06,9.655332451916035e-06,1.2845233355859718e-05,1.205986684243576e-05,1.0387545471480302e-05,6.8206247010163665e-06,7.952825430113652e-06
2021-04-03,5.608278842043548e-06,1.5018512978005566e-05,1.3190630227785078e-05,1.3573875819145701e-05,3.550015777847902e-05,1.0418562287986572e-05,2.9330699827564814e-06,6.406148529404237e-06,7.16482007207809e-06,1.0225033689138421e-05,4.258620541800373e-06,9.692774177325792e-06,7.187184335597079e-06,6.2908400146802095e-06,1.1135062952284606e-05,2.695275720716728e-06,7.563469142209511e-06
2021-04-04,5.403089491917291e-06,1.1023192081673688e-05,1.574026228673631e-05,1.0468514332604027e-05,1.0336237816159674e-05,9.829901605461737e-06,3.7253674685426805e-06,6.551412177552477e-06,6.369222932548318e-06,1.12754241188934e-05,4.996704920194935e-06,7.602551633543978e-06,9.769465482346931e-06,6.211074677407133e-06,8.375137677957717e-06,3.755048192914349e-06,1.4663539127011313e-05
2021-04-05,5.804299199540409e-06,1.0663144575793902e-05,1.4245026988820819e-05,1.3365904430939509e-05,2.658752446883111e-05,9.304926860826209e-06,3.821241096083664e-06,7.530039508811355e-06,5.081326102211849e-06,9.363192386381772e-06,5.053420267135025e-06,1.1672396211112726e-05,7.085900623655483e-06,7.048369206311565e-06,1.2552718928882471e-05,5.4745600479308685e-06,8.034716814696351e-06
2021-04-06,6.003925732906825e-06,1.4442245777713873e-05,1.4909824822099314e-05,1.1841117537135671e-05,4.837294155857618e-05,1.1044802601691076e-05,6.141852832218063e-06,6.4849382093940875e-06,7.17630759986673e-06,1.1277008960702e-05,7.274199327148108e-06,1.1104795258807665e-05,7.714981318531574e-06,4.706105477706767e-06,1.0954751720218218e-05,4.9329970316226556e-06,1.214549404973561e-05
2021-04-07,6.868172091480669e-06,1.1086329839111846e-05,1.4693542591249291e-05,8.924568497113164e-06,3.9599825760766655e-05,1.1672496163304523e-05,4.0052785224111475e-06,6.876646166497135e-06,6.599341749794984e-06,1.4285715678763109e-05,6.905310288947443e-06,9.584803729359996e-06,7.731724271608641e-06,6.865825540621345e-06,1.0544767361118122e-05,4.365873278345159e-06,9.569226545181655e-06
2021-04-08,6.109204336314825e-06,1.6759748998112064e-05,1.2150937912203693e-05,1.1587018786971556e-05,2.818102078702546e-05,1.2012676899928099e-05,3.941770306774637e-06,6.5171516582438665e-06,5.663140248761833e-06,1.189441051020742e-05,4.922247759265316e-06,1.4782235795063306e-05,7.291332943691614e-06,7.827169617194727e-06,8.318518194625597e-06,1.3728952943098524e-06,9.85347877067999e-06
2021-04-09,5.831241334537135e-06,1.1003368465972561e-05,1.253392783995752e-05,9.812955570419194e-06,2.9247652875856713e-05,8.92006681334766e-06,3.4549476871145502e-06,6.255012880333036e-06,5.948046946168157e-06,8.530241334904175e-06,4.914813844487079e-06,9.606060930421105e-06,4.579187368769562e-06,9.698387895170514e-06,8.480922062394765e-06,3.974518369106069e-06,1.233931316391581e-05
2021-04-10,5.397986950065809e-06,9.403184129453742e-06,1.1834135984218996e-05,1.659714881729755e-05,2.3356300362022656e-05,8.839365809544736e-06,3.823525883233786e-06,7.616111028247952e-06,2.578212292489472e-05,9.780766427316241e-06,4.989419907056637e-06,9.192212042795788e-06,6.820632319332662e-06,8.099990532306148e-06,1.0102630943988151e-05,7.2002376704538874e-06,1.199547462151707e-05
2021-04-11,5.2047824395999e-06,1.0004212558131096e-05,1.3766784105175464e-05,1.5479396922695892e-05,3.0354541039339484e-05,8.958503044242883e-06,3.890355380546809e-06,5.926148447287661e-06,7.533770040870036e-06,1.1815746258441292e-05,6.361253104852803e-06,1.0869088326055683e-05,5.466987940432046e-06,7.187934829216629e-06,9.495012662745335e-06,5.097361299949468e-06,1.1605357101104676e-05
2021-04-12,6.582747000280133e-06,1.2627623725410836e-05,1.4321264915256822e-05,1.2302819358821793e-05,3.101929400086854e-05,9.464663458228536e-06,3.487110144355027e-06,6.295744040425509e-06,8.277829803958718e-06,9.839027855088162e-06,7.169578541123997e-06,1.2792533254190195e-05,5.568536150810134e-06,9.638071706678091e-06,1.019104085999842e-05,4.182427947222539e-06,1.3199111311599573e-05
2021-04-13,6.3956519297490465e-06,1.2519408560882857e-05,1.409689876519459e-05,8.436161524735505e-06,1.8933226297494e-05,8.3204405984203e-06,3.27621441784014e-06,6.8008559506922835e-06,8.323691063907238e-06,1.0773001979944293e-05,5.889946969891049e-06,1.0698718197545797e-05,5.002520337576855e-06,8.418449176516011e-06,1.0653858361392192e-05,4.3025861308594695e-06,9.699615296747348e-06
2021-04-14,6.333354241032876e-06,1.1053958399083308e-05,1.5760902762094708e-05,8.287243339395496e-06,2.5432950567427292e-05,1.0501229501094852e-05,4.386621351028247e-06,6.020097761928322e-06,6.63509205400333e-06,1.0143775655614678e-05,5.837745696121985e-06,1.0498417916047466e-05,9.096964892066227e-06,5.00625573372727e-06,9.154110278734336e-06,3.1950357277608812e-06,1.1173383180416617e-05
2021-04-15,7.600758330893038e-06,1.5247675905942547e-05,1.4382782801829128e-05,1.1303570091318716e-05,4.515997922640955e-05,8.969197899320097e-06,3.7812938914804977e-06,6.13406055240409e-06,5.889267075574158e-06,8.096201613547522e-06,5.500394051667608e-06,8.25328712061738e-06,7.475974200503106e-06,7.265613068937674e-06,7.163766008646666e-06,4.67274948702831e-06,1.1698036902292983e-05
2021-04-16,6.1838034929242395e-06,1.2466678027429707e-05,1.2219838121360438e-05,9.144553177536275e-06,4.03831010183272e-05,1.0762248807354798e-05,4.045409695137065e-06,6.55790684204783e-06,6.937670744059275e-06,9.133338993622378e-06,5.5026288516645806e-06,9.64621356907049e-06,7.075335495198907e-06,9.710366505821716e-06,8.500441385418937e-06,5.789647068904327e-06,1.06798499292617e-05
2021-04-17,5.498037993685517e-06,1.1791779950196717e-05,1.2579065737408888e-05,9.69855908507673e-06,3.5002362659479515e-06,9.087190300957997e-06,3.827548412150413e-06,5.8556605757650735e-06,5.814598562675119e-06,7.586044347919232e-06,5.3700867235788825e-06,9.183566874415105e-06,7.6620266467829e-06,9.72276759746394e-06,8.529335226957248e-06,6.540383285147319e-06,6.720177728935701e-06
2021-04-18,5.446542113871876e-06,1.406281861073415e-05,1.3912042843655891e-05,8.277751679866231e-06,2.1577591671049615e-05,1.1730396492949622e-05,3.007174424212843e-06,6.059693626870796e-06,5.6745116151508624e-06,8.501823321141292e-06,5.638654487243901e-06,1.0565534402153102e-05,7.224479358654406e-06,8.866378812998354e-06,1.101724382278997e-05,3.607862614996863e-06,9.649038857270236e-06
2021-04-19,5.855027654932089e-06,1.1714120471887369e-05,1.409252696147979e-05,1.6190756549896968e-05,3.278413830535146e-05,8.916185397624974e-06,3.550491206163424e-06,5.846284024170462e-06,7.75023348996114e-06,9.358949692129336e-06,5.894482753021507e-06,8.746846954618014e-06,7.059001430255748e-06,7.452683983083165e-06,9.778672217373364e-06,1.977633459976036e-06,1.3486960390185697e-05
2021-04-20,6.3191065701009275e-06,1.2820054142368192e-05,1.4364103231687294e-05,1.072728063435919e-05,2.941562911205982e-05,9.361048039239618e-06,3.7827441202044964e-06,5.340601209446525e-06,6.903323453824251e-06,1.0564503803489504e-05,6.409168945750128e-06,8.63450206715376e-06,5.999764372890083e-06,6.842730948584575e-06,1.2282280692466515e-05,1.9674432411069723e-06,1.715483015958118e-05
2021-04-21,6.20744093800209e-06,1.0634609046718757e-05,1.4691207844395268e-05,9.154753428528988e-06,3.0934372728257e-05,9.881668108595134e-06,3.899079166492967e-06,5.7963919243775955e-06,7.651929645750615e-06,9.78889888029599e-06,7.202851545541786e-06,1.0882463119960321e-05,7.151097505750823e-06,7.711773701732227e-06,1.0364881918611562e-05,2.4236172778706294e-06,1.2385026544890368e-05
2021-04-22,6.361532289752342e-06,1.354202658419307e-05,1.4499529409717714e-05,1.119932343979047e-05,2.6593370272790992e-05,9.154612372062746e-06,4.36509516256662e-06,5.017564846970638e-06,6.975016418503243e-06,1.4012595981584764e-05,6.480615020874586e-06,8.570977222923581e-06,7.435524048210876e-06,6.0152246616020185e-06,9.040132012386304e-06,5.276971922740105e-06,1.2805024607688683e-05
2021-04-23,6.727702392414441e-06,1.1992753851883178e-05,1.30326604568199e-05,1.2637698253891359e-05,2.283245770858021e-05,1.0442624896167082e-05,3.5341072307717113e-06,5.34444825623819e-06,6.638123009224874e-06,1.0875690477196478e-05,4.557814185965804e-06,1.0374722697995782e-05,5.939802921234026e-06,6.04647596264707e-06,1.0289911834749162e-05,5.442994430728098e-06,1.4460778697359707e-05
2021-04-24,5.910875008811151e-06,1.7850837686260103e-05,1.3125866467950378e-05,8.898343233176373e-06,4.359607232923754e-05,1.0627791294432997e-05,4.290822958389304e-06,6.945152024542585e-06,6.994511479199288e-06,9.018754811622313e-06,6.297504338390098e-06,8.803360453469776e-06,8.32876267089199e-06,6.2139855843301924e-06,9.541945456742993e-06,3.278783321008089e-06,8.265706800588519e-06
2021-04-25,5.78642211576498e-06,1.9246581037344525e-05,1.3577443359144949e-05,1.1070886888748657e-05,4.358902331528425e-05,9.411128598757662e-06,3.676019847059321e-06,7.498788171378935e-06,7.588369194115894e-06,9.672135304800021e-06,4.625527193162535e-06,9.029394749495976e-06,8.304698151321741e-06,7.840793768185364e-06,8.8564169346028e-06,8.681688582441914e-06,9.122714189925786e-06
2021-04-26,6.0859482112079094e-06,1.2135465429498966e-05,1.4744453146918148e-05,8.715050107180592e-06,3.103996669594162e-05,1.07158952766047e-05,4.005557327280794e-06,5.989281659136742e-06,6.757367081555215e-06,1.0657736214155953e-05,4.787409634923022e-06,5.60490990107334e-06,6.858486078618913e-06,5.8542294325966295e-06,1.2126640420645499e-05,8.082223150181176e-06,1.3364120306780806e-05
2021-04-27,6.760110530594029e-06,1.6032548348735442e-05,1.665700213521946e-05,1.0145071539165497e-05,3.147332173140297e-05,9.600302920726964e-06,4.698785666389566e-06,5.818217886975198e-06,6.759885359897241e-06,9.093751357927004e-06,7.359357123073267e-06,1.0510592615151192e-05,8.174980249990896e-06,8.733872358822412e-06,5.708133976754195e-06,3.0083187534329306e-06,6.010224250052804e-06
2021-04-28,6.8116531681398145e-06,1.4032510343175536e-05,1.59869369200533e-05,1.2101082250737608e-05,2.7381452977244057e-05,1.2691046793475908e-05,3.2597895701053546e-06,5.987488747342957e-06,6.960991092438856e-06,1.0090431563194447e-05,5.267535493971043e-06,7.318443715645728e-06,7.86571797894641e-06,1.0082989384271404e-05,1.1511048257133326e-05,3.0067448804530763e-06,1.5559639096393965e-05
2021-04-29,6.767186572385211e-06,1.4730247397802863e-05,1.5204528317885753e-05,1.0697043509706877e-05,3.16156173245679e-05,1.306375453546561e-05,3.916419321088461e-06,5.150737105776766e-06,6.902588022978185e-06,9.369321493739346e-06,4.198690932141177e-06,7.847764985597898e-06,6.3513026762368605e-06,8.139218530945777e-06,1.0176223797407003e-05,2.3567187038885075e-06,1.060182049568404e-05
2021-04-30,6.287554673155172e-06,1.3555159827041089e-05,1.3233319911538866e-05,9.104264520267335e-06,3.533803034653356e-05,1.0805193663109926e-05,3.533227986151798e-06,5.7656468193696825e-06,5.682906131496185e-06,8.570140112078008e-06,6.767240390800613e-06,9.691137739570625e-06,4.4988316840854955e-06,7.472051414355554e-06,9.68427811021409e-06,3.6048138684399147e-06,1.108517366388624e-05
2021-05-01,6.138975967643564e-06,1.2342177402144208e-05,1.29154973223437e-05,1.2002352461082372e-05,1.5601901871838178e-05,1.038762578205304e-05,4.171050032887534e-06,6.6824532269251424e-06,1.1219968532693413e-05,8.97533217753168e-06,5.590933402077506e-06,9.586110606616852e-06,4.6491085334387135e-06,5.679589273237115e-06,1.0946713053191111e-05,2.536878052634421e-06,1.0341089220596326e-05
2021-05-02,5.919686446874819e-06,1.2379900893266121e-05,1.2658309930020902e-05,1.4160120176324279e-05,8.017917372688835e-06,1.0772304650054618e-05,5.0810392129948475e-06,7.122600408431098e-06,6.3260637075158075e-06,1.0235699124221361e-05,5.068372631539503e-06,9.518750987570415e-06,7.2773898087629805e-06,7.673580953287661e-06,1.4551967314042648e-05,5.969960563142868e-06,9.73752866016849e-06
2021-05-03,6.0196477615904055e-06,1.114503438519431e-05,1.6522227386145126e-05,8.340561820244212e-06,2.2045450370179853e-05,9.41425108611971e-06,4.4098662482612e-06,6.636920595855964e-06,6.289255023984664e-06,1.0496902706656276e-05,6.35721940689163e-06,9.389436672150892e-06,7.567775654485635e-06,8.164260846092967e-06,1.827642786050886e-05,7.723286653216706e-06,7.828966286566827e-06
2021-05-04,6.301415997927745e-06,1.1828185173717772e-05,1.4741804608317385e-05,1.0472667930368597e-05,2.151004421291815e-05,9.25854930397732e-06,3.6955621336038455e-06,6.0568638310440645e-06,6.229705332229218e-06,8.893348858425486e-06,7.059319582097853e-06,9.564943988371214e-06,5.969890417278703e-06,6.625184517759189e-06,1.1313967072844586e-05,4.608779436778348e-06,7.774381236997348e-06
2021-05-05,6.577118990839627e-06,1.5725441595078602e-05,1.3925769484175386e-05,6.951610879410059e-06,4.4809239275493046e-05,9.02510894336205e-06,4.4065460606194e-06,5.6166093949131326e-06,5.603610300102107e-06,1.0015139374781484e-05,6.1486095038997406e-06,9.24681363791995e-06,5.689206682306754e-06,6.518772238791493e-06,1.4511732445447496e-05,3.828717323738371e-06,8.341847389314587e-06
2021-05-06,6.06791398344166e-06,1.137778586864773e-05,1.5018436347821893e-05,6.083407573436869e-06,1.910263463536891e-05,9.254974264253376e-06,3.7421801465742465e-06,6.519458191342518e-06,7.034133445170844e-06,8.979211802584482e-06,6.134024797858072e-06,7.785862258292232e-06,6.767049350142821e-06,6.533687023590877e-06,1.2816291466592734e-05,2.7217640418075056e-06,9.156304781755313e-06
2021-05-07,6.6210708835575615e-06,1.5019471242518802e-05,1.45287899163287e-05,8.585747495619225e-06,3.5133084122656626e-05,9.959935226806245e-06,3.0997366773692573e-06,6.649118800124992e-06,6.67024253979044e-06,9.289856335311603e-06,5.6100529122541075e-06,7.480775427257688e-06,7.467373179734445e-06,6.3096776358846135e-06,1.133137238783538e-05,4.670639824277185e-06,1.03060724274923e-05
2021-05-08,5.700096800672468e-06,1.4741648792417505e-05,3.614219283457032e-05,1.253887049854549e-05,4.880633645693887e-05,8.660289840542668e-06,3.440068576913163e-06,5.892368994844276e-06,5.411313299513735e-06,7.608663604813621e-06,3.4125979820131373e-06,7.576384982768949e-06,6.7385308520265795e-06,1.1109771314841436e-05,1.41634376142852e-05,5.691046731461131e-06,1.3804993103593886e-05
2021-05-09,6.084367831078082e-06,1.3490604317435316e-05,1.2863676237565402e-05,9.452689290103035e-06,1.699423045875925e-05,8.93830563191898e-06,3.864762523267314e-06,7.2389438916851916e-06,4.349778965036288e-06,9.9926918616486e-06,6.207193499462509e-06,6.6653390399517705e-06,6.076512186173916e-06,8.761075405006864e-06,1.0274252134333182e-05,3.0797517104171062e-06,1.2249326663109347e-05
2021-05-10,6.613614666694727e-06,1.2638548653414344e-05,1.4209082145417175e-05,1.0566934408281536e-05,1.7812435058830516e-05,1.0478989863482579e-05,4.669969415546185e-06,5.206071066809791e-06,6.197192550853633e-06,1.2324231130931152e-05,6.759626081413056e-06,7.347357970226902e-06,6.709330666157425e-06,7.373814592269615e-06,1.4708722406102476e-05,1.0647166735695798e-05,1.065772142513379e-05
2021-05-11,6.690169073205094e-06,1.7764884883545955e-05,1.3696108687788567e-05,1.2996036208956268e-05,4.799636062378574e-05,9.949543909549979e-06,4.033362204103156e-06,5.7595079248675955e-06,5.687511004944239e-06,9.409756659667217e-06,7.236673710970536e-06,1.0714092956274046e-05,7.723340411472879e-06,4.495345682547406e-06,1.0252506178533041e-05,1.7960079771490313e-06,1.2303377944547632e-05
2021-05-12,6.0770688574127945e-06,1.2014416851084223e-05,1.4333895595355889e-05,1.1141675064188428e-05,3.3479947603882e-05,9.286446998282502e-06,3.3017534712207433e-06,6.586826690279963e-06,6.865128029614488e-06,9.408406357623683e-06,7.266130656113125e-06,7.081034557853522e-06,8.674287428050707e-06,5.615378534826794e-06,1.0259389554251652e-05,2.116201469151708e-06,1.4769166741247285e-05
2021-05-13,5.572638612032121e-06,1.1811094000985748e-05,1.4536800835414662e-05,1.6158014405632012e-05,4.973002335398404e-05,1.0235248924198223e-05,3.6013343319958857e-06,5.001843036619426e-06,9.480277314374683e-06,1.0920597295942912e-05,6.289281805946306e-06,8.624097607536722e-06,5.4761554971348375e-06,3.839466774854308e-06,9.881809071770232e-06,1.8661782256190813e-06,9.044232256706555e-06
2021-05-14,6.004816234307302e-06,1.4253879526670043e-05,1.2164431739708142e-05,1.257799788003563e-05,2.9955228454701934e-05,8.721529458334453e-06,3.7737968586346293e-06,5.514441548706151e-06,7.177507218111402e-06,8.81952879584268e-06,4.953287441838621e-06,8.067798190303223e-06,5.9353509296703895e-06,6.795829100664442e-06,1.2829624621475162e-05,4.595535437322641e-06,9.114401271873268e-06
2021-05-15,6.434500390162855e-06,1.1746305234236528e-05,1.32253977599605e-05,1.293579570891535e-05,7.953741042099152e-06,9.955637386990705e-06,3.5787945493121253e-06,6.67368053701974e-06,5.967597882964813e-06,7.574781616834372e-06,4.569641816044499e-06,9.69042928070731e-06,5.62130001790331e-06,1.8850936095454008e-05,8.730673216258974e-06,2.6479574601851226e-06,1.2686538075426433e-05
2021-05-16,5.972891759255539e-06,1.0615547337620728e-05,1.3209219506846998e-05,1.3893097822170085e-05,1.4376491560999454e-05,8.564316873204377e-06,3.671271110978083e-06,6.082558567435806e-06,5.855850132974029e-06,1.16525302862614e-05,4.313039285428922e-06,9.690820686110104e-06,6.972917821084528e-06,2.8958234686867548e-05,7.323756358042438e-06,2.508957875672535e-06,9.525483699732507e-06
2021-05-17,6.653598338459486e-06,1.0665855280284026e-05,1.161847426339411e-05,1.1317009312063473e-05,5.282749746711016e-05,9.84216797956163e-06,4.252380504781567e-06,5.588215710415269e-06,6.6525109752336785e-06,8.414472249124118e-06,5.475812181589127e-06,6.439213496065837e-06,5.293751164853435e-06,1.354549447827593e-05,1.0617972500317997e-05,2.551780409088676e-06,1.0845680301107072e-05
2021-05-18,6.2774425799118045e-06,1.4855786311627087e-05,1.3615571692081749e-05,9.456855532489744e-06,2.774684518370261e-05,1.1148191901474308e-05,3.965044837568093e-06,6.21671451248745e-06,7.1942446043165465e-06,8.177838378895712e-06,4.911952386654098e-06,8.542515156810897e-06,7.391520201640671e-06,8.320698614851053e-06,1.0938906430826821e-05,3.5446994658782395e-06,9.184705003885912e-06
2021-05-19,6.3293613070366e-06,1.3476801911588088e-05,1.5819331944969723e-05,1.0032465056924207e-05,2.3897479811608202e-05,1.295458320685072e-05,3.919859566770303e-06,5.262796430609126e-06,7.015591845174503e-06,9.543743641748882e-06,6.634995975928448e-06,7.57002271006813e-06,6.674784475976974e-06,1.159361711579119e-05,1.14031749289796e-05,3.7563352942446996e-06,1.3178519014007168e-05
2021-05-20,6.469649027082252e-06,1.3767475787659632e-05,1.540172573052082e-05,7.643866744776792e-06,1.9862630050570256e-05,1.1006239476941066e-05,4.992533729813906e-06,5.654860145572638e-06,6.641997357754223e-06,9.096431322923965e-06,6.769652762305361e-06,6.994333288764791e-06,5.746351748410306e-06,1.0864179567066106e-05,1.1106326649561382e-05,4.980431573072425e-06,1.0822661100415509e-05
2021-05-21,6.010714595195757e-06,1.4948682745679635e-05,1.3116489229496974e-05,8.448900855604827e-06,4.299998229412494e-05,1.1522049226776165e-05,3.933281834584811e-06,6.630311802231752e-06,5.929740337978631e-06,8.982771389965253e-06,5.465952124212409e-06,6.977601265610004e-06,5.970456390642185e-06,6.511693877456788e-06,1.2424905614313492e-05,6.0081369146888826e-06,9.749578953023832e-06
2021-05-22,6.442070232175883e-06,1.6352982598196563e-05,1.3911257274955225e-05,7.7732531686371e-06,4.047624978205096e-05,1.0759053499734827e-05,2.859109285027016e-06,7.184521225347728e-06,7.415818715862e-06,9.239251266031103e-06,4.321862139633335e-06,8.488334732053191e-06,5.719219436917762e-06,6.413709946381385e-06,8.417196332106494e-06,3.885316752214277e-06,1.2453847136431391e-05
2021-05-23,6.192819616320505e-06,1.2135801350801374e-05,1.4286455660091247e-05,1.3364104183215187e-05,2.1143548838954875e-05,1.4290021266963353e-05,3.1111099876547265e-06,6.9034065373034844e-06,5.0866891287665295e-06,9.91983539446611e-06,5.791612576849913e-06,7.694816378760472e-06,4.985841134481985e-06,1.2355836730467678e-05,9.61749614899425e-06,3.799201822235347e-06,1.022538800234775e-05
2021-05-24,1.2159749820243474e-05,1.4401842654742917e-05,1.5358559012908775e-05,7.895744588454053e-06,3.0858546480171325e-05,9.358286433214172e-06,4.0218540715726e-06,7.195104615279298e-06,6.587721079023133e-06,9.541553876745388e-06,1.0301888990904091e-05,7.566478187178647e-06,6.033819830319981e-06,7.813126152751153e-06,7.406757097361604e-06,4.5226249634532e-06,1.2292200353031995e-05
2021-05-25,7.577995096611797e-06,1.1624948641340182e-05,1.4595487229798147e-05,9.234272790362829e-06,1.376091781390128e-05,1.1200404585543564e-05,3.801521043664078e-06,6.087750348935219e-06,7.297161708143936e-06,1.108047475819674e-05,8.508474861133287e-06,9.591744370863468e-06,6.9973371777151105e-06,6.705480221347902e-06,1.2032767075942727e-05,2.9746822092910683e-06,1.4711786035008407e-05
2021-05-26,7.704802667966176e-06,1.5159957464756632e-05,1.4154405719713915e-05,7.450204694373978e-06,3.3719855440996204e-05,1.274616062539547e-05,4.478635592623978e-06,5.938546284824967e-06,6.974806875910603e-06,9.313995643801902e-06,7.2545599675165166e-06,7.495423902284563e-06,6.916913554047561e-06,7.456810922530935e-06,9.496212667461846e-06,3.4507335632149293e-06,1.2131899658086055e-05
2021-05-27,6.971269279214347e-06,7.508073055552983e-06,1.4306195421119353e-05,1.4987748528263856e-05,3.0118062806200306e-05,1.1150060109551454e-05,4.632086350983188e-06,6.878464726673006e-06,6.722786003700746e-06,8.598818332448569e-06,7.2295679121156715e-06,8.148064714805753e-06,6.6746932202884725e-06,5.721224171666529e-06,1.5450465025409296e-05,6.261513684407709e-06,1.2103642856748504e-05
2021-05-28,7.352709504088546e-06,1.4601631002182944e-05,1.3376986760347508e-05,8.22572950124015e-06,2.704476892703567e-05,1.189901862250655e-05,4.205756766260915e-06,6.592919227681363e-06,7.239605038306904e-06,8.399094117429806e-06,6.854521577062418e-06,6.733731500442939e-06,6.728905645449883e-06,5.789407215863299e-06,1.5290700543445398e-05,2.4516133250087443e-06,1.545445856374346e-05
2021-05-29,7.178462434404737e-06,1.2018248815850894e-05,1.559535930477723e-05,8.8043928050502e-06,3.866766687031638e-05,1.3431871771696597e-05,3.210031622544077e-06,7.083252304011274e-06,8.2601473628544e-06,6.698186575790942e-06,6.326840990216896e-06,6.8835399685987654e-06,5.21076923502292e-06,6.311752443601533e-06,1.3837815869472621e-05,5.728959124513198e-06,1.3557262545120983e-05
2021-05-30,6.459823507797533e-06,1.4866053063996622e-05,1.4342223549591281e-05,7.406460112015303e-06,1.8657296557728784e-05,1.1475487617586311e-05,3.869004992069397e-06,6.145182095903519e-06,7.931548565143206e-06,6.601483282200613e-06,6.335870389952992e-06,8.796753781793899e-06,7.654650835040046e-06,5.36485179400644e-06,1.138123948001393e-05,7.68740986094144e-06,1.1832374985376971e-05
2021-05-31,6.550663279851944e-06,1.2118168561639845e-05,1.3743067872523083e-05,8.645803478293197e-06,4.827916271337291e-05,1.0055116596863732e-05,3.689987241326468e-06,6.918359103045323e-06,8.222285614766237e-06,6.887763519692009e-06,7.857193000853558e-06,7.2286347909975786e-06,7.46893783660492e-06,7.099853274164317e-06,9.770710528148482e-06,3.61503026296763e-06,9.422536408910502e-06
2021-06-01,6.654176583768161e-06,1.5610348330670072e-05,1.3315726528573706e-05,6.616085120660852e-06,3.270874173831698e-05,1.2418440561067982e-05,4.210987189074766e-06,6.418926004115085e-06,8.957787513452987e-06,7.962102666195386e-06,7.834019071136026e-06,1.1270569384403088e-05,9.132925965126915e-06,6.6384338500645986e-06,1.3544589527520389e-05,4.673441703176632e-06,1.449251558186967e-05
2021-06-02,6.524071796848125e-06,1.8161908541944265e-05,1.4343894795280678e-05,1.056339645345446e-05,3.539768189430694e-05,1.0797025326568008e-05,4.722012109558634e-06,7.470740621349303e-06,7.499164605773365e-06,7.005791227525984e-06,8.380494388702075e-06,9.480135774193735e-06,7.26938912456385e-06,9.209701933414398e-06,1.0979757962215481e-05,2.870461799894367e-06,1.0140161170618834e-05
2021-06-03,6.2624465103119376e-06,1.5977810446507298e-05,1.4660446057894018e-05,1.029490215163455e-05,1.3376733401703304e-05,1.1799299186638226e-05,4.850750712263251e-06,9.254105663658048e-06,6.4203076690051e-06,9.385909459503254e-06,6.2887630181324956e-06,9.40358873372247e-06,4.165596195227747e-06,8.739128281664046e-06,1.0769310597686949e-05,2.484913188428256e-06,9.972867002072316e-06
2021-06-04,6.09927782840044e-06,1.047310963643909e-05,1.281809908708896e-05,1.817962107253348e-05,3.2017075773746e-05,1.111598741926747e-05,4.3688931372420284e-06,7.759359683530989e-06,7.162533454814646e-06,8.421267986605478e-06,9.549929688004308e-06,7.76670960019198e-06,8.359898630257752e-06,8.530149042679551e-06,1.1875598021186067e-05,2.6480099122232858e-06,1.83495273719203e-05
2021-06-05,7.348232261408264e-06,1.6219141240705328e-05,1.4644641541239467e-05,9.425527560242586e-06,3.7308328462523784e-05,1.585192373432727e-05,4.522170823904266e-06,5.96604804348769e-06,6.784467639785475e-06,6.7763604881119454e-06,5.226663730443131e-06,6.855704138660044e-06,8.77175776644732e-06,6.962878437562845e-06,9.013002679470823e-06,2.915099193537808e-06,1.1060872899509511e-05
2021-06-06,7.928956801674775e-06,1.4352033803747074e-05,1.9429410249517934e-05,8.157509861846744e-06,2.823121996511876e-05,1.9068654481628694e-05,3.9651132514445325e-06,7.1595942285651775e-06,1.1164493018940665e-05,6.630888636961899e-06,6.6098025671132054e-06,1.0188346133049612e-05,7.406954163835386e-06,6.327204249666734e-06,1.1747077068391483e-05,5.34290110730054e-06,1.1075328229658007e-05
2021-06-07,8.243579540974488e-06,1.0628393902614005e-05,1.657646740468471e-05,7.342018124995411e-06,3.074294723851476e-05,1.4050367021535479e-05,5.004989922544506e-06,6.058062247089796e-06,1.73594796807927e-05,9.117109384001364e-06,7.343892398706705e-06,9.702461878420875e-06,8.910238052209383e-06,9.325760995612838e-06,1.2170324844340397e-05,2.8981737520373255e-06,2.019345328244583e-05
2021-06-08,8.330116959292676e-06,1.060367459246133e-05,1.5453651444995298e-05,5.477042974372916e-06,1.7875537104028924e-05,1.2697548734821676e-05,5.126588762737527e-06,6.735863114609803e-06,7.571431867529511e-06,7.734387928119357e-06,6.909989403147362e-06,7.358040694661663e-06,6.429395539306806e-06,7.707870639604422e-06,1.3895209279220757e-05,4.086676461716599e-06,1.5925536805992802e-05
2021-06-09,9.428831755015357e-06,1.6178695066589127e-05,1.552064770324718e-05,9.14130631298614e-06,3.9347844201053594e-05,9.239212234781005e-06,4.8554684299373835e-06,7.136206332804588e-06,7.537130131998587e-06,6.061794669625149e-06,7.637159777432523e-06,1.0900506905631427e-05,7.75230786751153e-06,6.438177130142819e-06,1.0441333304842253e-05,1.86231491952213e-06,1.3998380853947894e-05
2021-06-10,9.104529615572531e-06,1.3203267605605194e-05,1.3649273927480961e-05,1.3738056477150177e-05,3.4414353735309374e-05,1.0952828273566686e-05,5.0931231392085715e-06,6.304610102851117e-06,7.241408464496741e-06,7.015948913552616e-06,6.657688347155633e-06,9.65752421041414e-06,7.602404662315846e-06,5.5121603079533725e-06,1.4439411860728692e-05,2.625760814195913e-06,1.1542083614622547e-05
2021-06-11,8.347514703085804e-06,1.31511567113305e-05,1.5542379310949062e-05,1.2330926187075844e-05,1.7445664025586974e-05,1.1586819319884604e-05,4.834945796468069e-06,6.2318538986366705e-06,6.9129751776515434e-06,8.353000324944369e-06,6.929401867889568e-06,6.949676445177319e-06,5.9370883285749095e-06,6.4019052069896e-06,1.0135965322143228e-05,4.180266878073418e-06,1.041953203797711e-05
2021-06-12,1.6112089374006836e-05,3.954279404820114e-05,2.423563896681909e-05,5.9890414469524135e-05,5.124788602470148e-05,4.0574985882834126e-05,3.496069675712877e-06,1.6468453858664168e-05,1.3250520010105341e-05,1.6443490520586668e-05,6.322787414065232e-06,1.5974315805959047e-05,1.8260667722762374e-05,1.0205143800681296e-05,1.631161304035669e-05,1.070318004070986e-05,5.00065418040679e-05
2021-06-13,1.1095943352428074e-05,1.7188761490712943e-05,1.638352626012454e-05,1.9377677579805582e-05,1.277016888548351e-05,1.5128092578992098e-05,4.918656804477093e-06,1.0039553513795526e-05,7.077396771205283e-06,1.4562738162675336e-05,6.831997020699071e-06,1.2407803573834166e-05,9.961594731777421e-06,7.452845116969077e-06,1.2930650336117335e-05,5.684230940272107e-06,1.5143353037191268e-05
2021-06-14,1.0042053138585539e-05,1.6512748400467176e-05,1.5495936283685222e-05,1.1317487593204226e-05,2.396242691459791e-05,1.279600022343785e-05,4.221678094823334e-06,8.136071517153446e-06,8.838819703300465e-06,1.181392951955051e-05,6.034989221600689e-06,1.0294311138476821e-05,6.828315659376302e-06,9.27959717130178e-06,1.1173296459934839e-05,4.281103689936784e-06,1.2207374518544419e-05
2021-06-15,9.435196583448105e-06,1.3583422074086034e-05,1.5514063309705695e-05,1.5130628661409494e-05,2.3258045103163968e-05,1.0583413313615383e-05,5.848633397999106e-06,7.643040426136486e-06,6.507714197926549e-06,9.426289362897566e-06,5.519287221818846e-06,9.873049319730168e-06,6.7702886206278446e-06,1.0087076689522302e-05,9.780555349474748e-06,3.1324743329324716e-06,1.0530375526354239e-05
2021-06-16,1.3588131133072706e-05,2.3082761117433812e-05,2.305825946209847e-05,1.3115329938933883e-05,2.286401139281025e-05,1.5903138108815013e-05,5.000635795122523e-06,1.3320146700047515e-05,1.4872327524039612e-05,1.7868008956014897e-05,7.977570745580861e-06,1.5420254739256065e-05,9.635316412841774e-06,1.534221666619314e-05,1.5337986475614227e-05,1.2016486619642149e-05,3.804543558639336e-05
2021-06-17,1.0127779102038848e-05,1.2649596783901226e-05,1.6781236877587787e-05,1.690395348498317e-05,3.264062670003264e-05,1.4580425129204786e-05,5.373137248931808e-06,6.582303685403352e-06,9.639832958248081e-06,8.726375329301238e-06,6.778473287325639e-06,1.0538321245425604e-05,8.820075362643931e-06,9.682594289763371e-06,1.228235479311376e-05,7.107977282904604e-06,2.017141758364396e-05
2021-06-18,8.653450273241564e-06,1.4381282013632592e-05,1.340305662961198e-05,1.5641517279314484e-05,2.539800794957649e-05,1.2151377916890803e-05,5.712510465603445e-06,6.867136124191052e-06,9.879796468288916e-06,1.0025689354605095e-05,7.083346344409658e-06,8.787007335686624e-06,9.40714325035149e-06,1.0378252717372504e-05,1.118283440120733e-05,5.312813476748306e-06,1.9086334796933178e-05
2021-06-19,7.798761693295514e-06,1.1650979797057192e-05,1.550379965005578e-05,4.705550196456721e-06,5.405166356279084e-05,1.1192676994239785e-05,7.260164398563865e-06,8.225642815119849e-06,7.4812309118593645e-06,7.698949823421932e-06,7.513464415371113e-06,7.106517458226114e-06,8.420926221336357e-06,6.8923561660213875e-06,6.6701713888186185e-06,4.270696685868194e-06,1.3579836302865079e-05
2021-06-20,7.933854688101351e-06,1.1135439985360609e-05,1.5239370139995417e-05,1.1104664236595976e-05,3.5604927721996724e-05,1.1003091353905939e-05,4.351218702131795e-06,7.543233822795534e-06,6.7315400627169716e-06,7.5445203597296945e-06,5.705725023257732e-06,8.174559872079358e-06,9.150124051959601e-06,5.8014743951927566e-06,1.181872709127262e-05,3.563324553301634e-06,1.3903758185837632e-05
2021-06-21,1.1960650621827277e-05,1.7117583142500378e-05,1.591102790798538e-05,1.190616355629168e-05,8.646741691562078e-06,1.580348826754711e-05,4.4477493693230385e-06,1.5231399772503028e-05,2.3694165956815832e-05,2.851751748448745e-05,5.931990016931594e-06,1.6263319404477903e-05,1.3285789969228574e-05,9.815625565465385e-06,1.956767790366317e-05,7.919824971868122e-06,4.177921491585723e-05
2021-06-22,1.1240054220630141e-05,1.217899482071516e-05,1.4509725262466853e-05,2.175903792724648e-05,2.6266022273586888e-05,1.2248127105295283e-05,5.8414538912516e-06,9.185795073375966e-06,9.178800232964473e-06,1.09473019690091e-05,7.1765735487363e-06,1.5430938215232856e-05,1.047207081822343e-05,1.080045191524718e-05,3.632841528507388e-05,5.698813674605114e-06,2.2409972975813587e-05
2021-06-23,1.0480255210178836e-05,1.6171892119463922e-05,1.4219779050246826e-05,1.3519925473020344e-05,4.598085524390754e-05,1.3758833840157582e-05,5.58165031071881e-06,1.1365706545900082e-05,1.504657336322461e-05,9.920282593138062e-06,5.7806696413706e-06,1.2173702861084818e-05,1.4285937962685816e-05,8.457973913493958e-06,3.3259962848125084e-05,8.997267829669057e-06,2.1144002039118263e-05
2021-06-24,9.083678460285558e-06,1.5066755313976114e-05,1.5785782320303745e-05,1.4416927944880651e-05,2.4584320120627066e-05,1.4712893755583269e-05,4.388956725138286e-06,1.5962374057626393e-05,1.1954442494369264e-05,9.858158652613885e-06,7.638223196520025e-06,9.813387914462305e-06,1.0107742660162766e-05,8.58159688806778e-06,2.7758997451777418e-05,4.508552203312121e-06,1.4494104522985275e-05
2021-06-25,8.702535191587598e-06,1.292787263866596e-05,1.3731296407634822e-05,1.4228916303267633e-05,4.032239998924736e-05,1.1257957166296639e-05,4.3102624819153205e-06,1.1804356325724226e-05,1.1463628054457183e-05,8.963397326773454e-06,6.222961355409983e-06,1.610629203318371e-05,1.0066323568713032e-05,1.262238264001641e-05,1.8806760809254917e-05,4.760687560469887e-06,1.291718548664034e-05
2021-06-26,8.265005865254945e-06,1.1706620386494072e-05,1.5353244931720658e-05,1.1815542502194315e-05,3.151421291002242e-05,1.0520545191924383e-05,3.4543140396608393e-06,1.2752882798966616e-05,7.884260264553591e-06,8.02287515361904e-06,6.131142510670742e-06,1.3327189157408969e-05,8.095768898181032e-06,1.2911344028381868e-05,1.4313961867033027e-05,8.027403261189913e-06,1.5962034301414086e-05
2021-06-27,8.343843097302406e-06,1.066761534017971e-05,1.474832717099063e-05,1.238156261510984e-05,4.6998504593035676e-05,1.2378640304914214e-05,3.6441766429101055e-06,1.0634242382622125e-05,9.466570529353174e-06,6.561835920740872e-06,4.761792957430796e-06,9.092952275725763e-06,8.122481607655709e-06,9.040870865717018e-06,1.3164881362477455e-05,4.545964244475896e-06,1.4374466347936833e-05
2021-06-28,9.167607117277178e-06,1.3844040907240718e-05,1.3722826860905946e-05,4.4973364524860154e-06,3.65221758086238e-05,1.2294341539725275e-05,4.689311058960398e-06,8.605171844149468e-06,9.246868522921621e-06,7.664493931668866e-06,6.9264740251169445e-06,1.0534363352296914e-05,8.848386731215115e-06,8.862407393673268e-06,1.1399925045492826e-05,5.570574831098431e-06,1.5967187654260462e-05
2021-06-29,9.144862759969924e-06,1.2299378615825136e-05,1.5000310441207392e-05,1.072463690401182e-05,4.2263243656991514e-05,1.1561748845453162e-05,5.694830110994739e-06,9.856168545893364e-06,1.0866474919863353e-05,8.451215876428142e-06,5.95017914997724e-06,9.891655139417673e-06,1.004684804234603e-05,1.5849722256925864e-05,1.4245931504421652e-05,6.488909258751404e-06,2.1931404108513817e-05
2021-06-30,9.624794065716985e-06,1.0790475721861245e-05,1.267718172486459e-05,1.6346407379479006e-05,2.4682947538863302e-05,1.0235029346161609e-05,4.584082210013538e-06,9.000907349531203e-06,1.0180593752189577e-05,8.151210852097443e-06,7.226922292440062e-06,1.130376352526705e-05,8.847260573675562e-06,1.6279165141799356e-05,1.6308574841087762e-05,7.507263277220711e-06,1.8992341396950017e-05
2021-07-01,9.304620463688773e-06,1.2944004524073404e-05,1.4408323075671391e-05,1.2565190190686682e-05,3.274976373384735e-05,1.2360507273781247e-05,4.3029603579793024e-06,7.72253771769609e-06,9.388620636543405e-06,8.986757597906057e-06,8.176034948085188e-06,1.2464082376700382e-05,8.620736636991184e-06,1.163289903319605e-05,1.242228309140937e-05,7.262819654850059e-06,1.7329850354335266e-05
2021-07-02,9.687070559895848e-06,1.3408944564855498e-05,1.3759464824317595e-05,1.976502789595144e-05,1.934675675806397e-05,1.0461163463211151e-05,4.184476391442332e-06,7.564549349303796e-06,7.818764737021249e-06,7.389240041996218e-06,6.76022365523941e-06,1.1728072901701157e-05,8.10695901361729e-06,1.5453985299740756e-05,1.115752217013262e-05,6.043135904083347e-06,9.749059215785676e-06
2021-07-03,6.681988833723535e-06,2.1403095193323457e-05,1.5109944449148253e-05,1.7795063507022644e-05,2.8330885859582685e-05,9.622350134614263e-06,3.2861740617571986e-06,7.463897166175177e-06,9.309215986477525e-06,8.622732657580268e-06,5.5725188446914616e-06,1.2179494429186244e-05,1.2908572316169129e-05,1.1355625486020771e-05,1.137870290846758e-05,6.172458490216653e-06,9.067869572665618e-06
2021-07-04,7.164654953419857e-06,1.6429438945947398e-05,1.4187664831616415e-05,1.970519666805509e-05,0.00015797233728849258,9.84871711730751e-06,4.3037660401545825e-06,8.937543084415708e-06,1.1012772622641213e-05,1.004643046484302e-05,6.6936141223616915e-06,1.2656943843490742e-05,1.0145492269134891e-05,1.207859663617123e-05,9.694538615489123e-06,9.337413783156573e-06,1.4892766834857045e-05
2021-07-05,6.921295585209321e-06,1.6861022945066494e-05,1.4429476680470192e-05,1.024832984249598e-05,2.632514182670159e-05,1.223702869075593e-05,3.6793923584362646e-06,7.442646357373425e-06,9.267382228357187e-06,9.3672110972757e-06,7.296423365202946e-06,1.0391075550541449e-05,8.869291860031857e-06,1.1475933179665124e-05,1.2442208290079053e-05,9.840001574400252e-06,1.9182396041118835e-05
2021-07-06,7.1521261377341564e-06,1.5762592074483502e-05,1.307412085186305e-05,8.858208553865818e-06,5.308157500616125e-05,1.1381572516339221e-05,4.355002373476293e-06,7.74211660556662e-06,8.11530965545788e-06,9.732465676786055e-06,5.654399310286653e-06,1.2869177639325853e-05,1.0377188027819967e-05,9.31595497027985e-06,1.0148247859903664e-05,5.316465751171264e-06,1.6500166588220362e-05
2021-07-07,7.3496250202658816e-06,1.4124931417918777e-05,1.444010372621691e-05,8.818308824733592e-06,4.0198132126793844e-05,1.2198135705219923e-05,4.751394464401854e-06,8.198086306792127e-06,9.957195800036024e-06,8.572133101760096e-06,7.215259266326483e-06,1.0415697550739893e-05,1.0457450330408324e-05,7.1017662388542955e-06,6.73555698124845e-06,7.970609493378497e-06,1.2948265545755763e-05
2021-07-08,7.40749206533248e-06,1.6254993375730575e-05,1.433164868215372e-05,1.4190886342488257e-05,3.6778734535691466e-05,1.0388963526031779e-05,3.6015526903141477e-06,6.236490596405756e-06,8.573451877588454e-06,9.647079177475975e-06,7.721905736513239e-06,1.5549742344186884e-05,9.519955154369394e-06,9.231607176651419e-06,1.681713497882993e-05,8.840912205321345e-06,1.3832250660874199e-05
2021-07-09,7.87501719414227e-06,1.480033469271721e-05,1.6401059458233677e-05,1.6658915643415912e-05,4.2143118028825896e-05,1.2232863926522087e-05,5.296569760297012e-06,7.915446322884907e-06,9.29946651194571e-06,9.188802458252822e-06,6.7397031220084146e-06,1.2590102904170192e-05,9.848425932875166e-06,9.469398981617129e-06,1.4615250422987114e-05,3.889867478698113e-06,1.0115427401447855e-05
2021-07-10,6.827959774594651e-06,1.612762425298768e-05,1.351763349459497e-05,1.2494328746092593e-05,3.806297519245592e-05,1.0872469403830117e-05,4.3972207955832594e-06,7.911130394276002e-06,7.756928085009399e-06,6.9319354603158475e-06,5.280807443582443e-06,1.12191799080898e-05,6.7846065515795475e-06,6.788329268206299e-06,1.609559111952586e-05,3.6598885530663877e-06,1.6220828954884936e-05
2021-07-11,5.929764694685652e-06,1.5347267944291308e-05,1.3684646495574183e-05,4.563408892519334e-06,2.052444050375187e-05,1.0500451519415335e-05,3.6948317661555754e-06,7.330929173212038e-06,8.995853173702064e-06,6.808508690575021e-06,9.5229964572539e-06,1.297407892553868e-05,5.462411702176122e-06,5.50340957390063e-06,1.3120739618664999e-05,5.70494228658524e-06,1.1457940513589117e-05
2021-07-12,7.990070736676741e-06,1.1873088829618552e-05,1.2428660664002569e-05,1.5207284410891092e-05,4.555393586005831e-05,1.0533511879376158e-05,5.225330266999526e-06,7.642296983465239e-06,7.5414585793636e-06,6.437127588972121e-06,7.97367000356939e-06,8.841636763797713e-06,9.746745044033967e-06,8.485662133983247e-06,1.4823036659148423e-05,5.860247290098279e-06,1.1754364807055628e-05
2021-07-13,9.234419764480987e-06,1.3621395909060083e-05,1.7063863642665632e-05,1.431753300191357e-05,4.5565144487073166e-05,1.2608269596847097e-05,4.563921223157603e-06,9.19051809773073e-06,9.125928249344695e-06,7.295890782294475e-06,5.380555216829183e-06,1.4155646046833618e-05,9.488692131731615e-06,8.265133895169101e-06,1.9197829365426416e-05,5.574755862369254e-06,1.4290228927124751e-05
2021-07-14,9.45394112378837e-06,1.9501964158049235e-05,1.3227917215891543e-05,1.6718321994881623e-05,5.568833097431376e-05,1.3113945056594218e-05,4.279211083525893e-06,9.289853453788729e-06,8.133293002808683e-06,9.89282727624641e-06,5.7009225060696e-06,8.150367694300864e-06,1.224951938803062e-05,7.887310954807528e-06,1.3308700888185557e-05,1.0599352144042841e-05,1.2388547740579046e-05
2021-07-15,9.181383131728087e-06,1.5827283218730982e-05,1.3406661542613541e-05,1.2872108522172529e-05,4.058075570385066e-05,1.0930889394672102e-05,3.904894133981257e-06,7.116051645513637e-06,8.169110550730052e-06,6.258687596239546e-06,7.85572128117604e-06,9.694235167257582e-06,8.675841079413443e-06,9.546273572334899e-06,1.227355681067535e-05,1.115318667088531e-05,1.1195875351709642e-05
2021-07-16,9.834166571700114e-06,1.6240645239345393e-05,1.5206494851832859e-05,1.3178112736118834e-05,3.911750899702707e-05,1.1690838154250472e-05,5.398201762393546e-06,7.695300918924036e-06,9.380698869126492e-06,9.030374010305741e-06,6.6812781624491274e-06,9.972013465067325e-06,7.897077280575815e-06,8.451243546707257e-06,1.4908259110728826e-05,2.656891667013539e-06,1.3897615534900935e-05
2021-07-17,8.571672090324686e-06,2.0193358946750566e-05,1.532524055625685e-05,1.9782243154202585e-05,4.01792889158735e-05,1.1274957563631212e-05,3.5684266904042736e-06,8.143251566487473e-06,8.087771628462382e-06,8.06669671881712e-06,7.056249476492283e-06,9.407610988353708e-06,1.1658645795945861e-05,7.815561501982104e-06,1.3596558387344582e-05,6.087850892510982e-06,1.1494457059320803e-05
2021-07-18,9.096175256633037e-06,1.5072230415942886e-05,1.6878736605667582e-05,1.4563036101766497e-05,3.0118537960114452e-05,1.0722403591559036e-05,3.814439997031094e-06,7.760305648592169e-06,7.926769183683272e-06,1.2402102755753167e-05,5.136284962263714e-06,1.095326427496805e-05,9.930595181853746e-06,9.395870577520317e-06,1.4140354080614159e-05,5.337918605415385e-06,1.081347669495958e-05
2021-07-19,9.200329293224087e-06,1.8388453452257006e-05,1.3173679085873977e-05,1.5693383920433287e-05,4.5586747020906085e-05,1.0686532449114234e-05,5.343688719899471e-06,8.217743485969584e-06,8.547907381909316e-06,9.00423497071119e-06,7.566075385595768e-06,1.0247129501138473e-05,8.99534330352912e-06,8.453909286569622e-06,1.737636235507631e-05,5.757421964622369e-06,1.326659417537553e-05
2021-07-20,9.169245379300322e-06,1.607179592676404e-05,1.2888159028210113e-05,1.6007792100647146e-05,6.024319715281382e-05,1.5963593368723313e-05,5.123895800455002e-06,8.370924352315896e-06,1.1427198988147267e-05,9.280040564509287e-06,6.606243242783928e-06,1.2026254019952262e-05,1.1314992528297001e-05,9.348593659893763e-06,1.5606337421500123e-05,5.604116784189666e-06,1.642308287037084e-05
2021-07-21,9.851095584616932e-06,2.078005352348072e-05,1.5468560354079813e-05,1.4149875481095766e-05,2.3777254678174857e-05,1.4193634797161227e-05,5.031403595387101e-06,8.028764816282592e-06,1.0489563112736808e-05,8.608715092322509e-06,5.475617907836277e-06,1.0148253521176913e-05,7.298587048014572e-06,7.03116997549797e-06,2.1628014929140813e-05,6.14736572015053e-06,1.353803814003795e-05
2021-07-22,9.19315729935403e-06,1.615155792148713e-05,1.4077415884063968e-05,1.784692100952761e-05,3.819673226955434e-05,1.1720851969976335e-05,6.722527513576852e-06,7.235601077779973e-06,8.730097995599433e-06,1.035376960377727e-05,6.198199402062855e-06,9.111211801682561e-06,8.601458192919649e-06,8.708150462173628e-06,1.765116549428437e-05,4.067240639055018e-06,1.7298049657435942e-05
2021-07-23,1.021031282486127e-05,1.7140277657721954e-05,1.5225827571309211e-05,1.3056992397394374e-05,5.1445381373965834e-05,1.2486720588619297e-05,1.0512864399791444e-05,9.420893884558627e-06,8.195813006464265e-06,1.0682235539409195e-05,1.0311529653455763e-05,1.0629969613005327e-05,1.020885355090222e-05,8.932988236865358e-06,9.657088493169365e-06,3.658296310503648e-06,1.521657901836641e-05
2021-07-24,9.083722724952204e-06,1.246525118866173e-05,1.6106633906028287e-05,9.83657662920192e-06,3.9958443219052184e-05,1.176793222317122e-05,6.1393200885522255e-06,9.28931043472194e-06,1.038007933514221e-05,9.259556231070749e-06,7.947239359469437e-06,1.1893424573711222e-05,1.0186339401189093e-05,1.327668613913967e-05,1.3095321127165531e-05,5.082604278596077e-06,1.2679250067641534e-05
2021-07-25,8.488147251361035e-06,1.4137434278764524e-05,1.8136818244392747e-05,1.4500829654610953e-05,5.1582649472450174e-05,1.3081694747642536e-05,8.529126632184498e-06,8.944890964882468e-06,7.377935208448586e-06,7.598943424484578e-06,5.139850791496085e-06,1.4540310674509433e-05,6.8414493054485834e-06,1.1567627016993734e-05,9.72025863050253e-06,6.405386673977348e-06,1.1964935313021273e-05
2021-07-26,8.584985865120893e-06,1.7360156704347852e-05,1.4727476126820265e-05,6.892817934360321e-06,3.336431448249565e-05,1.116870490833576e-05,5.865001154179705e-06,7.845891483371204e-06,8.132187600511644e-06,8.341141917380175e-06,5.7906869347143475e-06,1.1111177738984677e-05,1.0004383363844983e-05,8.127700014419142e-06,1.834350460939726e-05,5.706690381135584e-06,2.227827152439073e-05
2021-07-27,8.541414732217619e-06,1.773968641098533e-05,1.5775693637777994e-05,1.041505845911048e-05,2.6773283832506336e-05,1.2759766674397656e-05,5.119784322827887e-06,9.42883430752168e-06,8.935935926207225e-06,9.344541263926346e-06,5.110178016567385e-06,9.903214322758264e-06,8.712463969909176e-06,6.650031512081142e-06,9.460703714967918e-06,5.771114372175473e-06,1.0969966745002894e-05
2021-07-28,9.258775093709252e-06,1.6198680108608567e-05,1.550225302706207e-05,9.249963616809773e-06,5.722788142382969e-05,1.2482618226270026e-05,5.5580402385977025e-06,7.091866470204146e-06,8.066569889971512e-06,8.042982211690134e-06,6.42385332060963e-06,1.1571436085348108e-05,1.2094462758751127e-05,1.3571606004383476e-05,1.1879976596446104e-05,2.9189213462963377e-06,1.3218023549960026e-05
2021-07-29,9.366168506749945e-06,1.8963528207725593e-05,1.464792155423999e-05,1.6612601169143755e-05,3.263220705601552e-05,1.3420795744143662e-05,5.917932560056812e-06,9.216375023982298e-06,9.240084627379334e-06,8.770394578103092e-06,5.018055591274354e-06,1.1322951707610968e-05,9.013643368731501e-06,1.3058728990798104e-05,8.318894791798143e-06,1.1175294552826177e-05,1.659613703572603e-05
2021-07-30,9.585050428381837e-06,1.4598247939351955e-05,1.4451400483610683e-05,2.5239089209948294e-05,0.00011828720132481665,1.209589863308125e-05,5.613285865899012e-06,9.241622098418301e-06,8.991050240180759e-06,1.0953992008892737e-05,5.925005733035547e-06,1.364872725618336e-05,1.138004043328366e-05,6.646816901216862e-06,1.6456748373923653e-05,5.96703998059996e-06,1.2036128505612248e-05
2021-07-31,9.457391804204104e-06,1.3726149155421187e-05,1.403439451124409e-05,1.9750225481740916e-05,7.174405309059928e-05,1.3669940946614552e-05,6.45660732768365e-06,1.0033689401076785e-05,8.483444949479124e-06,8.7520282014984e-06,5.871239653098908e-06,1.2605963629273738e-05,1.0657409576118489e-05,8.821087122737802e-06,1.1977929032403837e-05,6.81712144592782e-06,1.1555224020486129e-05
2021-08-01,9.05787404136877e-06,1.486565742789285e-05,1.4373197735752666e-05,1.5332720024532352e-05,5.052695402468242e-05,1.3653960936271789e-05,8.160560433522738e-06,1.1635128564028094e-05,8.406413305250659e-06,1.1623395712392111e-05,5.345955445279903e-06,1.310825765039311e-05,1.1591196212502876e-05,7.334705534493745e-06,1.526690977658083e-05,7.437233468145585e-06,1.5134769299547354e-05
2021-08-02,1.0607199692871898e-05,1.7231346361361106e-05,1.5017678036235233e-05,1.1330802787377486e-05,4.381602527308338e-05,1.3622137229339867e-05,6.150899076918073e-06,9.342434345073142e-06,1.004288688133353e-05,1.0355009132706208e-05,6.71657419538582e-06,1.406927842067013e-05,9.642503125242401e-06,8.86152560335718e-06,9.818221430602575e-05,8.876167757919245e-06,1.5994194764596127e-05
2021-08-03,1.0461560580793438e-05,1.711670014315911e-05,1.5145331285979037e-05,2.0637505441529755e-05,4.6133973057759734e-05,1.4123227858336478e-05,5.494900297135983e-06,1.0469999696475767e-05,9.802943349848915e-06,1.0134285924037857e-05,1.012002400097937e-05,2.028670383872358e-05,8.45387661679117e-06,8.81668721794473e-06,2.1204626094180494e-05,3.0009309316454383e-06,1.97364973433994e-05
2021-08-04,1.1315609128696848e-05,1.6249191307888235e-05,1.5195066568402604e-05,1.2878702857048237e-05,5.1945844096354816e-05,1.3396739619521461e-05,5.687084679352738e-06,9.581251064707586e-06,9.787138918328163e-06,1.1552395457153308e-05,8.289423011769858e-06,1.969229384278235e-05,1.030719697372196e-05,8.612528002460364e-06,1.1869088917693666e-05,6.7018158894433865e-06,1.6733654046627195e-05
2021-08-05,1.1372652870490655e-05,2.0955365876658328e-05,1.5035995778208933e-05,1.3762859672006031e-05,4.761564650144037e-05,1.4157122562591991e-05,5.281441735334365e-06,9.99951741459434e-06,1.0393121214410934e-05,9.95211172253461e-06,8.899957411086154e-06,1.6914330727116874e-05,1.1573161238996924e-05,1.0827806507734637e-05,2.438887224707018e-05,5.748178490669822e-06,1.4728220810842113e-05
2021-08-06,1.1147783201495063e-05,1.4200193524524203e-05,1.6071479560348127e-05,1.1107466700468213e-05,7.023458350891979e-05,1.3678295703842189e-05,6.829651520431213e-06,1.0612885012726365e-05,8.959345350166482e-06,1.3341945527555386e-05,8.083265453275186e-06,1.6346174615675163e-05,1.1019872315663117e-05,1.0493304332137202e-05,1.6688254778473153e-05,4.503525430815539e-06,6.16861656350655e-05
2021-08-07,1.0382946028854956e-05,1.785345338340939e-05,1.4113500773218222e-05,1.6560642552931053e-05,2.9246729588916325e-05,1.3241340292902886e-05,6.182770443378559e-06,9.75299248748225e-06,8.748988426254844e-06,1.3986568531426985e-05,9.093660281071322e-06,1.4857107129337618e-05,1.2278037474105126e-05,6.781085194753504e-06,1.4395977383647908e-05,5.434286745574417e-06,2.127757737296075e-05
2021-08-08,1.1539140007139795e-05,1.6503665861721444e-05,1.4901284633727553e-05,1.5265452952537715e-05,4.456707141670617e-05,1.4446496018478131e-05,9.707759376768908e-06,1.1917344088229122e-05,9.263277614646e-06,1.2158155888687715e-05,9.270594456590104e-06,1.1304977518796096e-05,1.024650073646724e-05,6.40488749517213e-06,1.451830890737847e-05,5.114957157720607e-06,1.7273370591807965e-05
2021-08-09,1.1053643550876019e-05,1.7830218915948785e-05,1.695199861915425e-05,1.4781938688213806e-05,4.74508129186995e-05,1.476087805403993e-05,6.810033456068093e-06,1.0520908887475487e-05,9.650744726786005e-06,1.2246327793588789e-05,8.900002162907502e-06,1.3396183478198645e-05,1.0557175309630977e-05,9.625610380258234e-06,1.785372843442383e-05,5.474485022037083e-06,2.593935751739182e-05
2021-08-10,1.0754083742575e-05,2.2703550343604496e-05,1.6117069310225956e-05,8.360257650278846e-06,1.4387868149576277e-05,1.5718890643194708e-05,5.354105776494527e-06,9.332237329381108e-06,8.126091399373885e-06,1.0453094176799275e-05,9.926067167056608e-06,1.0303830522595564e-05,9.70416488148293e-06,7.038642606954087e-06,1.8010250737548815e-05,4.498081568211158e-06,1.343582479057468e-05
2021-08-11,1.1163294496173705e-05,1.7290522000859207e-05,1.6012533432138364e-05,1.4957005113344834e-05,4.875108581963871e-05,1.4105522085896552e-05,5.200120157802361e-06,9.291521811201238e-06,9.480070472473874e-06,1.0357565683853771e-05,8.44658436537234e-06,9.818212723237777e-06,1.0048020309304724e-05,5.770672561256828e-06,1.8553149991491643e-05,5.002399762330429e-06,2.127301642570289e-05
2021-08-12,1.1471819327479556e-05,1.845830767578134e-05,1.510413086671299e-05,1.2678457632264674e-05,0.00013937720867915367,1.4651894292467134e-05,4.526263000055257e-06,8.70013060179659e-06,1.0193840603041753e-05,1.0474043649131105e-05,8.886134490064538e-06,1.0032660871436924e-05,8.242499031506365e-06,6.732305671265026e-06,9.920332962448158e-05,6.954932932011268e-06,1.677641236421591e-05
2021-08-13,9.867245051897845e-06,1.632363850274751e-05,1.5208276731616862e-05,1.1586916871368864e-05,6.21032599775541e-05,1.5644119039867232e-05,4.659686995090726e-06,6.878889607432438e-06,8.096683085160123e-06,1.1594427188982169e-05,7.996215124840909e-06,9.471639870183162e-06,8.694970775885114e-06,7.925158834592425e-06,5.1647481290259723e-05,4.002379767923186e-06,1.4561916672893279e-05
2021-08-14,1.0529941299736645e-05,1.861673144683788e-05,1.4842138760580789e-05,1.8418105734661402e-05,5.518865321289943e-05,1.4878873139118186e-05,4.056623217787335e-06,9.772878308119308e-06,9.459569723124465e-06,9.668240763687893e-06,7.457152444910286e-06,1.5124720583117162e-05,1.0218602617704077e-05,8.04869520217279e-06,2.2904207732002447e-05,4.2132949680056424e-06,1.690099137406726e-05
2021-08-15,8.393893114753959e-06,1.4432444134414164e-05,1.4325824434186634e-05,8.744810291430893e-06,3.5223394595948525e-05,1.3924528987207595e-05,4.346815875010832e-06,9.85201552723118e-06,7.3377027897552916e-06,8.944489403518165e-06,7.259987358910011e-06,9.189300630489774e-06,9.530499740856075e-06,4.608896063248579e-06,1.760447699206435e-05,1.0576946715629354e-05,1.1739141189585872e-05
2021-08-16,9.440878461964908e-06,1.2371078068951866e-05,1.4393841845821646e-05,9.908857093843688e-06,2.4680998099563147e-05,1.3360020501801038e-05,4.400682215760498e-06,8.908776075501945e-06,8.272500066046573e-06,1.0045025962928313e-05,7.489613493287669e-06,9.477298552911284e-06,7.1940437921588954e-06,7.2397282874283515e-06,1.4883588379479778e-05,2.2728770759890993e-06,1.4996477939864123e-05
2021-08-17,9.459753127282486e-06,1.7032238965008428e-05,1.4104805720787213e-05,1.856811372103142e-05,3.544353647730629e-05,1.3426554560834054e-05,4.534563469711397e-06,1.004560041694529e-05,8.652230360225698e-06,9.163862884563403e-06,6.922659192485448e-06,7.012366639340488e-06,1.5834672641747614e-05,6.465928632453283e-06,2.290671781696568e-05,3.908364995432424e-06,1.3898788155973938e-05
2021-08-18,9.756543465700922e-06,1.8890203221338375e-05,1.6546065116128835e-05,1.0635129961288127e-05,3.2558839928533343e-05,1.4933144746972032e-05,5.088782945098836e-06,9.079567218422843e-06,9.224508911359895e-06,1.2647493067176827e-05,7.214227585983007e-06,1.338621149347993e-05,7.144882005292647e-06,6.395424657587574e-06,5.359579144976379e-05,4.718112103201411e-06,2.0312675267354303e-05
2021-08-19,8.340639592460657e-06,2.369258113002368e-05,1.8675934044989296e-05,1.5395387769903956e-05,6.700728704246586e-05,2.5156201859587935e-05,4.809802220932675e-06,9.957882833812961e-06,1.0701086996209014e-05,1.2798129701947936e-05,9.862251995671046e-06,1.9464460328497704e-05,1.065925567534303e-05,9.237269175246347e-06,0.0005264285481628217,6.432949050400226e-06,2.26787134159709e-05
2021-08-20,8.5985286770963e-06,2.763516281367829e-05,1.6686551814232087e-05,1.9280405510464283e-05,3.6604195506335856e-05,1.4833127317676143e-05,5.81436166201692e-06,1.1555200822562222e-05,1.019384637137296e-05,1.2034334320493165e-05,7.751372256541526e-06,1.9179021046879877e-05,8.28382671052146e-06,1.040339435380411e-05,0.00012083635025409132,6.5959714990346e-06,2.0095688576404872e-05
2021-08-21,7.679836217123005e-06,1.7730674255395248e-05,1.7640369400126994e-05,2.3366487783221305e-05,5.9443534215326774e-05,1.4875273690732762e-05,4.74915527783961e-06,1.198093472693705e-05,9.420092896388827e-06,1.1151746939439615e-05,7.9741196278405e-06,1.0890364494985539e-05,8.42692694270215e-06,1.0741709379095276e-05,3.635219686112762e-05,5.743775115340475e-06,1.4034258363310016e-05
2021-08-22,7.090113977413591e-06,1.575494830263488e-05,1.5218057277906758e-05,1.505302771125556e-05,8.248919391559706e-05,1.4589288755820325e-05,3.6259419855874928e-06,9.385346020178712e-06,7.8560381847382e-06,9.243624626164281e-06,5.471810362514465e-06,9.832570981329914e-06,9.808797874510649e-06,1.2870744000014202e-05,2.0747726507241495e-05,6.679281797156601e-06,1.8155302828477777e-05
2021-08-23,9.327306016401366e-06,2.0624640838055996e-05,1.4297860007965836e-05,1.8934052043832984e-05,4.7424627177760435e-05,1.503563882469865e-05,4.057458632674346e-06,8.503096384351074e-06,8.09533935122871e-06,1.1291046817909644e-05,6.476836700002046e-06,1.4043563132838064e-05,1.0444990753170206e-05,1.2501219998578175e-05,3.6241742779120384e-05,6.494696072858844e-06,2.0315900299121757e-05
2021-08-24,8.633308548543376e-06,1.7757280109210003e-05,1.6673854862330864e-05,1.4539744391293602e-05,6.027519933869495e-05,1.4422728662717748e-05,3.5898594897779532e-06,9.871572799123038e-06,1.0014073202326392e-05,9.57857867313972e-06,7.647211152868797e-06,1.2811210871906015e-05,9.358052529536353e-06,8.80316962675775e-06,3.426129445855595e-05,3.2847583271908353e-06,1.8572916527369794e-05
2021-08-25,8.253291462256684e-06,1.4921100293638476e-05,1.5246057678084274e-05,8.34167003809164e-06,2.222103710024354e-05,1.289710089293303e-05,4.253715572214652e-06,9.190959203877791e-06,9.29013729163964e-06,8.743709089502518e-06,5.446497705452281e-06,7.613681786169747e-06,7.797760443718232e-06,9.507888557118104e-06,7.225748789061773e-05,9.191178481963078e-06,2.155035718492582e-05
2021-08-26,8.703964075229634e-06,1.9714415861163866e-05,1.6321473620153037e-05,1.617475705203855e-05,1.3312565730793296e-05,1.922356461096713e-05,5.800344647468708e-06,8.373183015082323e-06,9.320615597799445e-06,8.901370067257464e-06,6.8015358321344686e-06,1.075801940185412e-05,9.107394604158478e-06,1.0032705025891546e-05,0.0006017915415884247,5.3832467976410614e-06,1.9511748601959125e-05
2021-08-27,9.240229304567272e-06,1.9702107018106235e-05,1.4295168871466452e-05,1.0270492681953011e-05,4.6175726344175396e-05,1.4696773905339535e-05,4.176132789318888e-06,9.33346293380621e-06,8.177265019435194e-06,1.0752620833167417e-05,6.701280642652814e-06,1.0779623132721634e-05,9.538805131114056e-06,9.067173772692716e-06,9.375492074231641e-05,5.084415829674975e-06,2.169482931775856e-05
2021-08-28,7.702967245925664e-06,1.3014523330653414e-05,1.562323277760885e-05,1.215484245724854e-05,6.645784136070215e-05,1.5191439711365567e-05,4.309577929208217e-06,9.590565451518536e-06,9.871645269672924e-06,1.0540193240449022e-05,5.351092044796253e-06,1.06072369963712e-05,9.028976468455804e-06,8.208380105612426e-06,2.751115646172414e-05,6.403226294674146e-06,1.084770575739625e-05
2021-08-29,7.525240487664621e-06,1.2779652609338303e-05,1.5681955647062302e-05,1.3465540457828375e-05,6.277490175727874e-05,1.3890749803246758e-05,4.133401649413139e-06,1.087943367347729e-05,9.111195743996022e-06,9.297686042612367e-06,7.045727513216301e-06,9.665119455330908e-06,9.293446704934545e-06,7.025542581889953e-06,2.0941589365709534e-05,1.0527796453243862e-05,1.6840583341377106e-05
2021-08-30,7.869946974774487e-06,1.9975209145838463e-05,1.765465253421831e-05,1.0851165415165589e-05,4.418600540836706e-05,1.3908742977163328e-05,4.139931677879534e-06,8.843777453594265e-06,9.730616308232242e-06,1.0109241751939777e-05,6.837522075329148e-06,1.276241735940858e-05,1.0277705601010288e-05,9.827415465328122e-06,1.3844428617356913e-05,3.7881640818760413e-06,1.802221413433103e-05
2021-08-31,7.462582142805168e-06,1.809061039823043e-05,1.488451883900753e-05,2.434692419219949e-05,4.7477437426895534e-05,1.4829753325129504e-05,4.391929218635317e-06,7.80991291485755e-06,9.323368491056254e-06,9.776743816477972e-06,6.379509849499243e-06,1.1728286662148634e-05,6.161467415079576e-06,8.426032226563969e-06,1.1981106559706825e-05,3.522410455923197e-06,1.519674887617591e-05
2021-09-01,8.032689426082655e-06,1.82254785077156e-05,1.4560436365077526e-05,1.0789840286386338e-05,4.783178517788641e-05,1.576732474224366e-05,3.7339733305730874e-06,7.878987937433614e-06,9.969757567058519e-06,1.1806620458962286e-05,7.958851474566733e-06,1.1942050072370438e-05,8.528816583014925e-06,9.441163809217225e-06,1.3477911902866615e-05,3.5866035872760757e-06,1.763521556601694e-05
2021-09-02,9.344661766228642e-06,1.583180056113278e-05,1.4750830883522803e-05,1.5481643608693717e-05,1.7309797778287455e-05,1.4952053877364269e-05,4.266897588169824e-06,8.423414399190185e-06,1.019474170669347e-05,1.424540541726702e-05,6.227889465952373e-06,1.3608983555967962e-05,9.641549923566341e-06,1.1410907076450577e-05,1.4156379697419874e-05,3.6933733725785032e-06,1.3280695006333388e-05
2021-09-03,9.590151981638982e-06,1.6245658884076494e-05,1.5398391886587316e-05,1.1062454747646047e-05,5.0080546211824016e-05,1.4801669128166765e-05,4.573163760421097e-06,1.2407301988950261e-05,1.3483963964260702e-05,1.5293885467884613e-05,8.148919606435368e-06,9.849098579627683e-06,1.8668404469880306e-05,1.0906614646723231e-05,1.0773732619204972e-05,5.218113413458707e-06,1.7022639312349205e-05
2021-09-04,1.011946614600396e-05,2.1138277279967297e-05,1.89182435170858e-05,1.6395642645430867e-05,3.780843411644052e-05,1.4319135147147728e-05,4.180527179497193e-06,1.6958487302932577e-05,1.3601518481408202e-05,1.654814745557753e-05,6.968206042659695e-06,1.6666669262721068e-05,3.2720297297379245e-05,1.5124897276739328e-05,1.0003578202972601e-05,6.596422759937286e-06,2.205839037589833e-05
2021-09-05,8.734578064604371e-06,1.8606809125552466e-05,1.7344471968379437e-05,5.9091264981482275e-06,3.663585184461514e-05,1.5463525865242262e-05,4.478798183725187e-06,1.5445516310723883e-05,1.3767068114065915e-05,2.1218144301408275e-05,9.753226661053982e-06,1.468210866654879e-05,2.7643957952256903e-05,1.4621344477383914e-05,1.7221596743396058e-05,5.753154545476567e-06,1.631550344724994e-05
2021-09-06,8.768543040085809e-06,1.654763990311562e-05,1.6121072334650314e-05,1.0460701862883631e-05,2.735267167220558e-05,1.3903222107556474e-05,5.615659595244447e-06,1.2600881534228635e-05,1.1418157084455886e-05,1.5155758906416831e-05,9.442504618521357e-06,1.4803784684100912e-05,2.112049476938096e-05,1.1514594821813832e-05,1.4386141798996215e-05,4.126690309545333e-06,1.7311524979448575e-05
2021-09-07,9.316706912795938e-06,1.8236414330768126e-05,1.3468857300645905e-05,8.493894911914265e-06,4.197312428564971e-05,1.4970396884356498e-05,4.284344114262202e-06,1.9598197368189223e-05,1.7953585960831708e-05,1.5248144040824365e-05,8.118515522273356e-06,1.9583740316366423e-05,2.0563739935950378e-05,1.2451866191966084e-05,1.5137894575044366e-05,3.837269958487511e-06,1.509350548368964e-05
2021-09-08,1.0326174887092944e-05,1.618239661861725e-05,1.6431501452179584e-05,8.678785143655591e-06,8.111944838775097e-05,1.5029364963705426e-05,4.823414255973552e-06,1.2678696319390307e-05,1.2883826263482683e-05,1.53066636029329e-05,8.800058393812137e-06,1.517847494273013e-05,1.7638545358447735e-05,1.322724065279635e-05,1.5437222930975226e-05,8.186901503388013e-06,1.3059705709577762e-05
2021-09-09,9.379713049880879e-06,1.6537415415984094e-05,1.56826630074768e-05,1.1730527930387003e-05,5.2888160207570476e-05,1.6191525702408625e-05,4.09210255101673e-06,9.1248386588267e-06,1.2607684490996704e-05,1.597391321330756e-05,8.90281259567536e-06,1.756982763336079e-05,1.538486676599278e-05,1.3476899671858772e-05,1.3560706717614335e-05,4.9350848341082985e-06,1.0799447068310103e-05
2021-09-10,8.82810482275415e-06,1.825070142787256e-05,1.6021355044715526e-05,1.3287087455098588e-05,3.4747558983981374e-05,1.3455577377710174e-05,6.270299588157533e-06,9.598363388110464e-06,1.1479149138456094e-05,1.3415434959432413e-05,8.096897872981184e-06,1.3853794379117524e-05,1.2142078065248464e-05,1.0464931084128154e-05,1.49645647908438e-05,5.688460808854609e-06,1.7304894239408365e-05
2021-09-11,7.959604962699985e-06,2.2050588856734923e-05,1.3714010435079895e-05,1.7066753578650482e-05,4.681767494913898e-05,1.2205788282683006e-05,4.494201596249513e-06,1.1381847910112912e-05,1.0846673070153547e-05,1.1231017049604456e-05,7.3389158393299555e-06,1.680024525031284e-05,1.4848836524054418e-05,1.1531579370735776e-05,1.0798261479901735e-05,3.2932071017113e-06,1.5383400722431645e-05
2021-09-12,7.505216504320433e-06,1.5322336327310342e-05,1.5172966101380261e-05,1.4159536381380033e-05,2.8486601801619305e-05,1.4697763899290784e-05,3.93448184961971e-06,1.282478268190203e-05,1.0173501564134171e-05,1.1813864387741934e-05,7.884320451917273e-06,1.6741226509129495e-05,1.386839328163023e-05,1.3719728942502695e-05,1.2458208938117086e-05,4.737906419833587e-06,1.5360494344595134e-05
2021-09-13,8.66229818699665e-06,1.7948936557560636e-05,1.5952680335542974e-05,1.8038075801148252e-05,3.916270144314555e-05,1.4500484287318511e-05,3.966232085641013e-06,1.079862751361218e-05,1.180532176612354e-05,1.2234796522021366e-05,7.769191944924312e-06,1.5441198304861857e-05,1.1511464545048935e-05,1.0158283908935103e-05,1.0530216313411113e-05,2.2249336747271562e-06,1.4006653849430309e-05
2021-09-14,8.866461615357317e-06,1.8768359852719563e-05,1.648213780845544e-05,1.3174107170629938e-05,2.5209801570850746e-05,1.421933552709192e-05,4.139541358708758e-06,1.1662501018415582e-05,1.1499806077674892e-05,1.850057083830297e-05,7.5557522165498735e-06,1.3443765247039528e-05,9.559348605646972e-06,1.307411717023808e-05,1.5141675148298943e-05,3.475199671941151e-06,1.215232944965138e-05
2021-09-15,8.228914353996907e-06,1.8491330421311368e-05,1.4438562454850164e-05,7.68841279307955e-06,1.9386822499792284e-05,1.4968386767147783e-05,4.477479797273232e-06,1.0082824501964954e-05,1.0434179649794e-05,1.2669932267054016e-05,7.154636321625533e-06,1.3498821102957008e-05,8.525786036873618e-06,7.949165089254219e-06,1.6480564158125897e-05,5.044338640050689e-06,1.2575435464465706e-05
2021-09-16,8.615241770821243e-06,1.9587012504908412e-05,1.545193863061185e-05,1.3610246398388546e-05,4.526768764163835e-05,1.5691524027601283e-05,6.347310081923461e-06,1.0068353559458697e-05,1.012251225267134e-05,1.1667480627519187e-05,6.774621031495622e-06,2.047297998097874e-05,8.958294711665692e-06,1.4806748975409987e-05,8.815842656977432e-06,2.9071516153364324e-06,1.70859910592426e-05
2021-09-17,8.926409529325237e-06,1.86332218921588e-05,1.4565474635461554e-05,1.1601148792157995e-05,8.460893047261138e-05,2.2839106831650164e-05,3.6483425051253924e-06,1.0989575465964204e-05,9.861806650596338e-06,1.1403244361441715e-05,8.908156723608848e-06,1.4634303858095609e-05,1.022354694147258e-05,1.0424462390928634e-05,1.6019857632981567e-05,7.3429274391491605e-06,1.599472126452834e-05
2021-09-18,8.073258284709818e-06,1.8614752594968108e-05,1.4189274248135898e-05,1.4559682836183077e-05,7.33027519396294e-05,1.2522773332762065e-05,4.73809356777255e-06,1.3120659706770057e-05,8.982973415531817e-06,1.3434199291868429e-05,5.815661814409697e-06,1.5664852154625422e-05,1.4632312687476506e-05,1.3645746669497928e-05,1.298253794552419e-05,5.290005445766718e-06,1.3987952557951452e-05
2021-09-19,7.76762902513676e-06,1.7689104214972938e-05,1.5141433291493303e-05,1.3511134403033045e-05,3.419641279629767e-05,1.3928838510669085e-05,4.47987614038447e-06,1.0561677051510006e-05,9.761093075568171e-06,9.888262089045888e-06,8.058899812429108e-06,1.1380604184730627e-05,9.633993634119753e-06,9.161556554010985e-06,1.468068514508747e-05,6.2076439153561145e-06,1.8099555600047192e-05
2021-09-20,8.077652353850083e-06,2.0549496161920546e-05,1.4748535742628403e-05,8.319776142556591e-06,2.6057613383190233e-05,1.2826251022840664e-05,3.705546252727804e-06,1.0113594345663329e-05,9.839374864625493e-06,1.4592871258721714e-05,6.73711836521206e-06,1.3523590276983672e-05,1.1060757042860941e-05,9.558874796733339e-06,1.3775157936402627e-05,2.7901606059370324e-06,1.4781447066714213e-05
2021-09-21,7.80655517107806e-06,1.5229195382828575e-05,1.6348649415065194e-05,8.41283462049703e-06,2.074333749928695e-05,1.3844939468969819e-05,4.785297763745908e-06,9.218844736926083e-06,9.97381242096456e-06,1.3357165441722106e-05,5.416293831148436e-06,1.3057252616604701e-05,1.4779857172072442e-05,9.45391772467059e-06,1.5757774803152218e-05,4.710139109676659e-06,1.6444930274670272e-05
2021-09-22,8.481261595341518e-06,1.7022187872789348e-05,1.5070074437717214e-05,7.415746525546187e-06,3.403058214982531e-05,1.3413624743206832e-05,4.3559446768726e-06,8.396695767636028e-06,1.1554573889769179e-05,1.1663959354067065e-05,6.083657108028409e-06,1.4294518177356018e-05,8.347924810241233e-06,9.896007728929738e-06,1.5850381298997143e-05,9.882191388830288e-06,1.715404923682105e-05
2021-09-23,8.703201008581644e-06,1.9937519937519938e-05,1.5635398670225296e-05,1.1123442583480539e-05,5.1591453015950356e-05,1.5185149682867639e-05,4.721069831348352e-06,9.337068160597572e-06,1.26622501833489e-05,1.2180899537465285e-05,8.101836201297766e-06,2.002463916663477e-05,1.2631903387834382e-05,1.3268089713515407e-05,2.03344487567713e-05,4.826099193449141e-06,1.8030630617882324e-05
2021-09-24,8.387647471034308e-06,1.536380390225987e-05,1.4054224328906128e-05,2.2223171930424376e-05,6.63129973474801e-05,1.4704811900754793e-05,4.302300900474302e-06,9.57076315127219e-06,1.071923074453208e-05,1.3965613341391907e-05,5.400130729122204e-06,1.162742495002735e-05,1.1185389963212623e-05,3.750483624863426e-05,1.921819194049087e-05,5.932937867426842e-06,1.1850620833112587e-05
2021-09-25,7.814966605745457e-06,1.7581591595380346e-05,1.449553432120839e-05,1.0724740421064034e-05,5.3239631581749454e-05,1.390716449588944e-05,4.787230992470317e-06,9.193718990836887e-06,9.337787237763219e-06,9.928122303774959e-06,6.0128278313184904e-06,1.1294027063762476e-05,7.947075367895405e-06,1.7920457644779814e-05,1.768361254099697e-05,4.828011155119774e-06,2.580875362763331e-05
2021-09-26,7.96807292260443e-06,1.5724510418568462e-05,1.5796964496964587e-05,1.1356429398825571e-05,5.91327405535447e-05,1.1159617364867962e-05,4.287965272735907e-06,9.973168523496511e-06,9.415463482426662e-06,1.2162487453915575e-05,6.946747426580008e-06,1.3371279723115352e-05,1.0153220649684283e-05,1.1898114508560832e-05,1.4544007103599259e-05,1.0334839686878675e-05,1.8631447474882196e-05
2021-09-27,8.214330219385319e-06,2.2499379281830402e-05,1.69422956385318e-05,9.900803530051653e-06,8.609950412066846e-05,1.22936871916271e-05,3.874502179112677e-06,9.53072019169288e-06,9.112901319297175e-06,1.220609315715208e-05,4.891576519690535e-06,1.5477579882701398e-05,1.1418313386036297e-05,1.1130038283209458e-05,1.4959832848800969e-05,6.639443472995502e-06,1.4752493887072963e-05
2021-09-28,8.567525142294892e-06,1.9585741032675316e-05,1.6140288284578797e-05,1.358840275119861e-05,4.9284012813843334e-05,1.276798894695357e-05,5.154678808363815e-06,9.39051446860005e-06,9.45612090727267e-06,1.0074502571435535e-05,5.048964746653161e-06,1.1769313404582072e-05,1.0839690984154127e-05,1.1477743238022604e-05,1.798744139326224e-05,4.399886306937829e-06,2.0304908900609595e-05
2021-09-29,9.128210672728169e-06,1.9377821372454414e-05,1.5482326371506696e-05,1.015147640125577e-05,4.668944379140255e-05,1.702603048535692e-05,5.012669522217404e-06,8.078444324582875e-06,1.1265298471543694e-05,1.1281251292643377e-05,9.14273175682162e-06,1.2443030888825666e-05,1.1320544649058962e-05,9.559148239501093e-06,1.610004680117053e-05,8.54611891157506e-06,1.4553740727188052e-05
2021-09-30,8.651687603692377e-06,2.1396181617591005e-05,1.4445756295104948e-05,1.129390771324486e-05,6.31811720107408e-05,1.3087622532865964e-05,3.3449639698189803e-06,8.118662369188053e-06,1.1679031902269086e-05,1.3465062772066402e-05,7.75585456221525e-06,1.426704117916935e-05,1.6141960309592107e-05,7.98347333926336e-06,2.0311688502201983e-05,6.903714327752975e-06,1.7450826320531518e-05
2021-10-01,8.41060094823788e-06,1.8062740469799633e-05,1.440112461231518e-05,2.0357274908901194e-05,4.963764519011218e-05,1.272314985729128e-05,3.904721328715928e-06,9.01075148083429e-06,1.147341941354629e-05,1.1804782856196897e-05,5.108662124185234e-06,1.2055812159134934e-05,1.2898319871825561e-05,9.377747735906548e-06,1.5378700499807768e-05,8.907309097107003e-06,1.4561070400464106e-05
2021-10-02,7.916558389987696e-06,1.9004164378188093e-05,1.5786871326733334e-05,8.252867871585376e-06,6.246705838717863e-05,1.1701621500574641e-05,3.911888198559028e-06,1.0612640602804467e-05,1.1088938927855224e-05,1.1895275571145742e-05,4.875933664308289e-06,1.1495455967260942e-05,1.0624362143019852e-05,1.1506172342325886e-05,1.0143358553743488e-05,3.580937238703486e-06,1.4119819421173945e-05
2021-10-03,7.79428698594805e-06,1.461103162355205e-05,1.6959123062273223e-05,1.4209624040850377e-05,3.315799785980196e-05,1.3392391746920922e-05,3.6251925660167352e-06,1.0693800353081714e-05,1.0239964815013672e-05,1.0928304536666478e-05,6.679734811468564e-06,1.4941235374211458e-05,1.0899854142155898e-05,9.862440570351693e-06,1.4660123364938116e-05,1.3435266200393266e-05,1.9462668169617153e-05
2021-10-04,7.67734376720594e-06,1.511641479652517e-05,1.632688393448955e-05,1.3912912930402432e-05,2.2376245377906813e-05,1.550377332794338e-05,4.2580509567117435e-06,1.0074405803609275e-05,1.2158389393569077e-05,1.1737260167145809e-05,4.859715921116421e-06,1.3656508227499947e-05,7.477697766411677e-06,1.297004966611948e-05,1.6737113840742106e-05,2.7308501409573814e-06,2.2535866394763926e-05
2021-10-05,8.163708473581867e-06,1.942747634772683e-05,1.5835661610635747e-05,1.2528168301485552e-05,3.861634659656315e-05,1.5348736556725977e-05,4.6823120304104525e-06,1.0074453835379144e-05,9.480928250920704e-06,1.057828760422569e-05,7.08360344256381e-06,1.194017888034884e-05,1.1233088884596807e-05,6.047330439573731e-06,2.2338714481443974e-05,4.877772986228051e-06,1.791871141659282e-05
2021-10-06,7.677380632059804e-06,1.4188470711449333e-05,1.3014563296328591e-05,1.161947537126579e-05,2.445127268874345e-05,1.4071534381592228e-05,3.868175858796767e-06,8.68935129761793e-06,8.737373130611715e-06,1.3011925775700926e-05,7.2221052391634e-06,1.093434407494137e-05,8.361010134882046e-06,6.877841077429676e-06,1.1980782824349743e-05,6.708679398696593e-06,1.698077271694658e-05
2021-10-07,7.676227361867329e-06,1.6999240160947726e-05,1.5190983783948789e-05,1.3230022987971651e-05,5.927381113670234e-05,1.2715125182631643e-05,3.6479407206265568e-06,9.134258924951534e-06,1.1819438257464871e-05,1.08106723729857e-05,7.350010545542474e-06,1.7516581980138963e-05,7.324064147984857e-06,5.891963277918016e-06,1.645944504330787e-05,3.858508931426806e-06,1.290408607885687e-05
2021-10-08,8.59111054337407e-06,1.7044656412052807e-05,1.486076345282537e-05,1.780185819751834e-05,3.89387422786244e-05,1.2684578393250604e-05,3.5796996305045317e-06,8.168909038221928e-06,1.0313384725154322e-05,1.2256841582454171e-05,8.465887675660556e-06,1.6951808981068397e-05,1.0573159935149646e-05,8.822170253882455e-06,1.2801657232718127e-05,4.538757585713807e-06,1.8470586805682134e-05
2021-10-09,8.164082332791696e-06,1.6941436732204525e-05,2.4414114330235926e-05,5.5842738089893666e-05,2.4197451201806744e-05,1.3377073093268877e-05,3.2551619855937644e-06,1.0580355518521618e-05,1.2986493328129152e-05,1.313739451387608e-05,8.745994558410783e-06,1.3485122989882542e-05,1.2630010167158185e-05,8.08868651594388e-06,1.8835031759899627e-05,5.46966825854271e-06,1.6874338563706673e-05
2021-10-10,8.353569389237078e-06,1.658333256135061e-05,1.8904536048902255e-05,2.8529504191282235e-05,3.0758630871822636e-05,1.3874033007036882e-05,3.0301502496181757e-06,9.633794266484974e-06,1.013948936071493e-05,1.3053718071457554e-05,7.036931147413738e-06,1.4109437744724198e-05,1.1240562318497119e-05,5.417874348658106e-06,1.7378993252055126e-05,4.9444521701509605e-06,1.7797077719838404e-05
2021-10-11,8.09993687843902e-06,2.2269124533270963e-05,1.629372016797508e-05,1.393136018835199e-05,4.55161260957338e-05,1.1856694801485744e-05,4.2912069916170865e-06,1.0356206520889659e-05,1.0345420379553664e-05,1.306765369335557e-05,7.036165196152561e-06,9.075629301904082e-06,1.0459315675709721e-05,8.137113724430574e-06,1.9024132655820556e-05,2.5311131329336014e-06,2.357757794372671e-05
2021-10-12,8.40490148335807e-06,2.137097275200974e-05,1.5358453624714934e-05,8.512379679877776e-06,3.693794952165355e-05,1.4503233550616002e-05,4.303937321871139e-06,8.547827285819127e-06,1.0545853845732636e-05,1.4146072343013963e-05,6.800194530898214e-06,9.82091108285212e-06,1.1184784634089194e-05,7.221514440862427e-06,2.2834426486194957e-05,6.672922339609409e-06,1.8572116100029877e-05
2021-10-13,8.383884798407871e-06,1.8147656593104134e-05,1.523122035736755e-05,1.647644411009319e-05,3.1561173444428665e-05,1.3432302440111329e-05,5.4449233513368505e-06,1.0409319313005875e-05,1.2398780810687496e-05,1.6710865600643996e-05,7.390358923811522e-06,9.596432266729216e-06,8.34050541659472e-06,9.783376219335891e-06,1.9176061361235673e-05,4.209899016216765e-06,1.5649499788264602e-05
2021-10-14,8.779063161313673e-06,2.1700645464544625e-05,1.5553743112434538e-05,1.0573585280723402e-05,5.642992075626842e-05,1.5232617974592733e-05,5.0672351970958384e-06,9.527568973581957e-06,9.661751505878233e-06,1.811010600757161e-05,6.91143338029709e-06,1.448358450282792e-05,7.891237395924153e-06,8.050109632430557e-06,1.3744782480570375e-05,5.0431937537403686e-06,2.4567199878261176e-05
2021-10-15,8.122660356876397e-06,2.2615496082074707e-05,1.6433408316025895e-05,1.7171975115038386e-05,3.0243154965926045e-05,1.376703813583655e-05,3.857510592979365e-06,8.1835163593517e-06,9.934079590482178e-06,1.1264442799789153e-05,6.968696794225257e-06,1.2813970889403991e-05,8.672768842885203e-06,9.377677711891428e-06,1.2811822630743906e-05,6.624711924401967e-06,1.6872714093939874e-05
2021-10-16,7.499965978156711e-06,2.1116191173699385e-05,1.5220196766246044e-05,1.2282118017755476e-05,3.769772456534524e-05,1.2562728873742462e-05,3.8132595587454017e-06,1.022299150790127e-05,9.554133433409696e-06,1.3803973363300839e-05,9.96784510656142e-06,9.257661511666855e-06,1.0436953757504546e-05,6.394204071022926e-06,1.2951836975227993e-05,7.86841492355048e-06,1.5622768720775962e-05
2021-10-17,8.159709184319725e-06,1.9920301088710854e-05,1.4117243815503044e-05,1.62387824810447e-05,5.0380935853872894e-05,1.3192073844058616e-05,3.892179840208278e-06,1.11719737915992e-05,7.896713973663462e-06,9.932400325637378e-06,8.818999827430682e-06,1.508530437920352e-05,1.0215452495618914e-05,6.949057661008664e-06,1.7432912749990425e-05,4.501287368187301e-06,1.691550898441236e-05
2021-10-18,8.372365561705077e-06,1.8096931537729066e-05,1.6404374333702074e-05,1.1396889063717934e-05,8.051843482552174e-05,1.357785304110753e-05,5.63620217198096e-06,9.232219886292978e-06,1.0538572414870474e-05,1.5785953671154015e-05,6.16257034995551e-06,1.4688597196567653e-05,7.5865286331618495e-06,6.9349060590690335e-06,1.4250472214940142e-05,6.51564998797018e-06,2.1125851750713114e-05
2021-10-19,8.519394690295005e-06,1.9047275337387397e-05,1.521290530600028e-05,1.1357153069036794e-05,2.3431154062441423e-05,1.3254701929250068e-05,5.044852340775451e-06,9.437530657736983e-06,1.1673747437922664e-05,1.224417605125066e-05,7.1413521505833645e-06,1.4135771938372337e-05,8.404495946904542e-06,7.401351222399238e-06,1.732606100799291e-05,4.153147306943543e-06,1.6284261742672883e-05
2021-10-20,8.539698755813676e-06,1.601560500019799e-05,1.498858305237053e-05,1.2138211582150268e-05,2.8341384863123994e-05,1.3845089284197317e-05,5.262884305220475e-06,9.181859524907553e-06,9.401583888810249e-06,1.2331857833997986e-05,7.500098163049487e-06,1.4090978322375618e-05,8.501175960137878e-06,9.922619237243037e-06,1.651548678855818e-05,6.505095855544293e-06,1.9090713950795316e-05
2021-10-21,9.227477556302937e-06,1.7535522363657213e-05,1.6364287643567783e-05,1.3411036881021975e-05,3.013162039636777e-05,1.5803059726665194e-05,4.914401317443116e-06,8.95151402697383e-06,1.1552294255603198e-05,1.3830507840664239e-05,1.1106099898522944e-05,1.7707875845070787e-05,9.234790271564014e-06,8.415702016822988e-06,1.82119959105791e-05,1.8167755866887448e-06,1.7497722962985083e-05
2021-10-22,8.621898024366743e-06,1.5249893585172395e-05,1.591302097089935e-05,9.960983593493792e-06,6.553874486749704e-05,1.5327052631960768e-05,4.302427013613606e-06,8.935808805102292e-06,1.0457162066928921e-05,1.4447612363831254e-05,7.717280602819486e-06,1.4700587005747283e-05,9.289235922947115e-06,7.976215196663724e-06,1.3340155340550543e-05,3.0765022630470967e-06,1.647699114932083e-05
2021-10-23,8.02350541817392e-06,1.4733137923646387e-05,1.4660430651449413e-05,2.022942044592229e-05,6.736098376974518e-05,1.441098877661249e-05,4.917240631824788e-06,1.0302067063280756e-05,1.1838603298147185e-05,1.4795456755806115e-05,6.437348638487352e-06,9.085259995861507e-06,9.151050592163194e-06,1.0443181196634528e-05,1.4625434914248766e-05,6.0000069473764655e-06,1.4511444577453223e-05
2021-10-24,7.916951473974992e-06,1.5922304318914287e-05,1.628049674774562e-05,1.6189635210513828e-05,3.5275960902476664e-05,1.5529917488830613e-05,4.133058620829266e-06,1.134996811823058e-05,1.1050194306529333e-05,1.2016302588405824e-05,8.308953910492313e-06,1.0743930940616503e-05,9.398072477711184e-06,7.224051208060646e-06,1.4770878290270838e-05,7.903906205293531e-06,1.858231022985638e-05
2021-10-25,8.456068353943364e-06,1.7082612234566883e-05,1.6306975106477523e-05,1.425497726179478e-05,4.13067386780811e-05,1.4720989850467727e-05,4.672336368588119e-06,9.184863269580282e-06,1.1739018660806641e-05,1.3172796821029487e-05,7.986539150069245e-06,9.607743292079514e-06,1.0518459144480052e-05,8.79992680531469e-06,1.678942937526533e-05,4.493726757446604e-06,2.0630878510945713e-05
2021-10-26,8.798205382050344e-06,1.617465321715573e-05,1.3538725084141683e-05,8.124803952833192e-06,6.483654706484952e-05,1.3869531862584784e-05,5.0177342099227985e-06,9.453283453883877e-06,9.382742771078685e-06,1.4663464099265386e-05,6.681704518157642e-06,7.737071687986514e-06,8.768113461058303e-06,9.1447650601897e-06,1.4133190117006814e-05,2.910333356858528e-06,1.9627623828559844e-05
2021-10-27,8.020377249019756e-06,1.6250031491252303e-05,1.4128965538131638e-05,5.603735498811642e-06,3.457759478250693e-05,1.2603004248992911e-05,3.9486971531266985e-06,7.533539895525989e-06,9.886787494927529e-06,1.41867131371801e-05,6.410449031922033e-06,9.989653363435488e-06,7.025330610107031e-06,7.882992989349187e-06,1.6028269593357458e-05,6.058946276535155e-06,1.723638887563462e-05
2021-10-28,9.038309218912966e-06,1.646388851852069e-05,1.5299378197963778e-05,1.2538769715205958e-05,2.8493356773868173e-05,1.4347329600594674e-05,4.8230848368271e-06,7.925131773402133e-06,1.0706764260390835e-05,1.364762843757613e-05,8.392220191948017e-06,7.1339275481419915e-06,7.808569191731608e-06,1.4108603883102748e-05,2.1188707974276373e-05,5.033250913849619e-06,1.5064204716516415e-05
2021-10-29,7.683623413301785e-06,1.3224336662349061e-05,1.6773800523298143e-05,1.0060657717510414e-05,3.669199637483076e-05,1.3742065577655505e-05,3.290787307522295e-06,8.854120664390086e-06,9.797675220625304e-06,1.4001461147785882e-05,6.689851893721022e-06,9.76530711890889e-06,7.4087911014831916e-06,9.228866258829883e-06,9.097030749379027e-06,4.535568576716983e-06,1.2496006484594298e-05
2021-10-30,7.7297540029569e-06,1.9081281207014504e-05,1.552718377754995e-05,1.5931524184850288e-05,4.479463897760716e-05,1.2652328058220714e-05,4.884668573107372e-06,1.112449799196787e-05,9.735338263610501e-06,1.1452741191210488e-05,5.907067231954425e-06,9.88803953878841e-06,1.0055100662515114e-05,6.946031075054595e-06,9.662458129348105e-06,3.7707532833834213e-06,1.3030353189759202e-05
2021-10-31,8.036727939692291e-06,1.8483373678950585e-05,1.6021546536126365e-05,1.3646077963124776e-05,3.8207312879685175e-05,1.3559808910696777e-05,3.4241925260149734e-06,9.600575942020849e-06,1.1111709818024917e-05,1.3355313905957546e-05,6.462100076781498e-06,9.541108627042766e-06,9.423138447508062e-06,6.1456821191146835e-06,1.4188787133607828e-05,4.358014637948596e-06,1.6048021583297808e-05
2021-11-01,8.621480478143625e-06,1.3155275489824955e-05,1.839123699355523e-05,1.5729405821695084e-05,4.514112243400932e-05,1.3329429625258105e-05,4.173276152734424e-06,1.1680784445112029e-05,1.327639606686966e-05,1.4346789874463502e-05,7.699437074906861e-06,8.482427573007823e-06,1.084480950688305e-05,7.3837435348979946e-06,1.316988102876153e-05,1.4758415802130967e-06,1.826811250340051e-05
2021-11-02,8.350979213032e-06,2.306175598765716e-05,1.594002655848382e-05,2.1404641039888832e-05,9.440374594063893e-05,1.3970434608434197e-05,4.762574672964407e-06,1.0095180143268011e-05,1.3847149742690285e-05,1.4588450237405392e-05,7.479719759832998e-06,8.855602319695509e-06,1.0440827277838634e-05,6.9752492458470655e-06,1.143310774486175e-05,2.1585751677033022e-06,1.5251545648829348e-05
2021-11-03,8.858244364752682e-06,1.572911009572322e-05,1.7424309177489764e-05,1.2243850810671057e-05,3.8083631655114635e-05,1.35940382043139e-05,3.889339626266459e-06,9.153803132251684e-06,1.214457784004721e-05,1.3925464164053784e-05,6.128809751716345e-06,1.4158479124178263e-05,9.953145288969443e-06,1.0435612466747899e-05,1.3368569182219399e-05,2.640120178270515e-06,1.6304801472007212e-05
2021-11-04,9.86745471488292e-06,2.018185344909744e-05,1.563352804752431e-05,1.659846292606707e-05,4.8011138584151524e-05,1.3652890152068933e-05,5.084913798513201e-06,8.842941755543835e-06,1.2521215274643786e-05,1.86171919733523e-05,7.585196961219551e-06,1.1291946467538726e-05,1.017890701441206e-05,1.1350851772282704e-05,1.6017414546447533e-05,2.27466763314767e-06,1.8634964342240927e-05
2021-11-05,9.183928482435749e-06,2.0009532282992105e-05,1.6050769308195273e-05,8.63833867470608e-06,4.930156121610518e-05,1.43018853917854e-05,4.6505866806285585e-06,8.72374117856734e-06,1.1327069310521291e-05,1.4177247509156523e-05,7.015068305720093e-06,1.1286331406192246e-05,9.761528190479954e-06,8.724982022901624e-06,1.394123928501818e-05,3.8089802275836386e-06,1.1584466498160037e-05
2021-11-06,8.560049018730353e-06,1.665278934221482e-05,1.507617347250967e-05,1.7025551095807034e-05,9.919808269945759e-05,1.1159959571651456e-05,4.4013341277981154e-06,8.890596460779398e-06,9.874446632468315e-06,1.2164262457374397e-05,8.063182868926872e-06,1.1234210827328138e-05,9.567769018237189e-06,8.237003156797702e-06,1.589007349671575e-05,4.6807244424087005e-06,1.5743276758178957e-05
2021-11-07,7.760896176438179e-06,1.6167319891195984e-05,1.4672453269591944e-05,1.0433224502461399e-05,3.559144899260021e-05,1.3745194595238853e-05,3.7775290578028264e-06,8.669094496757251e-06,1.1110571891234115e-05,1.177704890930639e-05,6.3194812664698075e-06,1.3670284255573879e-05,9.862727274221625e-06,7.164665134480764e-06,1.1714930679150577e-05,1.3918243656832945e-05,1.37300208298345e-05
2021-11-08,8.284923464022765e-06,2.012179171750468e-05,1.552546828402817e-05,9.583490110865008e-06,6.32395775596219e-05,1.4215702700216705e-05,4.258686129990152e-06,8.471867424745255e-06,9.722939300841345e-06,1.4691541025358192e-05,8.585039837195161e-06,1.0908158757342555e-05,6.5993882475281235e-06,6.773970464257145e-06,1.064365908637607e-05,1.380678038433056e-05,1.9143527016039542e-05
2021-11-09,8.750470481130242e-06,1.602752133403789e-05,1.488874555182508e-05,1.5879679667161915e-05,3.133597808988412e-05,1.2181787088946644e-05,3.292271679652559e-05,1.0560489560972265e-05,1.0628937926600573e-05,1.732283618257391e-05,7.65960473400047e-06,9.713686156981705e-06,9.141166011023118e-06,7.635454846548637e-06,1.09168077545408e-05,6.192926820089283e-06,1.3988855545082418e-05
2021-11-10,9.031302575847372e-06,2.0223410321187115e-05,1.5085142357715694e-05,1.1603119350225316e-05,5.5538179575396e-05,1.4503325968866703e-05,6.428394425545195e-06,9.505577292038813e-06,1.0241053743343203e-05,1.3913024121009918e-05,7.579616669343545e-06,9.30492670635402e-06,8.579265608000543e-06,7.419214183591495e-06,1.157990833911738e-05,5.157170923379175e-06,1.7319912062298538e-05
2021-11-11,8.707021424550097e-06,1.787571845676813e-05,1.7559209043906143e-05,1.3529292713426664e-05,8.32570144034635e-05,1.2975886156509634e-05,4.876187642277658e-06,9.715814437861067e-06,1.2051292871388262e-05,1.5211058341278249e-05,8.482266737186405e-06,7.815599737528881e-06,8.527626860549563e-06,7.624169124402297e-06,1.1592136100951534e-05,2.6519325295325835e-06,2.2244852131443193e-05
2021-11-12,8.801062288218187e-06,1.981187445922722e-05,1.7877912052242813e-05,1.62625371964882e-05,4.4934654642613956e-05,1.960420522885101e-05,4.356644067654915e-06,9.041705575050296e-06,2.1806776827797758e-05,1.4940997549869605e-05,6.988919038477889e-06,9.341596613625285e-06,1.0370182170768012e-05,8.600802094156587e-06,1.1308456832201436e-05,2.847802877363071e-06,1.2007327240538399e-05
2021-11-13,8.543424076286255e-06,2.1002499054584038e-05,1.719472599974621e-05,2.0922461831961248e-05,4.842615012106537e-05,1.438443713364198e-05,5.385760480151318e-06,9.546908959664836e-06,1.5440514477942403e-05,1.284192733156207e-05,9.087639618386612e-06,1.2884445186904428e-05,1.0648028214309494e-05,1.0958761773566006e-05,1.4993285314838231e-05,8.634027165970244e-06,1.4636074019505008e-05
2021-11-14,8.550195607895634e-06,2.1371996263070663e-05,1.7092678619712482e-05,2.4487088255176236e-05,2.5533580914499387e-05,1.2700181948783155e-05,5.175942377358717e-06,1.1272217559472331e-05,1.2266437537401683e-05,1.2135554758529485e-05,8.05799768167621e-06,9.812200430547461e-06,1.0723436706847551e-05,7.76464402619717e-06,1.4334617760591405e-05,6.604905557713507e-06,1.5629096854130143e-05
2021-11-15,9.952377423403903e-06,2.128832746968577e-05,1.6552106276870693e-05,1.5436423625499587e-05,4.917616974578509e-05,1.290169325808208e-05,1.3492885625640065e-05,8.934438642519262e-06,1.683024720333912e-05,1.4819284122724844e-05,5.7596270472086135e-06,7.92068170667222e-06,8.556293260646872e-06,8.71558768759181e-06,1.206247993452857e-05,3.001591593942688e-06,1.3300251175243444e-05
2021-11-16,9.421378007526736e-06,1.5025786187909575e-05,1.7047856629923098e-05,1.7012258547444758e-05,3.1350419311858296e-05,1.1556896360989366e-05,7.804417383327817e-06,1.2502168081506587e-05,6.169045305731238e-05,1.3513162837080167e-05,8.371057938920836e-06,1.4852224732215845e-05,1.1634839891431578e-05,1.0139253014277993e-05,8.988901403437175e-06,4.152910151788866e-06,1.9489702017959317e-05
2021-11-17,8.813034435942659e-06,1.9597880525513538e-05,1.5898679879613995e-05,1.3116847059749424e-05,0.00011119085404684167,1.279650107512298e-05,5.702587263841605e-06,1.0078711364953812e-05,1.7945277619398182e-05,1.400210655272906e-05,6.2423008011010495e-06,1.0436298400011092e-05,9.544501575460345e-06,7.049786706847977e-06,1.3091043061583539e-05,3.985955369023265e-06,1.8072242887329958e-05
2021-11-18,8.870802417589352e-06,1.7883245451384516e-05,1.7498095887522373e-05,1.699021794943711e-05,2.473111099569926e-05,1.3797139444597808e-05,5.3803253614948375e-06,9.156099515892343e-06,1.1934172712420228e-05,1.461973872152759e-05,6.572696061303003e-06,1.1323701371976513e-05,1.2580695783105273e-05,7.372337915799858e-06,1.489242513978832e-05,3.4214286028498546e-06,1.318486868098119e-05
2021-11-19,8.12292528012033e-06,2.137616143277114e-05,1.5594953887865228e-05,1.1811195800577216e-05,5.3344880931087825e-05,1.3560554187117255e-05,3.9532843808815805e-06,8.771878630448005e-06,1.1903172350690229e-05,1.652851582192177e-05,7.4162049580679395e-06,9.795923780479075e-06,8.233184485198969e-06,5.856777525703933e-06,1.6124127622243028e-05,4.897292885321725e-06,1.3805339370868419e-05
2021-11-20,7.77621671560263e-06,1.9799911311340655e-05,1.5930972150379814e-05,1.1655743143284947e-05,4.3900244012189635e-05,1.968774106834391e-05,4.644534590366132e-06,1.0215980713837228e-05,1.6569945209460902e-05,1.3524407927810008e-05,7.748586451008164e-06,1.0284206998755464e-05,1.0029612430701647e-05,8.082886226236483e-06,1.0735675589355041e-05,3.531941919462734e-06,1.6352011145530796e-05
2021-11-21,8.259783541435771e-06,2.091506732839731e-05,1.605030314158906e-05,1.2329016485345514e-05,3.2150205761316875e-05,1.5494738830402577e-05,4.499526895199365e-06,1.0310012431353118e-05,1.2395948897757531e-05,1.2345782711631097e-05,8.023822230171032e-06,1.0840135766018194e-05,1.1447167976309576e-05,7.3871206570257945e-06,1.1505035665610563e-05,3.4011512587815405e-06,1.806016030623233e-05
2021-11-22,9.028041452254522e-06,2.3776366291905845e-05,1.744486161273286e-05,1.249894453357272e-05,4.125444452179653e-05,1.37962728854543e-05,7.119216756614946e-06,9.02136173291653e-06,1.2612645088561435e-05,1.4653278414910796e-05,7.417175843134323e-06,9.67470865305942e-06,1.3665484132312255e-05,8.117069083458526e-06,1.1667588961794123e-05,1.9602807906204483e-06,1.5779435507846267e-05
2021-11-23,8.665333572642828e-06,1.8190192995506045e-05,1.703482770524337e-05,1.506757808772344e-05,3.1179116227950517e-05,1.2498624520968603e-05,4.430558885647574e-06,8.887247182069841e-06,1.139553539772547e-05,1.2255411692702607e-05,5.188086497876644e-06,1.0762940244617031e-05,8.239550766508928e-06,8.05207395024716e-06,1.081605996799857e-05,3.7994904408382533e-06,1.9800407393382118e-05
2021-11-24,9.039052163887772e-06,3.196228253969347e-05,1.6241437527613812e-05,1.1839019774263718e-05,4.005397272825132e-05,1.1434238213618908e-05,4.392756142378626e-06,9.113546217857461e-06,8.254159610905096e-06,1.3454606656734534e-05,9.165271101386961e-06,9.844805517480904e-06,1.1109229648985373e-05,6.689079177265103e-06,1.3444595920225145e-05,1.4645902357233574e-06,1.0681049241262379e-05
2021-11-25,8.989253817617646e-06,2.0376112472065623e-05,1.3976328316534251e-05,1.2196598717092053e-05,5.9756712237655046e-05,1.3294787618060005e-05,1.1726152608112012e-05,1.1517816503838618e-05,1.1614489595117004e-05,1.3920941625321898e-05,7.831969594197288e-06,1.1106759035565404e-05,1.1874814310501713e-05,1.1289759090459891e-05,1.4103849753361916e-05,6.205901002387923e-06,1.8753083439680947e-05
2021-11-26,9.083271270189845e-06,2.264840884633123e-05,1.5550106753458048e-05,1.284113729672658e-05,5.7169354685028615e-05,1.4450651580646384e-05,3.93907860421507e-06,1.592224140132313e-05,1.2251172181543078e-05,2.3430620850783975e-05,7.200078086412082e-06,1.1107369972070767e-05,9.297903819426047e-06,9.944884559186313e-06,1.1299937054214272e-05,4.9937162403975e-06,1.3323117437860642e-05
2021-11-27,8.20118882141514e-06,2.635854993166956e-05,1.4573478224524087e-05,1.2873177890450145e-05,6.623174487531874e-05,1.3939357249249168e-05,4.305312881285455e-06,1.5018636396396976e-05,9.187390541936928e-06,1.9063845616062785e-05,5.285619221618139e-06,8.83843801338268e-06,8.117621946643005e-06,7.133822354429259e-06,1.1323665439418168e-05,7.495260062712515e-06,1.6178297784220334e-05
2021-11-28,7.869942836330729e-06,2.422028991049647e-05,1.5877225456442392e-05,1.1043496536655953e-05,4.655582728335794e-05,1.398402270120716e-05,3.6749518158989025e-06,1.3931512830738549e-05,9.36713185836482e-06,1.679114653554697e-05,6.975060996363486e-06,1.0210203785943563e-05,8.836865174132245e-06,8.305235147697867e-06,9.922365428414995e-06,3.3986754434885243e-06,2.103582871362027e-05
2021-11-29,8.477108784009607e-06,1.913797764205762e-05,1.4565869899587866e-05,1.1651629003658611e-05,5.868140335300436e-05,1.2807143574964652e-05,4.776249078889145e-06,1.0137368073184388e-05,1.1110642678218222e-05,1.566674064497371e-05,8.415189916907834e-06,1.1796983740643313e-05,8.780324059247375e-06,7.212502093428732e-06,1.2597050768966762e-05,4.273158268786153e-06,1.3794657329216395e-05
2021-11-30,9.152754509148512e-06,1.9297751279215967e-05,1.636236748221255e-05,1.215004006928108e-05,4.260480782725505e-05,1.2943813701446312e-05,4.976157861680569e-06,1.1559269414266016e-05,9.390728235616004e-06,1.7452545767813844e-05,8.310440049672687e-06,1.0026738491536728e-05,5.636832026777023e-06,9.834886308714271e-06,1.255287623833023e-05,2.919841807462936e-06,1.3978901178487935e-05
2021-12-01,8.874031114431358e-06,1.759322004713735e-05,1.6502483929432933e-05,1.7261160523503157e-05,7.752518231784256e-05,1.327150806844845e-05,4.236369567855844e-06,1.3706415556589411e-05,1.049852071889653e-05,1.6563078693688238e-05,6.924710222516907e-06,1.0875774978936183e-05,7.411989681569158e-06,7.882463582301663e-06,1.4149878818079489e-05,2.892658344117757e-06,1.6812668184259473e-05
2021-12-02,8.463830469244827e-06,2.0432617596791833e-05,1.725525634082369e-05,1.69180359360913e-05,2.705444707473791e-05,1.2770738299108657e-05,4.282379869025358e-06,1.0489637157683218e-05,9.836560491261732e-06,1.4723111280023368e-05,8.302063268713318e-06,1.1273312606542869e-05,1.1287038416563954e-05,1.0773674238688173e-05,1.575886830313759e-05,4.300310120259304e-06,1.4102970014970303e-05
2021-12-03,8.729102569623334e-06,1.6066024610719548e-05,1.567470629974731e-05,1.3306560533539851e-05,6.413236921004954e-05,1.3399310805530957e-05,3.5009340810394947e-06,1.0526649432116288e-05,1.2634054702358855e-05,1.7339771422658328e-05,7.852285887311846e-06,1.618931070694711e-05,1.1291755229763748e-05,8.28011574459726e-06,1.1236389922706122e-05,6.372995754114136e-06,2.424467184050957e-05
2021-12-04,8.971889757462594e-06,1.809498827405706e-05,1.692800132961756e-05,1.0008663499124842e-05,6.184291898577613e-05,1.3178303032707537e-05,4.3012647623247055e-06,1.3863003986388596e-05,1.357358392200674e-05,1.687141626967816e-05,9.069591904149098e-06,1.1384718576872228e-05,1.912758664487131e-05,1.0577143250824946e-05,1.2282838027889858e-05,6.875311444135255e-06,1.9169140178610197e-05
2021-12-05,8.731295270268596e-06,2.0465468373149304e-05,1.6106175438611973e-05,2.137980667392045e-05,3.92442675337781e-05,1.628857666204564e-05,4.9863316193960485e-06,1.2918374537202204e-05,1.1481020518807105e-05,1.567996544873496e-05,7.68477334994009e-06,1.4269034971052675e-05,1.6361487735205683e-05,1.3022868156482784e-05,1.5900512566849127e-05,6.4743736583016735e-06,1.9132230800913875e-05
2021-12-06,9.812585654518649e-06,2.3025230997799015e-05,1.8747457833577512e-05,1.287868254757162e-05,4.8789757232439536e-05,1.4588898200166326e-05,5.111603017006934e-06,1.468186020780684e-05,1.362371228082034e-05,1.8258863994557204e-05,9.973176960327062e-06,1.2634092959472325e-05,1.4303083991109108e-05,9.942868008018583e-06,2.0709223191064288e-05,3.723617349691257e-06,1.9425435799604524e-05
2021-12-07,1.0048567463812848e-05,1.9343467540333974e-05,1.8579883805808882e-05,1.1063287271424583e-05,4.355356063168035e-05,1.6374866658695942e-05,5.4831629201606e-06,1.743790694441163e-05,1.1163511368175743e-05,1.271458454526188e-05,7.097932602763959e-06,1.5844066221154997e-05,1.466449454395967e-05,9.902835784084457e-06,1.5306017325234226e-05,2.7414009106933827e-06,2.0999302001461734e-05
2021-12-08,1.4195449818405513e-05,2.2520410506472955e-05,1.61249382010942e-05,1.379362396238765e-05,3.408249912359288e-05,2.0215323807442213e-05,3.839564841255913e-06,1.551857783766272e-05,1.1512446304954164e-05,1.8305270901060012e-05,8.05807528110321e-06,1.3124699225642745e-05,1.3201782216375758e-05,1.0052018525736115e-05,1.815491090339937e-05,8.296583419538786e-06,1.698115995436699e-05
2021-12-09,1.4935172072353669e-05,2.4766095542065087e-05,1.5142777380992962e-05,1.186002638724093e-05,2.4114224257462748e-05,1.9688656477428857e-05,5.5494022058841694e-06,1.6516078111008854e-05,1.2570247111860024e-05,1.9449813700754586e-05,8.265513076558281e-06,1.5100873837232714e-05,1.7207529255646568e-05,1.363174084146416e-05,1.258323585819556e-05,4.715846659530019e-06,2.256971050058038e-05
2021-12-10,1.0961292066879171e-05,2.4446532585769478e-05,1.647107354260899e-05,1.5474396643603366e-05,7.177322271557251e-05,1.6678207795580434e-05,5.191508291806104e-06,1.6809439497974636e-05,1.0870442881305349e-05,1.6131072100801748e-05,7.310194171038309e-06,1.666892813651198e-05,2.1816859908722542e-05,8.958941995812452e-06,1.4857263726010162e-05,5.976972896873038e-06,1.799630461247482e-05
2021-12-11,1.0274364191368293e-05,2.0381772671573957e-05,1.4882070468226537e-05,1.9613161683393494e-05,5.033273533250165e-05,1.4316567591691212e-05,6.487657201133422e-06,1.6397561840964116e-05,1.0858225590224534e-05,1.4310875782288646e-05,8.174793924565286e-06,1.5517608844150322e-05,1.6194092939475795e-05,7.91940781084481e-06,1.788127232537558e-05,5.392278122921024e-06,1.5905837442341338e-05
2021-12-12,9.026999112329289e-06,2.3026589314383303e-05,1.8464511129468053e-05,1.057503275701679e-05,8.437133512013072e-05,1.3336262270873338e-05,4.575284144942303e-06,1.4339719377826415e-05,9.823352747526407e-06,1.2454429327622556e-05,7.443641837028122e-06,1.3990658421290888e-05,1.4845365918080183e-05,1.4025011623559161e-05,1.4240262489002811e-05,5.941893178042537e-06,1.5903832018744296e-05
2021-12-13,9.335687068082406e-06,2.377848473983844e-05,1.524880160699802e-05,1.7176560007385922e-05,4.499640028797696e-05,1.5699016973750374e-05,4.942745136610792e-06,1.327932285351945e-05,9.393312088160656e-06,1.134879316805216e-05,1.170125474126401e-05,1.615106282876498e-05,1.1355476673918065e-05,1.1703749841091328e-05,1.3978774105194644e-05,5.044400533249185e-06,1.3409684725740519e-05
2021-12-14,9.725732877849542e-06,2.0020664273357974e-05,1.773387876909904e-05,1.5678154444674268e-05,3.297533951916882e-05,1.4832227283657357e-05,5.799637361035697e-06,1.4350480769503828e-05,1.1387758531608879e-05,1.3566671426902255e-05,1.06228175961392e-05,1.4051057070603688e-05,1.242544107805637e-05,8.594275916811169e-06,1.2617433441378409e-05,4.787142523652004e-06,1.446388807843405e-05
2021-12-15,9.120535537826093e-06,1.7344933760077786e-05,1.5398427417108468e-05,1.2320372392838085e-05,4.745491782806334e-05,1.1728706622795326e-05,5.009464941996289e-06,1.4604901397035583e-05,1.100162255596663e-05,1.2502785451289995e-05,9.407514722760542e-06,1.2267306546593408e-05,1.0780955749695471e-05,6.3754289341110275e-06,1.5012248630132312e-05,3.5262909971733837e-06,1.5141904101429326e-05
2021-12-16,9.715435048505297e-06,2.240851077829939e-05,1.6046664789116227e-05,8.4308217353329e-06,5.2938903211803255e-05,1.2683994936549222e-05,4.691681005684149e-06,1.2731924143866052e-05,9.759153701574887e-06,1.1706513754167158e-05,9.190513649842778e-06,1.003292135928694e-05,9.666169440700669e-06,8.351672213568961e-06,1.6485821134021956e-05,2.431130627687539e-06,1.2584066909246322e-05
2021-12-17,9.614834228696681e-06,2.025735715421098e-05,1.4943873391777616e-05,9.591172832591902e-06,6.650505937239176e-05,1.2580477775190304e-05,4.2467476250393114e-06,1.1720202248897847e-05,1.029001647319568e-05,1.1965200665265157e-05,8.057577323853707e-06,1.2865989537806174e-05,1.0665437073263809e-05,9.45300068319414e-06,1.183205530352998e-05,3.6774514058228097e-06,1.2712301208500693e-05
2021-12-18,8.81204448508508e-06,1.7680329459502428e-05,1.664048444494036e-05,1.5356470746170912e-05,7.55886465852829e-05,1.0520663898980585e-05,4.138745366228968e-06,1.14629436062032e-05,2.280098786039938e-05,1.0061991385031755e-05,7.691940295517191e-06,1.3333918371922366e-05,1.2655346305063297e-05,7.4667346600430275e-06,1.0781872811307325e-05,6.641872801493978e-06,1.3589802827345657e-05
2021-12-19,8.39335032712949e-06,1.8249680360450396e-05,2.0891054620882345e-05,9.394730209898697e-06,3.878675044604763e-05,1.2174883383509247e-05,3.4329212533449174e-06,9.929142875868928e-06,1.3154754327727815e-05,1.1143182752194147e-05,8.260542429397408e-06,1.1871111809831205e-05,8.226389112945673e-06,8.802124392722183e-06,1.5901854558820156e-05,5.027162838063235e-06,1.1394080215982041e-05
2021-12-20,9.815264392025676e-06,1.9855386207473807e-05,1.746480664793322e-05,1.4339711871291428e-05,3.903635958063797e-05,1.3774076723637215e-05,4.6393291479897095e-06,1.3373449655886041e-05,1.3121336428979607e-05,1.724275383412917e-05,9.285883421448033e-06,1.2463914098704032e-05,1.2755411343092952e-05,7.364134497440894e-06,1.3644227245075257e-05,6.1876250755134505e-06,1.5350644703092148e-05
2021-12-21,9.450866993959057e-06,1.5802203939704353e-05,1.6112426008985945e-05,1.0478813995503973e-05,3.543334986889661e-05,1.4558902231330894e-05,5.576213949697608e-06,1.2378425922787036e-05,1.044497690615606e-05,1.2215764202228568e-05,7.768986671347182e-06,1.1796790017327963e-05,1.0776074184218857e-05,7.974675787457263e-06,1.174810621726564e-05,6.353312383007096e-06,1.2327949625481922e-05
2021-12-22,8.649205618594498e-06,1.9608966610241053e-05,1.6803225547176037e-05,9.076295665517759e-06,4.310546110270954e-05,1.5092410394245761e-05,4.948027239211253e-06,1.4860594207071993e-05,1.1203219404093422e-05,1.1197582983174037e-05,8.866347605098352e-06,1.3068123605631211e-05,1.3495260642421863e-05,8.933042934995922e-06,1.5894405860198335e-05,6.7698825526925346e-06,1.8237525532535744e-05
2021-12-23,8.618313143583422e-06,2.32821669477521e-05,1.637717022470676e-05,8.212270774991993e-06,4.395044148218469e-05,1.9793605046093334e-05,4.365573977036878e-06,1.1978946667056026e-05,1.267883965056519e-05,1.134925898666975e-05,7.465363950374456e-06,1.4485234717411385e-05,9.85948234944686e-06,7.536183827233566e-06,1.710597428463509e-05,3.4695501866964954e-06,1.2920960458060716e-05
2021-12-24,6.838019973968442e-05,1.6248216845557204e-05,1.683654950598597e-05,1.3579564023570502e-05,4.7726276786372844e-05,1.4360230300878782e-05,4.667876172553236e-06,1.2479307256790247e-05,1.2764643653516948e-05,1.3996360635204611e-05,7.133087710802374e-06,1.5518668120958585e-05,1.2302992020245668e-05,8.845084479829855e-06,1.4031553092130936e-05,9.706343562860798e-06,1.893899797943028e-05
2021-12-25,1.5293289018806477e-05,1.652058730687876e-05,1.893713489801632e-05,1.3626229128449353e-05,3.0848725562025215e-05,1.2654821029832718e-05,6.714329630139177e-06,1.3749088804600751e-05,1.0194912365394849e-05,1.1629156465167818e-05,8.880076783063917e-06,8.549675753547046e-06,9.024911244665966e-06,1.306523471694169e-05,1.809988291099555e-05,7.65407851400658e-06,1.7401336596663988e-05
2021-12-26,8.9006850844882e-06,2.4599213031129903e-05,1.694561807863716e-05,2.442705285483215e-05,5.098454804019039e-05,1.5374294097958418e-05,5.724783384989337e-06,1.2099084564647862e-05,4.916921800956875e-05,1.0718950484438763e-05,8.160015676622923e-06,1.0394638567716638e-05,9.300060328022918e-06,1.2707729010220403e-05,2.2323089515588958e-05,4.32455029181705e-06,1.1824945828178498e-05
2021-12-27,8.603671707144915e-06,1.9765901226895928e-05,1.4660284556123234e-05,1.4262363304161706e-05,7.8381270011718e-05,1.4701629144070182e-05,6.003117323321862e-06,1.0450825282671073e-05,1.2620690542743663e-05,1.2670792913219841e-05,9.797060285571529e-06,1.2743082258507441e-05,1.0354605100600813e-05,7.983922992014335e-06,1.4279323650910697e-05,6.687444556904971e-06,1.57065773627468e-05
2021-12-28,8.337770432541936e-06,1.9005603550091597e-05,1.7127637115966752e-05,1.2072572878872162e-05,6.975008544385467e-05,1.4471153142763122e-05,4.110405350706464e-06,1.1543280671741392e-05,1.2555621606883894e-05,1.3423738405315578e-05,8.398759466710422e-06,1.1928092501272975e-05,1.3554100082693043e-05,9.453435313937845e-06,1.6810220791190737e-05,4.7363622369838846e-06,1.9023226144874414e-05
2021-12-29,8.49325656502231e-06,2.097014484435141e-05,1.614351610463611e-05,9.957888613154371e-06,8.617312965139052e-05,1.2919593375625602e-05,3.543142168111533e-06,1.4155346397205735e-05,1.4629971649858063e-05,1.4004663104664634e-05,9.194571673984842e-06,1.4759468552361492e-05,1.6565596489055416e-05,9.400539355945548e-06,1.2487214541718112e-05,6.083633740914262e-06,1.4009768260159366e-05
2021-12-30,8.061711418194967e-06,1.9477573344981738e-05,1.7113861606701164e-05,1.8481643554675857e-05,6.282985674792661e-05,1.3413567635744009e-05,5.231149295090103e-06,1.1302067715653027e-05,1.5198123751627798e-05,1.215528754724303e-05,8.383498835455797e-06,1.424680693439583e-05,1.4556698618389075e-05,1.0930031786379764e-05,1.708510563203763e-05,7.651945020079399e-06,1.1712042079347874e-05
2021-12-31,7.797935231662445e-06,1.6072104593475023e-05,1.4358678340583688e-05,1.842681415397719e-05,0.00011641530973983056,1.172069868895955e-05,3.209572398483745e-06,1.1076078269158846e-05,1.0484345101758834e-05,1.390549474998672e-05,5.776706049039228e-06,1.3084682728412095e-05,8.695742129866111e-06,8.8021521725333e-06,6.7806859944679645e-06,4.1018808764570905e-06,1.5819737088796397e-05
2022-01-01,7.5722487592731695e-06,1.440208375064562e-05,1.4219202290097434e-05,1.4985838382728322e-05,6.950693971919197e-05,1.382324134372785e-05,4.252223675898081e-06,1.1023035865935512e-05,2.2919834695995846e-05,1.0053298096686179e-05,5.616888204148611e-06,1.3577599950205296e-05,8.338435661821638e-06,7.892171886242234e-06,9.121313469139556e-06,8.752070162959568e-06,1.1171903887029708e-05
2022-01-02,7.909876919106342e-06,1.6534897820455505e-05,1.6417422367238995e-05,1.3940102991546102e-05,4.474642544901317e-05,1.750565672047222e-05,3.9252115604314275e-06,1.2200129642430253e-05,1.1711773683420419e-05,1.2351538674898982e-05,6.290360592788656e-06,1.1592767480444265e-05,1.1863368506423475e-05,9.046188759664908e-06,1.2542432284997979e-05,7.246949215553982e-06,1.4798948358541169e-05
2022-01-03,8.0429507769678e-06,2.5505082309221722e-05,1.691658973683321e-05,1.5778562634022346e-05,3.767161991390322e-05,1.521040535173784e-05,3.5883030851709487e-06,1.2064092067968771e-05,1.215930773112244e-05,1.1749873278114571e-05,8.126657048758305e-06,1.3387629950264203e-05,1.2711179902316433e-05,5.870430786887219e-06,1.3446346259031282e-05,3.962853531942746e-06,1.3957745388966444e-05
2022-01-04,8.099939404918424e-06,2.1023297317310466e-05,1.6082249217426267e-05,1.565130112800442e-05,3.8265927322567856e-05,1.4224784718021909e-05,4.05337034828366e-06,1.1549400541691115e-05,1.0488715517998775e-05,1.1797472882170212e-05,6.646041197339019e-06,1.1264173776558809e-05,1.2806560111160942e-05,7.244923354748343e-06,1.652397438021326e-05,7.20401294843023e-06,1.6022378743972864e-05
2022-01-05,8.426504884160496e-06,1.8999262959626566e-05,1.5255564990332187e-05,9.49969600972769e-06,4.692911513589107e-05,1.4455591242386255e-05,4.5632612204204845e-06,1.0402743648166319e-05,9.04025650436366e-06,1.3275524365132914e-05,8.490039838017215e-06,9.876043857299716e-06,1.2365521858409335e-05,8.137946061168477e-06,8.672856746088696e-06,1.8259153998617781e-06,1.562346369273688e-05
2022-01-06,8.594357857781103e-06,1.919920813932652e-05,1.3767185629896261e-05,1.1939312991166466e-05,2.2870538458239825e-05,1.388994930168505e-05,7.613003855784475e-06,9.117351990326044e-06,1.0546107708952638e-05,9.271803923658842e-06,8.352340376484128e-06,2.118710646549438e-05,1.1771042566196317e-05,7.981185318857298e-06,1.3940085104219562e-05,5.75830339773238e-06,2.1408060571704444e-05
2022-01-07,8.162907274853088e-06,1.6442739017763295e-05,1.7805769578079573e-05,1.568260908430814e-05,7.057379564283523e-05,1.2679791779479133e-05,7.3299951339173385e-06,1.1208733330775546e-05,1.0720515324661347e-05,1.1102143160799689e-05,8.513458866311332e-06,1.9285250062194932e-05,6.947830634627483e-06,8.768301393519696e-06,9.497777409646871e-06,5.495986959639412e-06,1.3335461450723178e-05
2022-01-08,7.913359269828575e-06,1.4399050814570303e-05,1.5053176399353063e-05,2.0021941994893893e-05,3.608095253714698e-05,1.2957002591805425e-05,5.509893252283928e-06,1.0860713124077694e-05,1.7517209181851855e-05,1.0029745215385269e-05,8.77562982524302e-06,1.0493286524650815e-05,1.166402491134714e-05,8.386828485862953e-06,1.0534188709456542e-05,4.151915832362246e-06,1.4684839186140188e-05
2022-01-09,8.541328961073744e-06,1.5738835453224892e-05,1.3011704457791535e-05,9.871034928657095e-06,3.6862622222631804e-05,1.3716213156935259e-05,3.906398458893044e-06,1.004867765542913e-05,1.4105084669727035e-05,9.814701244700412e-06,5.3392287225405394e-06,1.0749071690367897e-05,1.1255097574380157e-05,8.325568397968614e-06,1.2496099496479632e-05,6.286450498917159e-06,1.4572575692090718e-05
2022-01-10,8.120229619102558e-06,2.0833559683612154e-05,2.0868407391328643e-05,9.251946483377196e-06,5.505629506170059e-05,1.6920789553900803e-05,4.00769131767158e-06,9.218831949654262e-06,1.083727799894284e-05,9.910894279290983e-06,6.842884631702263e-06,1.2025277416076296e-05,8.544821568908836e-06,9.813923798807271e-06,1.6559886839375805e-05,4.061026790013587e-06,1.8167213376069913e-05
2022-01-11,8.390570915431781e-06,2.0553821593506168e-05,1.8733469213019877e-05,1.0147005760658111e-05,4.798798380885426e-05,1.4561656068021304e-05,4.381732432297397e-06,9.222407272647333e-06,1.0466383221210722e-05,8.210631145606414e-06,9.685364794667507e-06,1.0635433093979366e-05,1.0630996623793258e-05,1.1431223472417029e-05,1.601598192261929e-05,6.632560566332239e-06,1.9367219374142125e-05
2022-01-12,8.161942439843156e-06,1.8877486053524356e-05,1.721170395869191e-05,8.84130658436214e-06,1.841972568423525e-05,1.3776700074666395e-05,3.7932578153905717e-06,7.968377188650794e-06,1.111618347697982e-05,9.194896000800393e-06,1.1188610748546345e-05,1.1625557566891472e-05,7.558906558812828e-06,8.73158672970586e-06,1.0107165432820409e-05,4.9661953839213904e-06,1.2136112782151545e-05
2022-01-13,8.39094466442189e-06,1.3299687869272307e-05,1.599738192846377e-05,1.5929968504775428e-05,2.8134569811606592e-05,1.3850828384924156e-05,4.047404799443273e-06,7.346240006842056e-06,9.132551263947239e-06,9.953928326155198e-06,7.647988419190257e-06,1.0282650694481286e-05,1.0696688025236035e-05,6.797952870383876e-06,1.1097063334384365e-05,5.021976728159842e-06,1.1420256295468193e-05
2022-01-14,7.946331838974002e-06,2.147214741005263e-05,1.4828423672829329e-05,1.2506033002957909e-05,0.00022063402958730265,1.2918228912818879e-05,4.318684355997789e-06,8.70439043491626e-06,1.0413031350737566e-05,1.0385689506787049e-05,8.95936577039249e-06,1.1110386450984727e-05,8.891949017014943e-06,6.712176173202707e-06,1.1633680426749738e-05,5.234001427958743e-06,1.2082335175445747e-05
2022-01-15,7.532577068774476e-06,1.5939833050742864e-05,1.6242373017402012e-05,1.1202969805450244e-05,2.440899715635183e-05,1.2936575551020693e-05,4.6952508320375745e-06,9.158766857117457e-06,1.0230154944043407e-05,8.602102155256695e-06,5.905737369058539e-06,1.1628166998367584e-05,8.683734063538881e-06,8.71232680983343e-06,1.251702150226657e-05,3.6605486696567802e-06,1.0632236073444336e-05
2022-01-16,7.159188609162758e-06,1.9960280978743658e-05,1.552934918546976e-05,9.488476245599719e-06,4.503276726354834e-05,1.3298656488148814e-05,4.949488165222429e-06,9.756114465816572e-06,1.1149862009381612e-05,8.1769768748804e-06,8.18367485960099e-06,1.1049557708304052e-05,9.924975656576477e-06,8.114946364475555e-06,1.1694116589132658e-05,6.91594020478099e-06,1.2519332389363575e-05
2022-01-17,7.413346752233234e-06,1.7505581893499222e-05,1.688258116391661e-05,1.3744082885982524e-05,4.62596842446124e-05,1.4816039763890099e-05,4.351036734910632e-06,1.095938859242814e-05,9.638012060392756e-06,9.321498931712867e-06,7.662159107652789e-06,1.0526792747131334e-05,9.637820466680347e-06,8.232936048430463e-06,1.688107918458e-05,3.651439228816035e-06,1.2091462238665716e-05
2022-01-18,7.625963673122156e-06,1.4715887939433085e-05,1.4123517915253561e-05,1.2550909627175229e-05,7.14381390364781e-05,1.1315170922190893e-05,5.095001396030382e-06,1.2033946541284546e-05,9.202101020418518e-06,1.0936767131701253e-05,7.471897550240396e-06,1.0208109840480762e-05,9.064256000122559e-06,1.0788836575019097e-05,1.2554133890302908e-05,3.818712619235892e-06,1.1977133940288853e-05
2022-01-19,8.069549822447442e-06,1.6890847705900314e-05,1.5438514629266516e-05,1.1331494463285592e-05,1.802463517011876e-05,1.3087824212520947e-05,5.0464174493901135e-06,8.614652390012239e-06,8.146895376161004e-06,8.125968435466395e-06,9.096749260967542e-06,1.0535954423376792e-05,1.2305838161647677e-05,8.12231077674101e-06,1.0613002295710319e-05,2.9934009116266414e-06,1.639579801584956e-05
2022-01-20,8.283811485789301e-06,1.8145448530318176e-05,1.4811387624289528e-05,1.1769538763165747e-05,4.139739196430625e-05,1.3268416089983797e-05,3.993010870395327e-06,9.745019110285822e-06,9.69605650978253e-06,9.931822453003444e-06,7.400996096169322e-06,9.83763153118308e-06,1.1783326127376202e-05,7.345556547813478e-06,1.2329704843463727e-05,6.126193459063244e-06,9.73619154051949e-06
2022-01-21,7.823115942726698e-06,1.3106896787842582e-05,1.5632346489406216e-05,7.703154655808072e-06,3.5881271632266645e-05,1.1337799065629303e-05,4.664425068759419e-06,9.533798406569177e-06,9.425307579204001e-06,1.0691916208081613e-05,7.900779677433185e-06,1.2050544422984257e-05,1.3594644840576543e-05,9.626992252563377e-06,9.58752777686563e-06,3.7119949714841453e-06,1.1041626112546068e-05
2022-01-22,7.3923739406219785e-06,1.3730355207750658e-05,1.5977946439426982e-05,1.4556069981569004e-05,6.128063628652245e-05,1.2103441464968688e-05,4.143954988972769e-06,1.0315309129502612e-05,8.78149367214306e-06,8.302465367931673e-06,9.816952970644141e-06,8.261202707196127e-06,1.1876393293051402e-05,8.428774149190507e-06,9.8911901642005e-06,6.118644378914121e-06,1.6452422944264675e-05
2022-01-23,7.660014509778549e-06,1.711474939487823e-05,1.6020566555517784e-05,9.88578055114516e-06,5.169788788279055e-05,1.3780650486470771e-05,4.209504823521962e-06,1.0486367281003441e-05,9.096930471903635e-06,8.084426977994239e-06,5.918428075265565e-06,9.879247370708878e-06,1.2478377115210964e-05,8.176320004812348e-06,1.2480058802594303e-05,5.600320089405999e-06,1.8055845399389598e-05
2022-01-24,8.365046817196364e-06,1.5661403111722274e-05,1.4947632597906766e-05,7.516275420669829e-06,7.321498436173693e-05,1.3097423201972444e-05,5.359505701433521e-06,1.1394381141334796e-05,9.563004970543321e-06,7.399757612323252e-06,8.142736916688777e-06,8.439888275355899e-06,8.464946404255012e-06,7.4004634113261535e-06,1.0979852385207198e-05,4.656684561118437e-06,1.4266902659691358e-05
2022-01-25,8.053115934656536e-06,1.562106137132915e-05,1.549001316464117e-05,1.0360695095461301e-05,2.3172930309729386e-05,1.2794121327028842e-05,5.3921912537946805e-06,1.005659592662448e-05,8.290337658225346e-06,8.778266531580609e-06,6.203846103172391e-06,1.1008455465131528e-05,6.339119301084205e-06,9.895296292418912e-06,1.376957141418916e-05,3.2403173242755664e-06,1.7776821779806507e-05
2022-01-26,8.280889019284254e-06,1.6406279296927317e-05,1.7419220542138402e-05,1.1950253204776726e-05,2.447561005458061e-05,1.3493200075873301e-05,5.30151533710813e-06,1.6322224503414476e-05,1.0530081811214186e-05,8.263424154815148e-06,1.1946461199459201e-05,1.0134449822786068e-05,1.0265840191415353e-05,7.987217089617838e-06,1.2121610164168477e-05,4.230242585904991e-06,1.8382186022850164e-05
2022-01-27,7.933985357771356e-06,2.0270326841393947e-05,1.6726982678001548e-05,1.0432904978447638e-05,3.81291591623248e-05,1.337017705187269e-05,4.2514665775860545e-06,1.3490433478318395e-05,1.1705694413177422e-05,7.442919398299923e-06,5.94993383863463e-06,1.0829916316779018e-05,1.1943135068225455e-05,7.750686643763387e-06,1.045009213868473e-05,1.5533819714488393e-06,1.2945293835515802e-05
2022-01-28,7.775501084688582e-06,2.1513836470255585e-05,1.5162658121331591e-05,7.2158813192605926e-06,6.610521305710168e-05,1.2263915428039208e-05,3.703491317104873e-06,8.702774975319143e-06,8.274409141921205e-06,7.419637875095867e-06,7.0587552985179415e-06,1.038467836019385e-05,9.695370254676775e-06,9.384616941198483e-06,1.2930069724286327e-05,4.0853976507212626e-06,1.3923325551499662e-05
2022-01-29,6.810298442287543e-06,1.8666358538146994e-05,1.577199411537622e-05,1.5220625420408404e-05,2.2823531713297315e-05,1.2413877179204286e-05,4.572606794121555e-06,9.13610387180968e-06,8.096642203159412e-06,8.233852173043052e-06,4.921458568890325e-06,1.1798909935970732e-05,1.0549503485840432e-05,7.048089703387019e-06,9.339154884671211e-06,4.158690068077756e-06,1.3747682763627928e-05
2022-01-30,7.185731370089029e-06,1.4394735079703954e-05,1.528393392575385e-05,1.6202095803407923e-05,7.039389293871039e-05,1.284708891571441e-05,4.031604724397788e-06,8.822210219744437e-06,9.465757155813097e-06,8.355682029005074e-06,7.147536475048804e-06,1.0911353093845013e-05,7.065628781215402e-06,8.148753160734011e-06,1.347575423047775e-05,4.371180470910634e-06,1.5598342676090664e-05
2022-01-31,7.643614054442669e-06,1.5859898130490557e-05,1.7620297579350397e-05,9.911240049594567e-06,4.85343829702557e-05,1.382712797853503e-05,4.692951682432033e-06,8.251086325950914e-06,1.0452213609347103e-05,9.167313501522259e-06,6.111065278121525e-06,9.522169838342737e-06,1.0141804473946807e-05,9.41722531167705e-06,1.3351566419826654e-05,4.089107310128593e-06,1.7957808754765866e-05
2022-02-01,8.066255737733015e-06,1.386350255326726e-05,1.5895629298029142e-05,7.350140227892695e-06,4.84816023862183e-05,1.354748951078244e-05,3.4310806534533812e-06,9.505294380339564e-06,1.0817975921503737e-05,7.733425152412921e-06,6.897197274621763e-06,1.120356385366185e-05,1.0747520777260702e-05,7.759631680128882e-06,1.2571796386271415e-05,5.186582440889979e-06,1.478948902315425e-05
2022-02-02,7.839436727887777e-06,1.7714539272917537e-05,1.5013019217030768e-05,7.465309639270017e-06,5.5282215711205703e-05,1.2684143974422375e-05,5.2084452335238975e-06,7.439633042129188e-06,9.47562358264812e-06,1.0261687062399807e-05,9.4504632866738e-06,1.3613001600267526e-05,1.249351898702548e-05,1.2046107620535411e-05,1.4857886600494974e-05,5.742921562028722e-06,1.4247181140414518e-05
2022-02-03,8.275312615281133e-06,1.6682691994307556e-05,1.5351811431507072e-05,1.1894413913709783e-05,4.888529879392984e-05,1.2501852003075988e-05,6.218408316539775e-06,7.907873815420953e-06,1.0393930845193747e-05,9.58647790928393e-06,6.676363342603649e-06,1.0682281924648098e-05,1.0329001795545065e-05,5.619067493897458e-06,1.153302770809907e-05,3.690605733441175e-06,1.5211188600193494e-05
2022-02-04,8.236987928743367e-06,1.9285067583447955e-05,1.7529261964896093e-05,1.1365424319237721e-05,3.4592040105479115e-05,1.2723782879761725e-05,5.9153545594180245e-06,8.095292457911046e-06,1.1117620145127703e-05,8.691636543355703e-06,7.778291120473869e-06,1.059459170765661e-05,1.0022522765399257e-05,8.327988231452706e-06,1.2717627562914218e-05,3.3503490454550992e-06,1.4785793891372468e-05
2022-02-05,8.566325100786507e-06,1.785694985439537e-05,1.5977254842054445e-05,1.11207598476746e-05,2.729779160865886e-05,1.4750853722421518e-05,4.559392272090636e-06,8.183088030996776e-06,1.1453381895066569e-05,6.557015531891199e-06,6.431492810498044e-06,1.0168714292838356e-05,9.244948791104261e-06,8.731867824813438e-06,1.1921662057346935e-05,6.6334042176580525e-06,1.8994606636052957e-05
2022-02-06,8.161688225655822e-06,1.8716942792203324e-05,1.5486672759253512e-05,1.0215631550773732e-05,7.336165093059254e-05,1.3947869706482596e-05,5.1876830361297495e-06,7.84176339162331e-06,1.1567912623499674e-05,1.0102242353081318e-05,7.183046052304003e-06,8.104218708936213e-06,8.885044309496588e-06,8.639399326126853e-06,1.0111674653790548e-05,7.050190304779727e-06,1.745688150268836e-05
2022-02-07,8.574913033813559e-06,1.6139701905993993e-05,1.56308536916799e-05,6.696233581672287e-06,5.051425709999846e-05,1.5192220544297009e-05,5.721988947092457e-06,1.0699200155472541e-05,1.0273688116072716e-05,1.12288834143582e-05,8.04823945887465e-06,1.1370317185030509e-05,8.229059940008994e-06,9.830396819040876e-06,6.909640898559315e-06,5.381905693149797e-06,1.5253225482581756e-05
2022-02-08,9.008462129653268e-06,1.939953691149888e-05,1.7477754077369333e-05,1.8245345156316996e-05,4.142438849971766e-05,1.4570783125116624e-05,7.1262599023684274e-06,8.113407676632558e-06,1.1221196700301912e-05,1.1034675387290832e-05,6.8963992132861355e-06,1.0528452738585538e-05,1.0093589619241955e-05,9.57047063188102e-06,1.201305324232307e-05,7.351625812048334e-06,1.881367938252629e-05
2022-02-09,8.826840111198939e-06,1.83204366506442e-05,1.7023087693040664e-05,1.572023166073151e-05,5.1963911063766215e-05,1.2882593762241248e-05,5.67839475156716e-06,9.175331237798894e-06,9.199011550503268e-06,1.3071429847734632e-05,8.867327616290711e-06,9.222922651959179e-06,7.722811899214964e-06,1.0121837624948093e-05,1.317244137087479e-05,3.5218975333713337e-06,1.9373636493842298e-05
2022-02-10,9.59650163214363e-06,1.7748096488209177e-05,1.5696028745314644e-05,1.4114728907811687e-05,2.2401182782450912e-05,1.5125808049026869e-05,7.296743139237263e-06,9.822230498486326e-06,9.071544079643127e-06,1.0553574163885548e-05,6.650279460795341e-06,1.0571810666871245e-05,8.069176808256675e-06,6.860616289161256e-06,1.0390410218118325e-05,2.433517649762732e-06,1.5584232551080147e-05
2022-02-11,8.561452360017268e-06,1.9349386835521536e-05,1.62200392812085e-05,7.627072475348212e-06,3.915185887432813e-05,1.5445398970100798e-05,5.013101819936119e-06,8.55123538874739e-06,1.0786764564840578e-05,1.1882615854386592e-05,9.525693116222148e-06,1.4566348597372679e-05,8.01335253485236e-06,7.501069610067511e-06,1.2509133507038595e-05,6.157615607033873e-06,1.5046766247812604e-05
2022-02-12,8.33888730534049e-06,1.8918375910399546e-05,1.5674282159286657e-05,1.216182524673303e-05,1.7560680932963855e-05,1.3861865724704642e-05,8.035355781880836e-06,8.572773671448562e-06,1.1432940814911792e-05,1.0978840952107168e-05,7.54017763507336e-06,8.375281716995567e-06,1.1825244825236291e-05,1.1108592862349768e-05,9.010363997912368e-06,5.288004558259929e-06,1.7142335592260744e-05
2022-02-13,9.225600947535936e-06,2.1515162034123267e-05,1.6149437684741986e-05,1.0855183410385033e-05,3.62568434792067e-05,1.7479564549087952e-05,5.622403781397995e-06,8.186028287252499e-06,1.0931738379207834e-05,1.0181769231379313e-05,6.684300903097961e-06,9.610729748201626e-06,7.202201254601634e-06,1.0897268858370785e-05,9.648962358978317e-06,5.800604229607251e-06,1.8460167920039286e-05
2022-02-14,8.392238435348719e-06,1.7217682932646054e-05,1.5002686390117552e-05,6.569991432731172e-06,3.321442568936541e-05,1.5183047664345485e-05,6.470908586052164e-06,9.642207227533717e-06,1.0832285480492372e-05,1.2396340741214225e-05,8.746506645245889e-06,1.3994966118340819e-05,1.0587280981256232e-05,9.079107501722622e-06,1.5094332389658034e-05,3.513919038764744e-06,1.6308064248411584e-05
2022-02-15,8.772315007928915e-06,1.939569743037206e-05,1.660150197764254e-05,1.1910742726430091e-05,2.9774310724706724e-05,1.4363194314568918e-05,6.764823463920734e-06,9.034208114903586e-06,1.0452210078447757e-05,1.092197537273697e-05,8.917035956128887e-06,1.3548303957144508e-05,1.0733165001528893e-05,1.007075047094554e-05,1.1970015589748304e-05,2.8975474631445133e-06,2.13816844491009e-05
2022-02-16,8.66975153870804e-06,2.3672549870270857e-05,1.645443780039171e-05,1.2296670707147716e-05,4.895805734428458e-05,1.3384368741481157e-05,7.372884223961632e-06,7.544357247849052e-06,1.1263806869219722e-05,1.0207419569136415e-05,7.915113128821774e-06,1.1353024329240035e-05,8.422819946079914e-06,9.725469448410274e-06,1.2055533574299338e-05,4.854234987895071e-06,1.8608430201796094e-05
2022-02-17,8.36124851115951e-06,2.3357419000481775e-05,1.4521275765163387e-05,9.744269505119985e-06,1.5630128635958674e-05,1.4604772546875743e-05,6.750871736450789e-06,8.140368322955772e-06,1.1225234326766572e-05,1.3411930957110005e-05,8.109850003689982e-06,1.4882383906282099e-05,7.999992470595322e-06,1.0558136773470126e-05,1.2280193742160631e-05,5.220427323298976e-06,1.7864328884175214e-05
2022-02-18,8.730694294418733e-06,2.0026617194853525e-05,1.6324083060358387e-05,1.406655935204378e-05,5.733689246784356e-05,1.2071266057312752e-05,6.789729790609687e-06,7.832218290034981e-06,8.423415597865962e-06,1.2920442660730306e-05,8.685556456745529e-06,2.8993319724370174e-05,8.254939324999594e-06,7.924081430208653e-06,1.470354991903406e-05,3.021369597825493e-06,2.6988699095633227e-05
2022-02-19,8.137651401517379e-06,2.141317520005894e-05,1.6458958198726836e-05,1.4267350167855376e-05,4.609215357905573e-05,1.3607684764441615e-05,6.312362714434224e-06,8.71573593009995e-06,1.0208918947172791e-05,1.1208120215725078e-05,7.4428822661554705e-06,1.0589616070031195e-05,1.0229099332617457e-05,1.13029169013788e-05,1.1828254652314141e-05,5.786655650588872e-06,1.5032126472796079e-05
2022-02-20,1.030153684358325e-05,3.302446636643334e-05,2.2841857201915888e-05,1.0931607180504259e-05,4.033906327316538e-05,1.860228702573253e-05,9.680141853210638e-06,9.368538310937207e-06,1.103293792991271e-05,1.4222595122019009e-05,7.717124584055194e-06,9.972156314974831e-06,1.1646147448878126e-05,8.753219239520312e-06,1.6145897731033987e-05,4.987661771692276e-06,2.260422929095688e-05
2022-02-21,1.1203051796575744e-05,1.7926546746379254e-05,1.6960484937082484e-05,1.4447388911106445e-05,2.786686142506485e-05,1.4733996816381675e-05,6.140685398052714e-06,7.801328077374672e-06,1.2269939660718875e-05,1.4929474535121332e-05,1.0479067663681613e-05,1.0516375047586597e-05,1.3283045200099666e-05,1.2074298493787423e-05,1.1697835549488278e-05,4.3053528451924275e-06,2.3856924450025428e-05
2022-02-22,9.694715100567797e-06,2.301253816961477e-05,1.6895349211310785e-05,1.144455859658019e-05,6.422487823170264e-05,1.4842791270349276e-05,6.60525074158175e-06,8.707300370921357e-06,1.1972206246262148e-05,1.4885007457154327e-05,7.945795795510133e-06,1.0750505703788305e-05,1.0292412751641534e-05,8.282155945664711e-06,1.5992417000976618e-05,4.7322787989675665e-06,1.725638567159157e-05
2022-02-23,9.250255107625718e-06,2.1027363529423853e-05,1.76078987985554e-05,1.0016599731666423e-05,7.333597844298316e-05,1.4873994969036661e-05,6.538587322614829e-06,8.60806781149945e-06,1.1267731106336703e-05,1.4424614893214028e-05,1.1772915254828891e-05,8.662108903916154e-06,1.0298329457582606e-05,7.691519177124919e-06,1.1969519075604924e-05,6.823280448036089e-06,1.7278274787611478e-05
2022-02-24,1.009982702752371e-05,1.738047013898734e-05,1.2823180738387712e-05,8.238825504422091e-06,4.525003878574753e-05,1.3666407004933573e-05,7.818815038375007e-06,8.627592184281848e-06,1.2981385090764098e-05,1.411374009536588e-05,1.0690041651410527e-05,1.349327146112763e-05,1.1093138172986027e-05,1.6060020310906937e-05,8.52940163720285e-06,6.47576249650456e-06,1.9322456104999014e-05
2022-02-25,1.1695409856301742e-05,1.9803160340370338e-05,1.4075023576422844e-05,5.940603470262923e-06,5.0638569827095474e-05,1.3954038644627385e-05,9.211739158751124e-06,1.4754690283494374e-05,1.3603742361266553e-05,1.7642240412797114e-05,1.2404794567858488e-05,1.2746100107615324e-05,2.2862289419175148e-05,1.4449763089027715e-05,1.846323968977765e-05,6.0894370848240825e-06,2.42172144580054e-05
2022-02-26,1.265599593282857e-05,2.0900127048294827e-05,1.6343736349784447e-05,1.7438071527725113e-05,3.5476928171046095e-05,1.6686119874628405e-05,9.069309878786762e-06,1.7959528686045394e-05,1.258014954221509e-05,1.925516120257085e-05,2.1879765338722077e-05,1.563606185678629e-05,2.593046976055758e-05,1.3600120749643513e-05,2.054384612457182e-05,7.901873944038929e-06,1.7083855887600494e-05
2022-02-27,1.0362291169132665e-05,2.338641721811428e-05,1.5123261153733867e-05,8.810709311439544e-06,4.846839860411012e-05,1.7646923417753307e-05,9.124866492786095e-06,1.3838606246651186e-05,1.3975396314787815e-05,1.740909992086028e-05,1.2892837007929405e-05,1.502477517131317e-05,1.593679690808183e-05,1.1662821864416222e-05,1.678922803129512e-05,1.0402635586533694e-05,2.61704906493043e-05
2022-02-28,1.103755066424182e-05,2.2166375271191747e-05,1.394320363810717e-05,6.959295774941942e-06,5.2320501439685795e-05,1.3773701313688478e-05,1.3067647700980955e-05,1.1914491917293786e-05,1.5184042844470829e-05,2.042468102657155e-05,1.1251684286484306e-05,1.5466238514494055e-05,1.7639364849738127e-05,1.5252371710643676e-05,1.5757751342304113e-05,9.27315514317602e-06,2.803821789991487e-05
2022-03-01,1.061034244168934e-05,1.7124667268230783e-05,1.9773776247117083e-05,1.6927622667399506e-05,4.290980731630871e-05,1.39853981228891e-05,9.337267555877748e-06,1.1415959637680008e-05,1.1279219611809574e-05,1.686968901797501e-05,1.4632283184049604e-05,1.3264186867112977e-05,1.6063713399364477e-05,1.3523032632024354e-05,1.6616334558449525e-05,1.0292015351570098e-05,2.793614518144301e-05
2022-03-02,9.990706327388895e-06,2.0880061393805133e-05,1.5043287778296159e-05,9.478895940329296e-06,5.235784844148138e-05,1.3247529344204487e-05,1.1143302531952265e-05,1.0255422939867377e-05,1.1097570248647226e-05,1.8083599522521118e-05,1.2829079968156873e-05,1.1578221839009429e-05,1.4672024561611687e-05,1.0805169359254842e-05,1.6930679064050215e-05,9.828723570971848e-06,2.4319775868945593e-05
2022-03-03,1.0535140442468895e-05,3.065047787127558e-05,1.5053812223283092e-05,1.2359843015452713e-05,8.098313526208167e-05,1.481395603475483e-05,1.0006604973184447e-05,1.0479602433265744e-05,1.3296818313138e-05,1.940335006538621e-05,1.0211479745529924e-05,9.755148959525408e-06,1.3190034142237117e-05,1.0959783294396877e-05,1.1939325096069594e-05,7.423872824109275e-06,2.479675601208079e-05
2022-03-04,1.0275358870223864e-05,2.5677191263592446e-05,1.678654156740405e-05,1.0049439520425858e-05,4.882564159944664e-05,1.4117254667250721e-05,9.079628990408752e-06,1.0963536664842186e-05,1.5534991026806927e-05,1.8912242934398565e-05,1.0610438722611588e-05,1.0771435666436003e-05,1.3187429214975117e-05,1.1296675071668448e-05,1.580332501958412e-05,5.5169690352853725e-06,2.0798739415532817e-05
2022-03-05,1.1902115463325684e-05,2.5597559878923543e-05,1.7038599721405988e-05,9.996351331763905e-06,6.282229144308039e-05,2.150894517954281e-05,8.203917909442834e-06,1.2786982866619209e-05,1.548924992796833e-05,1.513739112310818e-05,1.0832397933664828e-05,1.640539804432465e-05,1.5417701153386563e-05,1.180302933991345e-05,1.4162974883112394e-05,6.654283045918213e-06,2.876883759511697e-05
2022-03-06,9.687391780919857e-06,2.2552823398700724e-05,1.71587808225868e-05,1.0874442956659545e-05,8.413029736649431e-05,2.8678086646872686e-05,6.9215212577221626e-06,1.1245980619544245e-05,1.3802499517310283e-05,2.5021856618546296e-05,1.1381055483400623e-05,1.1344312001352493e-05,1.1833027314844756e-05,1.0522320899789255e-05,1.2197243781647811e-05,7.37576170773897e-06,3.3957031647120194e-05
2022-03-07,9.265258423983386e-06,2.3953256737640654e-05,1.8618978667445302e-05,1.289084374742894e-05,7.610197664870927e-05,2.164629500667931e-05,7.321420824696994e-06,9.757437130276254e-06,1.3144723361108349e-05,1.810256927781093e-05,1.077961992640398e-05,9.045297493050574e-06,9.928746292420718e-06,9.728479586745804e-06,1.245681303288036e-05,5.521898468852853e-06,3.157192384407294e-05
2022-03-08,9.381868280111688e-06,2.0730944845792395e-05,1.843261823626399e-05,1.3910414611499508e-05,6.339896148410833e-05,1.6307303752139853e-05,1.0679835088530277e-05,9.411262666425155e-06,1.1131446614973466e-05,1.691535619115341e-05,9.816949638821371e-06,9.476246288272781e-06,1.4451003322138704e-05,1.1429503976888674e-05,1.608601837465664e-05,7.678389420665517e-06,2.8040154435823914e-05
2022-03-09,1.016460276939339e-05,2.810485397027507e-05,1.8619694071963364e-05,1.507775558878834e-05,8.65132498369558e-05,2.6912286376443453e-05,6.8590051167560246e-06,8.86788960686697e-06,1.4367167050924581e-05,1.5976434244121073e-05,9.230421764259585e-06,1.1128800707211092e-05,1.3172277040306435e-05,9.838143166746241e-06,1.0920094834956921e-05,5.9550025122666845e-06,2.3089168942258988e-05
2022-03-10,9.269105293045442e-06,2.6772465582711884e-05,1.670073247013614e-05,2.4196176550426724e-05,8.139366299462548e-05,2.1657688351640004e-05,6.290851016209532e-06,9.918848142912128e-06,1.4509777404202682e-05,1.4717034139182934e-05,1.0621993596455289e-05,1.469182326576144e-05,1.1240950881809833e-05,1.019546782780301e-05,1.1351791616782976e-05,6.546196508762336e-06,1.9214295825244278e-05
2022-03-11,9.570136094576116e-06,2.680026964405267e-05,1.814102153376854e-05,1.6331640160034882e-05,0.00010337476705753505,1.6802252723847013e-05,5.404093053938038e-06,1.1120922882505414e-05,1.3061004192018561e-05,1.5924630612673173e-05,7.789105024751651e-06,9.492121619497525e-06,1.289521892174087e-05,9.95955665486258e-06,1.1067943671250198e-05,3.948027043985251e-06,1.1489450850696054e-05
2022-03-12,8.564437887122946e-06,2.3436904922335955e-05,2.6242241720810726e-05,2.650023509494277e-05,4.709095618186527e-05,1.6295038328518398e-05,6.173617804143875e-06,1.2533567314080733e-05,1.2459423359829771e-05,2.0135231060516792e-05,8.774141721198722e-06,1.0195133231781176e-05,1.1771119703293718e-05,9.2546858190897e-06,1.3259046761550339e-05,1.0157633363172746e-05,2.0352924617181106e-05
2022-03-13,8.559698573641796e-06,2.3858482758830105e-05,1.8953780784362203e-05,1.4116299023152107e-05,4.639641613461147e-05,1.821433423064871e-05,7.103102230767157e-06,8.75681994501139e-06,1.1583360946293945e-05,1.611752155423675e-05,7.595763312736428e-06,8.219777112523817e-06,1.093345437531483e-05,9.547042080228867e-06,1.2427227900990722e-05,9.973342221404336e-06,1.9593681721145457e-05
2022-03-14,9.714288537310691e-06,2.1230528551206195e-05,1.7833632901585456e-05,1.7803608395786084e-05,4.773020162600887e-05,1.3307165146644478e-05,1.869406888344224e-05,9.903488089152296e-06,1.1873587312964014e-05,1.7384062133798806e-05,1.054516660325544e-05,1.0137622521329815e-05,1.239767829805574e-05,8.638438170378796e-06,1.520109060114365e-05,1.1432238455153996e-05,1.8955224562317015e-05
2022-03-15,9.988176765447365e-06,2.4347929690594666e-05,1.4701060706571867e-05,1.1488006361802634e-05,3.971535769520098e-05,1.5513938950229375e-05,1.2537956605625603e-05,7.586104773713782e-06,1.058727621144908e-05,1.619188429513434e-05,7.3399762837210746e-06,1.0815188410664068e-05,1.0276188925865005e-05,9.422296222707825e-06,1.5043465357976352e-05,6.33987566235851e-06,1.1462450110905302e-05
2022-03-16,1.0184829832992889e-05,2.7462829975056428e-05,1.695298554205549e-05,1.1216099707584475e-05,4.385640949883665e-05,1.7883541729862064e-05,5.819928533893302e-06,8.606466157190352e-06,9.05289660740037e-06,1.4079281576118494e-05,9.007729040959372e-06,8.5528980007415e-06,1.1301332077526206e-05,9.447978970627453e-06,1.4906288765941235e-05,4.976669895390399e-06,1.9310148607481633e-05
2022-03-17,9.489153055786082e-06,2.433155175021498e-05,1.6386194121063352e-05,1.1600786411205139e-05,2.85672795141658e-05,1.4785445828910051e-05,7.652537887330783e-06,9.47566650515622e-06,1.0730583032930509e-05,1.651391721618279e-05,8.912147717508683e-06,1.7426501748591028e-05,1.0371135247113755e-05,9.505819817346477e-06,1.2944430254369611e-05,7.055232703282963e-06,1.7088441600993806e-05
2022-03-18,1.0554977172473154e-05,2.4617916626967503e-05,1.9743750074461266e-05,1.0243621250485409e-05,4.97640598105453e-05,1.6435566820026778e-05,1.0541629570093706e-05,1.047829165499935e-05,1.3183767913142826e-05,1.5529299049554258e-05,9.827590140353197e-06,1.8597066213500098e-05,1.4264658168215593e-05,1.4795370116860545e-05,1.2932727962743041e-05,8.069994951769824e-06,2.390946756413651e-05
2022-03-19,1.0932199377514047e-05,2.122638691559753e-05,1.8192292719364147e-05,1.2138051960572832e-05,6.311223015369489e-05,1.528418089508626e-05,8.320329759139913e-06,1.052720313668866e-05,1.0284825687608137e-05,1.379584787726592e-05,7.136246159459086e-06,2.183122691495262e-05,1.2234698215875133e-05,1.2456942877112559e-05,1.8813102280566064e-05,8.018773692425641e-06,2.5999735322694417e-05
2022-03-20,9.237002366326268e-06,2.1308413696748506e-05,1.8301016980563856e-05,1.5176056482752886e-05,5.1958564412211907e-05,1.5695391248269664e-05,7.239318371264562e-06,1.0651702094080404e-05,9.449034695773134e-06,1.3752101914400447e-05,7.90703844492916e-06,7.86911074157011e-06,9.10038225991218e-06,1.2922147689984609e-05,1.633233838852402e-05,4.3404024020454645e-06,1.873163100879884e-05
2022-03-21,9.847177322051855e-06,2.594627934060867e-05,1.685436380734031e-05,1.4483417066795203e-05,3.817331160635681e-05,1.3902714073096046e-05,5.7651734631891554e-06,1.1109414786017677e-05,1.1060301831639286e-05,1.2132154761214869e-05,8.05228631859561e-06,1.3096880708217676e-05,1.1864001928973723e-05,1.3306399210013863e-05,1.3934141586118983e-05,5.468467177713153e-06,1.975671728387652e-05
2022-03-22,9.601014137544027e-06,2.368944480682398e-05,1.8260881113600703e-05,1.3462166264484449e-05,5.059960532307848e-05,1.5936221393234692e-05,8.315333354051014e-06,1.2201663928973584e-05,1.2322687221276792e-05,1.4940577859230645e-05,8.992738928726781e-06,8.740876709934006e-06,9.87044518146349e-06,8.344705478090529e-06,1.306348674371421e-05,6.76723682892696e-06,2.1379917218003456e-05
2022-03-23,9.332608920326093e-06,1.9454040277798577e-05,1.8300967794501366e-05,1.5374407520074908e-05,7.33181178529617e-05,1.4333108882409582e-05,6.614808106885031e-06,1.1687509724373326e-05,1.2785544208088033e-05,1.324857378776855e-05,7.520275079407141e-06,1.0513600054456884e-05,8.115836640729999e-06,8.30266630316084e-06,1.7100549406451332e-05,5.45241851564994e-06,1.6391882316860374e-05
2022-03-24,9.174673347609425e-06,2.140935886405788e-05,1.6005119727253648e-05,9.772149764058425e-06,0.0001023229638311578,1.5972721369765028e-05,1.0877184255502822e-05,1.0356084961588279e-05,1.1160723296556614e-05,1.4448162164617177e-05,8.13228208896148e-06,1.0484037528660738e-05,1.0760811346662315e-05,8.634192296893418e-06,1.13034022317991e-05,6.124349914175587e-06,2.1406746988958297e-05
2022-03-25,9.440955831901444e-06,2.4766711338475638e-05,2.1661479945635238e-05,1.3721400680581473e-05,3.9938266850382695e-05,1.8222180115676117e-05,5.034931101698681e-06,1.09057426478118e-05,9.673433423021235e-06,1.394712783309751e-05,1.2532810047518676e-05,1.0486641766163535e-05,1.1151624595631064e-05,7.700002956801136e-06,1.3010226037665606e-05,3.7135813716855514e-06,3.061282075581191e-05
2022-03-26,9.136951438877936e-06,2.2726081903536622e-05,1.745401040109585e-05,1.1775968434862962e-05,3.174804749507905e-05,1.669492731799479e-05,5.134166885517741e-06,1.0452513210376036e-05,9.000497290045802e-06,1.3888609647001806e-05,9.480403211960608e-06,9.342433656406013e-06,1.2728428688335424e-05,8.459114832181736e-06,1.01745707631222e-05,3.520515628801057e-06,1.414856262847643e-05
2022-03-27,9.432572359312688e-06,2.0801973215745036e-05,1.8013363692691674e-05,2.0440615307944357e-05,5.421789397045383e-05,1.467450910542833e-05,8.776991222833238e-06,9.995375637695254e-06,1.0558632535774668e-05,1.53435204196587e-05,9.175103076714362e-06,7.882098879559644e-06,1.2142004417684507e-05,9.179510461374643e-06,1.4554810701652667e-05,4.223472370043755e-06,1.4932395477660757e-05
2022-03-28,9.244391037959524e-06,2.133017511311976e-05,1.6949186222813066e-05,1.2701022547778937e-05,6.491639695449361e-05,1.531915110421646e-05,6.098877133844637e-06,8.254249276500874e-06,1.0651654993159958e-05,1.644399584651584e-05,9.813965706967454e-06,8.696172609818592e-06,8.419295214483124e-06,1.2210519505274152e-05,1.2961849804102472e-05,4.02806293905886e-06,1.5239667505431318e-05
2022-03-29,9.419849405755743e-06,1.9540997935413683e-05,1.642934242760939e-05,1.4980958337666768e-05,6.820724088069189e-05,1.4385524836717064e-05,6.787933205393114e-06,8.684956883401927e-06,9.970248866800739e-06,1.7566430172808176e-05,1.082465254736606e-05,7.260332533601942e-06,9.74915960053421e-06,9.143280987782331e-06,1.1380888216678834e-05,4.50728856731889e-06,1.4434478294402136e-05
2022-03-30,9.721725521918755e-06,3.3441706418806196e-05,1.674312047335389e-05,1.6556927909732753e-05,7.672168250649736e-05,1.4461977991914123e-05,7.046071016522772e-06,8.651089869830692e-06,9.173594511803566e-06,1.5214215269867577e-05,7.351054549941094e-06,1.1399339770966539e-05,2.160730107344624e-05,7.2735125181999445e-06,1.1615492127066847e-05,3.804077151366571e-06,2.2797824135580413e-05
2022-03-31,8.923115042534497e-06,2.587783509618612e-05,1.6408446887814395e-05,1.453765504269318e-05,4.9012159916875373e-05,2.314115201363893e-05,6.8662119639166e-06,7.547445126929158e-06,1.1813474467436111e-05,2.233449053401092e-05,6.696852150419843e-06,1.2183950499742136e-05,1.601838345065425e-05,7.556526774268093e-06,1.07733725324488e-05,8.363479387561705e-06,1.6105000577515255e-05
2022-04-01,9.097512749338283e-06,2.698788001296498e-05,1.79518738907596e-05,1.5871827506176535e-05,6.91155612183571e-05,1.5662719513935323e-05,1.472086299587227e-05,8.138933368365275e-06,1.0701892922281712e-05,1.447396637037279e-05,9.596221372437004e-06,1.1120536310758809e-05,1.1917020014761891e-05,9.472148181597269e-06,1.2148594987379267e-05,3.282018368362802e-06,1.2994415649874467e-05
2022-04-02,8.469289856268427e-06,1.985591598275108e-05,1.704763856047985e-05,1.1539877796191072e-05,4.772244625259491e-05,1.4779449874270139e-05,5.931045537711284e-06,8.272551267320553e-06,1.0120095800376075e-05,1.3158304409774062e-05,6.137972064043146e-06,1.001394962076417e-05,1.0253898512239226e-05,7.938667922586943e-06,1.1863774811027015e-05,3.123022492398368e-06,1.493754460692611e-05
2022-04-03,8.162080162050957e-06,3.883526583450532e-05,1.8493603118367325e-05,1.0681794529273152e-05,7.675101969211877e-05,1.702494346327627e-05,6.033008238613444e-06,1.0259172799679999e-05,2.0292278909023052e-05,1.1486127368622197e-05,6.484205955597834e-06,9.616656048275613e-06,8.35368829642548e-06,1.1578756992713047e-05,1.5738505998922975e-05,8.127984725299978e-06,1.5396828766501725e-05
2022-04-04,8.748416995110259e-06,3.0086271447079745e-05,1.634358273455748e-05,1.1670920632665385e-05,7.803516631818609e-05,1.5370460406624982e-05,4.394335508900621e-06,8.86580280886497e-06,1.5779042469569632e-05,1.5488385072100052e-05,6.237078415585587e-06,1.0699952288737336e-05,1.0144847431989293e-05,8.272189392412462e-06,2.00032982182411e-05,5.409617962636445e-06,1.5560040571010398e-05
2022-04-05,7.97117421272653e-06,2.7800259003668635e-05,1.4713082168093736e-05,1.105076722462995e-05,9.221885662805297e-05,1.6117848359346018e-05,4.4843003825304615e-06,8.544142099174615e-06,1.115408349356393e-05,1.2250308260160739e-05,6.984947813574322e-06,1.1980787046091145e-05,9.588393058434903e-06,7.3035065378038045e-06,1.2705496975514198e-05,4.624586831704811e-06,1.4064354972264339e-05
2022-04-06,8.797460774284278e-06,2.9145105912179363e-05,1.5632185252416494e-05,1.2423254053992497e-05,0.0001305160511436469,1.5511149241728853e-05,5.1764658891436785e-06,8.589033873390397e-06,1.107770435032022e-05,1.4606826798535964e-05,8.154994495657996e-06,1.237815474956871e-05,9.48219438401234e-06,6.39917797988007e-06,1.1589510658409373e-05,3.897955132737366e-06,1.1893108623159086e-05
2022-04-07,9.055045817840943e-06,2.9187293435038295e-05,1.5345827592898393e-05,1.3620034162250392e-05,6.483495900989814e-05,1.4577996314926132e-05,4.186382007798883e-06,8.209489759687711e-06,1.0460334458640165e-05,1.646140779558957e-05,7.607051472121562e-06,8.612939152235024e-06,1.051646092138797e-05,7.552388796975268e-06,1.3889012220281555e-05,7.765160056375063e-06,1.8803123524738265e-05
2022-04-08,9.745819118104253e-06,6.370785691377996e-05,1.581510999222574e-05,1.6613572458019578e-05,7.148943957998524e-05,2.2497258075297523e-05,5.444782823947501e-06,9.055155426206989e-06,9.133884814897564e-06,1.582570735030681e-05,8.34201024522861e-06,8.653724477896686e-06,1.0799161985029962e-05,8.514476235090571e-06,1.7670025464746558e-05,7.080794439387756e-06,1.3154100284836863e-05
2022-04-09,8.998358506712682e-06,3.0002604072173957e-05,1.584032386894373e-05,2.172045294384539e-05,8.96780557797507e-05,1.6608841579889914e-05,4.259836388204002e-06,8.409280637359648e-06,9.620946016822813e-06,1.2656597625151029e-05,7.515627116360531e-06,1.0849943473438434e-05,7.595433456618471e-06,7.981228151387936e-06,1.321949505374566e-05,6.82390622659894e-06,1.3787239909463791e-05
2022-04-10,8.1130686799196e-06,2.410228043726357e-05,1.6383774472822695e-05,2.005662457036793e-05,9.079653322327692e-05,1.4036661880321675e-05,5.691558063461877e-06,9.563008905121908e-06,6.9849642294992545e-06,1.4539900687507398e-05,6.660778122507737e-06,1.0801658594677213e-05,1.671887073477983e-05,5.619773070681471e-06,1.3684586516739264e-05,6.875418111363898e-06,1.31861329649841e-05
2022-04-11,1.0333598088779932e-05,2.9415966449427623e-05,1.984945546770235e-05,1.556538288494736e-05,5.8913493782269864e-05,1.607285857116457e-05,5.422515262521316e-06,1.022315936211758e-05,9.722365291174882e-06,2.676336361152971e-05,1.0098587873517424e-05,1.3014732677390807e-05,1.3076167099370758e-05,8.35780312358962e-06,1.4302618831855955e-05,3.809902287729096e-06,1.9071422735867752e-05
2022-04-12,1.0901818750551477e-05,3.0845920182429996e-05,3.609383995701191e-05,4.348993021730054e-05,6.410208997467967e-05,1.685825965848753e-05,6.297279689670057e-06,1.030439977573879e-05,9.699347205544734e-06,5.273015192909534e-05,1.3027318624068084e-05,1.231989120692236e-05,1.0363802790157793e-05,9.518076364551697e-06,1.851839997366272e-05,6.991153278122642e-06,1.7524273140330876e-05
2022-04-13,1.3815720643926588e-05,3.464258302297478e-05,2.4063868882283017e-05,1.679871799755496e-05,0.00010858503597194971,4.151584372210007e-05,1.7526681680211496e-05,1.1670473816305755e-05,1.0406813541495116e-05,7.981825273504416e-05,1.6142683397686726e-05,1.4700337169058659e-05,1.6356504833862343e-05,7.805820638442489e-06,1.9456432016878344e-05,8.992824625231528e-06,4.304982488774822e-05
2022-04-14,1.3115042012326429e-05,4.102111199789103e-05,1.8243702804570496e-05,1.4556837170733128e-05,8.054858959419621e-05,2.595159689022801e-05,1.7681729949024025e-05,1.270348302104768e-05,1.355973016434989e-05,4.493458201059278e-05,1.2422223002029974e-05,1.956238444399189e-05,2.229185348886195e-05,1.2906566565617062e-05,1.293576507561295e-05,6.854524149141389e-06,2.838518012349897e-05
2022-04-15,1.1147585615271996e-05,3.1909877702642854e-05,1.994066671211892e-05,1.7545701518853718e-05,9.702053079619429e-05,1.8198314072961737e-05,1.971842892142402e-05,1.0983008728388044e-05,1.1822577398719674e-05,2.7563000911178993e-05,1.1976017170186903e-05,1.2965234607393542e-05,1.3583474526004657e-05,8.63566624089297e-06,1.910809160801279e-05,6.61645755597615e-06,2.5880122758903082e-05
2022-04-16,9.829192807072178e-06,3.03837667031798e-05,2.0621128895376077e-05,1.4508646140868831e-05,7.575274304669559e-05,1.5150134938618958e-05,1.3175006987459063e-05,1.2981333430804453e-05,1.0404679718606757e-05,2.0545040667944954e-05,1.3573425058180262e-05,1.1261778156279696e-05,1.5087197324786236e-05,5.837984260794433e-06,1.4429724872494216e-05,6.512388190435256e-06,1.8397374502447127e-05
2022-04-17,9.06376666849837e-06,2.770382976345818e-05,2.0020029006598082e-05,1.6574505509987176e-05,6.78569005110696e-05,1.699816632280793e-05,9.431325572809258e-06,9.508256821074294e-06,1.1139891006358317e-05,1.737168280657644e-05,9.930240063553536e-06,1.0390097959575246e-05,1.1524140192668592e-05,7.108983850379207e-06,1.3637342159940697e-05,6.238796161892601e-06,1.7908472069341603e-05
2022-04-18,9.019004611415031e-06,2.7156464964708102e-05,1.6944696482095676e-05,1.7443235351357844e-05,6.460481593011195e-05,1.5274818865522386e-05,1.089887667161521e-05,1.0513599941293187e-05,9.596956957423818e-06,1.5157366971498881e-05,1.1108658407324147e-05,1.35260928736219e-05,1.3368043679540775e-05,7.633264068529748e-06,1.0840442133936697e-05,5.086982919407528e-06,1.2687743715697099e-05
2022-04-19,8.516269537270297e-06,2.9722209733898805e-05,1.742510445727797e-05,1.2328429358099778e-05,6.961630970903864e-05,1.6569064010540805e-05,1.1176737021440227e-05,9.42503931625369e-06,1.1471311864375195e-05,1.6097331208824952e-05,8.377515827039045e-06,8.885725131940678e-06,1.0661538905692459e-05,6.51068941973339e-06,1.157188648750815e-05,4.9830941203886226e-06,1.7427652482204935e-05
2022-04-20,8.76466920157644e-06,3.0954999326384124e-05,1.951648275393474e-05,1.319953487827663e-05,7.731787957556166e-05,1.4486540198041916e-05,7.052485736347598e-06,8.828805004623697e-06,1.1086879181156928e-05,1.281228761809742e-05,8.845412908530051e-06,1.1446686263817502e-05,1.0728729378908807e-05,1.215743141304507e-05,1.530699849281525e-05,6.745035806942359e-06,1.6584635138026963e-05
2022-04-21,9.183682809329843e-06,2.6357620976635132e-05,1.9165792648350965e-05,1.8234630351864007e-05,7.879777114875893e-05,1.4267030725781734e-05,5.2611306746642615e-06,9.392711086704187e-06,1.0118767027767026e-05,1.2636762608329893e-05,6.59219354773597e-06,9.189019332792838e-06,1.1617745854232648e-05,7.871999436920512e-06,1.286375947207131e-05,6.2491524586977895e-06,1.832030556049032e-05
2022-04-22,9.076201971194261e-06,3.107093897625972e-05,1.7061128040890477e-05,1.2893502534289554e-05,5.579174059072295e-05,1.3836847388495425e-05,6.808624222929459e-06,9.628983373794271e-06,8.446821356121768e-06,1.5279010607998794e-05,7.90251779446539e-06,1.0812056620140152e-05,9.253542110144785e-06,8.989320078301549e-06,1.2647096704089168e-05,6.672817365339912e-06,1.409887804261621e-05
2022-04-23,8.968719112664782e-06,2.3756153503650598e-05,2.174872934313274e-05,1.1230125485422174e-05,6.297868171623905e-05,1.4236044232697609e-05,7.963270700269505e-06,7.802898475483602e-06,9.955332670286768e-06,1.3960767633460698e-05,6.995717221916742e-06,1.0860597959460729e-05,8.537413078463094e-06,6.79305790830819e-06,1.5960139551470202e-05,5.0757556531228585e-06,1.591516449008499e-05
2022-04-24,8.211013409938226e-06,2.399738065663623e-05,1.8560862510088824e-05,6.663701903854706e-06,4.7194438135465736e-05,1.4393657639703873e-05,6.034139772477894e-06,6.963315635492231e-06,8.901448356310471e-06,1.4021251903654586e-05,8.88775837064416e-06,7.686665679698793e-06,1.0234192040194325e-05,8.751176031982434e-06,1.740551300520828e-05,4.634201254864463e-06,1.411819754988766e-05
2022-04-25,9.967197572424205e-06,2.3116518174790853e-05,1.7126447441399133e-05,1.2546271345738157e-05,5.996501171924903e-05,1.671055446168716e-05,5.9377484546850884e-06,9.330102912027684e-06,8.930390743057582e-06,1.385624956485389e-05,6.8788728678337195e-06,9.32521709178243e-06,8.26671924149114e-06,4.679195842459023e-06,1.4089907468574887e-05,2.423953648465776e-06,1.8400065401751455e-05
2022-04-26,9.147560704490959e-06,2.280064517963567e-05,1.8334068882347533e-05,1.6073600273795233e-05,5.4651065956029317e-05,1.5988795937766068e-05,6.899415644930508e-06,8.992523915367561e-06,9.85036875591914e-06,1.2197307928394761e-05,1.0559389262898462e-05,1.0787630750642851e-05,1.2118968859233533e-05,6.059754775708276e-06,1.3563885671616948e-05,3.4814104864957827e-06,2.1599387209580433e-05
2022-04-27,8.770772544509234e-06,2.0781652937815126e-05,1.719666474751888e-05,1.2288034670036202e-05,6.151685177258245e-05,1.5574395739211783e-05,9.274251458651268e-06,9.505546251946377e-06,9.658452160956173e-06,1.767796739134234e-05,7.180737109292642e-06,1.0576299294300498e-05,9.975236768112478e-06,8.364830339144943e-06,1.6945339043284985e-05,5.811088064497267e-06,2.0331113585918885e-05
2022-04-28,9.265983716013165e-06,2.6678601574766416e-05,1.8117377605692448e-05,1.5646891219221156e-05,2.8292690454817858e-05,1.6254772987882308e-05,6.416010589122601e-06,8.708077207869552e-06,8.660536174767674e-06,1.4136969817569439e-05,5.89819867878081e-06,8.358356860714837e-06,1.2543647020311452e-05,1.0440823154497501e-05,1.55909980412037e-05,3.578816270730293e-06,2.3602952235309357e-05
2022-04-29,9.062404249279713e-06,2.2190530143021184e-05,1.908511925767119e-05,1.1498078788963378e-05,6.681216872299675e-05,1.479634739012366e-05,5.602403425012678e-06,8.04289659376692e-06,9.097160242324617e-06,1.3541435826383317e-05,8.488010507088586e-06,9.393797379965536e-06,8.676540569835139e-06,6.344916521476685e-06,1.4911977908180877e-05,7.228743653388971e-06,1.9509340096571235e-05
2022-04-30,8.186750941403714e-06,3.0051485459786903e-05,1.9674178838941454e-05,1.3837439389980554e-05,2.8102179524751997e-05,1.2583417229590739e-05,5.215886844361414e-06,8.074043225877734e-06,9.748838118080185e-06,1.3408015982355052e-05,7.344878534663562e-06,1.2809105203286641e-05,1.032928937001664e-05,7.2451080426736864e-06,1.3394640515425767e-05,6.684801578377149e-06,1.6871687957871655e-05
2022-05-01,1.0578859717237548e-05,2.1157929459463182e-05,1.8490810618291103e-05,1.6164545839765476e-05,7.007872176411502e-05,1.5537623882737867e-05,4.1432783366949134e-06,8.484905121326007e-06,1.2231817403429802e-05,1.2223297374853252e-05,7.372722974969246e-06,7.92120501054902e-06,1.0878338027294986e-05,8.465077861606063e-06,1.0769682974681e-05,3.807915677515237e-06,2.335739725043677e-05
2022-05-02,1.128266536879055e-05,2.3856957262795866e-05,1.8893627758355376e-05,1.1793721906985864e-05,3.258463859876028e-05,1.5208588125929917e-05,6.05356859602831e-06,7.98875045001847e-06,1.139656846497924e-05,1.2372542852900843e-05,1.1580552392349115e-05,1.0516533743800878e-05,1.4174056177331001e-05,1.1845033469367415e-05,1.2974169019217692e-05,5.075652602033306e-06,2.0274572507898862e-05
2022-05-03,1.2534833795360654e-05,2.085514382975568e-05,3.347678268192533e-05,1.2838651530752422e-05,6.597257007142142e-05,2.035800739611143e-05,5.660426057193007e-06,7.871347927594922e-06,9.470863336572902e-06,1.3131636545653486e-05,1.0338246927058663e-05,1.074172943796993e-05,1.3531814711075458e-05,1.1528216514359425e-05,1.4603477164773338e-05,5.354280576957805e-06,2.7036196696282786e-05
2022-05-04,1.3661067574843092e-05,2.3811301773730638e-05,2.8565524547112135e-05,1.4967083711746393e-05,5.545920219416771e-05,1.6736401673640167e-05,4.105694882360618e-06,9.152673314581852e-06,1.1884841098254017e-05,1.270179247437494e-05,9.356840587424108e-06,1.2281223001974915e-05,1.2542754963764833e-05,1.1755152097980642e-05,1.749865377023661e-05,1.2787069715104086e-05,1.574925996934308e-05
2022-05-05,1.1536501488494446e-05,2.923360218943521e-05,2.3528628304336218e-05,1.469961763700476e-05,7.261862771541798e-05,1.829322882798029e-05,5.8025350282311624e-06,9.619637696646152e-06,1.0617476733488883e-05,2.0276762601944592e-05,1.0421078256461902e-05,8.488355257847404e-06,1.0552759921787521e-05,8.460810808564939e-06,1.652725577255144e-05,5.567101343084611e-06,1.769660932965244e-05
2022-05-06,9.982224418597125e-06,2.546229792943968e-05,1.989402623320905e-05,1.3090594051158042e-05,7.333260000733326e-05,1.7121951899247408e-05,6.300953883115273e-06,9.220182933157693e-06,1.7165654860223535e-05,1.86494942473862e-05,8.173432645218369e-06,9.189084803048479e-06,1.040918506490127e-05,1.0672125985198813e-05,1.2946513480380619e-05,4.667260398762242e-06,1.5886265487366934e-05
2022-05-07,8.681678764065545e-06,2.484689597158473e-05,1.8528546470135263e-05,1.1595250585360237e-05,6.264854557485913e-05,1.6769921777107326e-05,7.934295875458224e-06,1.0156754724015904e-05,9.982829533202891e-06,1.8369048166912807e-05,7.147090503991304e-06,8.923917040573179e-06,1.304611520045875e-05,1.3502437036448294e-05,1.3469704469873321e-05,5.968362562678465e-06,1.9616733239228273e-05
2022-05-08,8.377062464474597e-06,2.003788936599357e-05,3.879208667090735e-05,8.917707749595048e-06,6.57637024392615e-05,1.864836854537173e-05,5.750567069808273e-06,9.249191285930544e-06,1.0898240615841189e-05,1.828702875184111e-05,9.013088581911437e-06,9.730823789918001e-06,9.745936959489659e-06,1.1434101613488947e-05,1.2041948481710995e-05,3.983917720944093e-06,1.996427215733378e-05
2022-05-09,9.053849902362825e-06,2.011478935577071e-05,1.866332870261039e-05,1.6838107570521796e-05,7.55881858103907e-05,2.024530216428582e-05,6.9110370638000335e-06,7.64498416357682e-06,1.1136172982262896e-05,2.045639203662449e-05,8.155166884616737e-06,1.365420202378031e-05,1.0132082820139219e-05,8.95157046043483e-06,1.693680032957021e-05,8.473087681140765e-06,2.709918758782082e-05
2022-05-10,1.0828884199929886e-05,2.4449009896104965e-05,1.9393007766409588e-05,1.7173242630857507e-05,6.736923150955199e-05,1.839435919142084e-05,5.760300124856866e-06,9.873712655287444e-06,1.0508977378675552e-05,1.9562989610712587e-05,8.087672937068855e-06,1.1949245771316105e-05,1.1904748618212107e-05,8.800578429596994e-06,1.683757644448186e-05,3.0616234380745327e-06,1.6419465301375497e-05
2022-05-11,1.0812641368530784e-05,2.804992588403892e-05,2.0345168896106084e-05,1.887701977272068e-05,5.2996979172187185e-05,2.5265124851193677e-05,1.7544803756983777e-05,8.632332451552562e-06,9.397452937849358e-06,2.0213466843281834e-05,8.06159250149361e-06,1.214512589219389e-05,9.651895718938777e-06,6.81999004554253e-06,1.573283940541854e-05,6.374497928606898e-06,2.2788658773487888e-05
2022-05-12,2.024880242635692e-05,5.1244612497427e-05,5.027673840945195e-05,5.5112891476434384e-05,0.00017340038148083925,5.9393507441158e-05,2.749947321224305e-05,2.425973300670359e-05,2.0372668406628698e-05,4.394381866221666e-05,1.1959263697831625e-05,1.53929828522171e-05,3.5684184553522915e-05,1.4051077086103422e-05,2.706872077695672e-05,3.241935604136321e-06,4.791472749480596e-05
2022-05-13,1.675780547698697e-05,6.391501489989908e-05,3.510324898171242e-05,2.3867407372274945e-05,0.00010487110387959527,4.2480314283180474e-05,1.4546415561010591e-05,2.1363605097618745e-05,1.747604159890655e-05,4.034291773477598e-05,1.7408860345227464e-05,1.345308417991465e-05,2.7233886216823387e-05,1.1209893104327673e-05,1.7084633352565215e-05,7.345130545704725e-06,5.015897982536092e-05
2022-05-14,1.6049107649143907e-05,3.8739010516051323e-05,3.205550208763609e-05,3.54421407052986e-05,6.769397400551398e-05,3.175135250881493e-05,1.9533679483272156e-05,2.1134552610171227e-05,1.7647578802383523e-05,3.111424681258741e-05,1.2634931479187223e-05,1.8148681641557807e-05,2.0786511715693735e-05,1.8748223813448054e-05,2.0596237614882686e-05,8.76094022410485e-06,4.400480147064567e-05
2022-05-15,1.83432947743912e-05,4.042680236814713e-05,3.682060220687756e-05,2.9264534021789537e-05,9.326705154869939e-05,3.5799841170168954e-05,1.3264700746927899e-05,1.8434726351280616e-05,2.3861463841844007e-05,2.930539987970395e-05,1.4984559293093132e-05,2.349937237876251e-05,2.6425401938848712e-05,1.6976008792477327e-05,2.4186260250671984e-05,7.50777449806576e-06,4.69570873585918e-05
2022-05-16,1.8135058644442182e-05,3.8737113347205853e-05,3.555412331038852e-05,2.40385934391885e-05,7.321679239757224e-05,3.3528233131548864e-05,2.092465312217114e-05,1.6008944742787453e-05,1.841111477278168e-05,3.3225247309416084e-05,2.160683511407702e-05,1.8974714837142735e-05,2.7179200647682756e-05,1.390831416767641e-05,2.5236886030727422e-05,7.335265651885059e-06,4.007612434454611e-05
2022-05-17,1.468545297403776e-05,4.0811817413558105e-05,2.7846774819529613e-05,1.979800230237568e-05,9.932290846546107e-05,3.359928008787797e-05,1.610058896205016e-05,1.4296120353796536e-05,1.358057680353254e-05,2.2924403215930337e-05,1.4602723473558036e-05,1.77323948561869e-05,2.05409183184781e-05,1.1913305583464905e-05,2.4939726850855548e-05,7.4867764810403626e-06,2.8888981551659903e-05
2022-05-18,1.4248812451926092e-05,7.169819779231897e-05,2.5215876461028003e-05,1.608040201005025e-05,9.121828535685896e-05,3.064567549537039e-05,1.1532514130721726e-05,1.2493534508402165e-05,1.2472967289080778e-05,4.154642064261243e-05,1.1689363104642524e-05,1.498546233853605e-05,1.659944741716429e-05,1.2882167260282857e-05,2.3909518067279303e-05,6.107901578495545e-06,2.3351385327802625e-05
2022-05-19,1.3196294471529213e-05,3.650731605086156e-05,2.2554257043261246e-05,1.4070048132838245e-05,4.272488644526275e-05,3.372895127698907e-05,8.149425810139896e-06,9.892237690113756e-06,1.1220115344737069e-05,3.3168118554120356e-05,1.0120660489114242e-05,1.3200225482161475e-05,1.3557340971074162e-05,1.2442545394553115e-05,2.1275971522448053e-05,4.962428215374347e-06,1.9226145028869504e-05
2022-05-20,1.0934794323845496e-05,2.9932514185530685e-05,2.1108929228596913e-05,1.4496007829027575e-05,4.2917463115741796e-05,2.9595400349022204e-05,5.3242371143361445e-06,1.1009120541553689e-05,1.0309399750752486e-05,2.249442981681661e-05,8.002768452446538e-06,1.1191609684133774e-05,1.2536749226560047e-05,1.0271042690214647e-05,2.1784960380326802e-05,4.799120801069244e-06,2.238854128117769e-05
2022-05-21,1.0303006689185697e-05,2.8989201092060517e-05,2.2602441458033474e-05,1.9040463762229036e-05,9.25908779467047e-05,2.7181032731296395e-05,5.062713318914726e-06,1.0321463466288083e-05,1.1191582123162232e-05,1.8367272880862877e-05,9.211703691892017e-06,1.4544769619030667e-05,1.1782651900843682e-05,1.261425989276999e-05,2.3665808250969535e-05,5.782749057219145e-06,2.138424247187972e-05
2022-05-22,9.792730074585355e-06,3.201825941680749e-05,1.8991039543652944e-05,1.8532113551786854e-05,7.357178767182078e-05,2.789090581528839e-05,5.768167414377266e-06,1.0219163385438759e-05,1.0584752650408664e-05,1.4791566215460629e-05,8.104615578571997e-06,8.943194162643973e-06,9.307509940483505e-06,8.346334824203493e-06,1.5855810476646343e-05,5.082295062804462e-06,2.0045715065871846e-05
2022-05-23,9.95665485194684e-06,2.6815320374643545e-05,2.1268449677210758e-05,1.436892440281994e-05,5.1866547373607704e-05,2.47286731083191e-05,5.064057737335684e-06,1.008896840644744e-05,1.0431032620074225e-05,1.4628411889320129e-05,1.0020240886590914e-05,1.0059100943636808e-05,2.2207452120914267e-05,6.41764224778666e-06,1.5704296570904527e-05,5.618921029810874e-06,1.6213244574549495e-05
2022-05-24,9.512811857191103e-06,3.1064194589566485e-05,1.9026333972394316e-05,1.0439441602299033e-05,1.866268529380399e-05,2.9109340015879088e-05,4.958592415813829e-06,9.850261116895442e-06,1.1537361917475782e-05,1.266018567870418e-05,8.50384969275591e-06,1.1596939621158312e-05,1.2146096159671609e-05,8.665366354966851e-06,1.7256661071173472e-05,4.687171897967142e-06,2.2579053916390028e-05
2022-05-25,9.578955274197358e-06,2.2437814590941598e-05,1.6580832986549848e-05,1.987889885257339e-05,4.7481752498727225e-05,2.3180096269915916e-05,4.8671064353207935e-06,9.752629180502995e-06,9.012135063922177e-06,1.2450144829080045e-05,9.934810433647436e-06,1.150477412173633e-05,1.2219982429843085e-05,8.727273165004296e-06,1.0826709946649498e-05,5.802766690890373e-06,1.939713698258137e-05
2022-05-26,1.1591453447260319e-05,2.5762997697545743e-05,2.6195219595361886e-05,1.7413585084020547e-05,2.689618074233459e-05,2.9426886360114858e-05,5.069111148669241e-06,9.065913761416102e-06,1.267885435391621e-05,1.3587817476415664e-05,6.639425976846778e-06,1.0664742117794e-05,1.5487104755148254e-05,8.362291639566647e-06,1.7196639270902957e-05,6.234508977000203e-06,1.6611200957598548e-05
2022-05-27,1.0600058811955421e-05,2.3787701972936655e-05,2.0421694083236472e-05,2.1198873376238568e-05,4.199563245422476e-05,2.1808696435790736e-05,5.800304314492256e-06,1.0355940311955312e-05,1.0379521434865043e-05,1.3577066337905308e-05,1.0674948140790255e-05,1.0392135881073696e-05,1.0378690096087799e-05,9.02020541300998e-06,1.787567629641988e-05,6.2611114131822754e-06,2.0873119894387436e-05
2022-05-28,1.1511849822767703e-05,2.7025581562067234e-05,2.0068843514088942e-05,4.585854481837016e-05,7.554239439173264e-05,2.0804403643342674e-05,3.9371334738619786e-06,9.675979613323358e-06,1.0568221673486792e-05,1.1329452644501734e-05,6.790558869939886e-06,8.567551631921532e-06,1.0589981083646289e-05,8.56367876408988e-06,1.3619336089556792e-05,4.022923348681395e-06,2.0135797886154265e-05
2022-05-29,1.3068348642595233e-05,2.684020837988757e-05,2.5508235962998463e-05,1.8984330713116008e-05,0.00010643775836327494,3.0569571778888185e-05,4.630668209658021e-06,1.2820931731542291e-05,1.138151122536409e-05,1.155432673678037e-05,7.528007764688329e-06,1.0317538364315504e-05,1.1111037562871924e-05,1.9122075629601808e-05,1.560834082189391e-05,8.185976852192935e-06,2.2501302097408138e-05
2022-05-30,1.1358422313816013e-05,2.659015047646051e-05,2.176148844348573e-05,1.551234161899207e-05,8.12527699807948e-05,2.3349414581437373e-05,4.278185196249996e-06,1.0606527162235142e-05,1.0711401721158545e-05,1.3327920609375709e-05,8.380952496006213e-06,1.1051318217024525e-05,1.1172094714225963e-05,1.4932079197956216e-05,1.3892354961288322e-05,4.610137569578501e-06,2.2916684504745266e-05
2022-05-31,1.027532338090082e-05,2.4043810579491058e-05,1.9511874553298663e-05,1.545946562467578e-05,6.203457910830461e-05,1.878206249632234e-05,5.089241848590456e-06,1.043187691306318e-05,9.317342121398659e-06,1.5127210600546838e-05,7.1753741782149245e-06,1.1054649253836685e-05,1.0774684417189624e-05,7.149121134708506e-06,1.3647149097678826e-05,3.6106344344236575e-06,1.7743066102454818e-05
2022-06-01,9.976898697897737e-06,2.266891114588724e-05,1.8356682631577836e-05,1.2737147490345243e-05,0.00010332126196589365,2.2394028302550163e-05,4.939909392375647e-06,9.76632020994519e-06,9.617095583434284e-06,1.2233716829083643e-05,9.533171285857976e-06,1.2228037333309618e-05,1.0960828707617308e-05,1.0777361874250973e-05,2.654205349497798e-05,5.104961409895049e-06,1.4618748358713253e-05
2022-06-02,9.218646599529769e-06,2.1208544680268314e-05,1.786861403366314e-05,1.710044803173843e-05,7.409328344385581e-05,1.8667907978605662e-05,3.949088604490815e-06,9.59931774708759e-06,8.481483940040518e-06,1.002080468009495e-05,6.544223966935672e-06,1.0714502115559969e-05,1.0952166776675098e-05,1.2150281718670138e-05,1.543493690119312e-05,5.502503944989634e-06,1.887046329448753e-05
2022-06-03,9.264236435399201e-06,2.5071211557828528e-05,1.5920005903512776e-05,9.919445833626095e-06,7.096613947426994e-05,1.8091338721932843e-05,4.591603347712492e-06,1.0049989334783181e-05,8.749872909375213e-06,1.2025009502903585e-05,8.934842193052313e-06,8.33532766734092e-06,1.1359139537255071e-05,1.5203876142014861e-05,1.1569286197615824e-05,4.913332097357348e-06,1.6579204338693476e-05
2022-06-04,9.209428716536614e-06,2.1258354913094328e-05,1.8236175596787483e-05,1.2691383624405335e-05,0.00010056535217549091,1.990429836419399e-05,3.5542634922599783e-06,9.463915466139111e-06,9.818083061510554e-06,9.379685532248877e-06,8.178970613916482e-06,9.54874060720911e-06,1.3400114291808147e-05,1.0693166710033398e-05,1.600135856695962e-05,2.562415874971676e-06,1.9137401906317197e-05
2022-06-05,8.720612230374592e-06,1.8844678525263917e-05,1.5477209256612165e-05,1.3052450218586436e-05,0.0001243462937698954,1.7789546543418282e-05,3.7559024628584744e-06,9.940124820890707e-06,7.768044267143832e-06,1.0320252801963993e-05,7.507274549038018e-06,1.2933170996973037e-05,1.1848881519443117e-05,7.844628657244327e-06,9.153642198097825e-06,6.708279181632308e-06,1.655466797066513e-05
2022-06-06,9.591969486572368e-06,2.4245151181204033e-05,1.6094718097069504e-05,9.53421180289657e-06,8.382207008065846e-05,1.8825284691946484e-05,4.7364835322470095e-06,9.859975764179571e-06,9.810715815666636e-06,1.2180778908803398e-05,6.7322610838910756e-06,1.1526377096953105e-05,1.1316971454547708e-05,8.824560516830442e-06,1.5135092650664537e-05,4.061700715323521e-06,2.23788448830113e-05
2022-06-07,1.0326202179334647e-05,2.5729773418091375e-05,1.676945880112754e-05,2.7828487466049244e-05,5.173798793687965e-05,2.350277705649864e-05,4.354692880143671e-06,9.81981890366859e-06,1.0186328618342624e-05,1.3289240387726312e-05,8.277883829952163e-06,1.43476012847657e-05,1.603578780580152e-05,8.712762018166109e-06,1.2973729236195044e-05,4.104859215057093e-06,2.377955888662571e-05
2022-06-08,9.36899815262335e-06,2.289607400011117e-05,1.849756683831258e-05,1.4399002108013908e-05,4.937553661607503e-05,1.755569845017598e-05,4.637199485289283e-06,8.866325076715878e-06,9.287723960631587e-06,1.1547043447449065e-05,7.279335025991353e-06,1.1151029358832264e-05,1.1442936491448184e-05,6.67424274611555e-06,1.4277932028257126e-05,5.640236616831713e-06,2.1230510635265685e-05
2022-06-09,8.78258471522105e-06,2.3825318161650437e-05,1.8058629943779505e-05,1.9464176606090763e-05,5.1344004832376925e-05,1.7682487861245323e-05,5.126569371048712e-06,8.054464801223463e-06,9.183714797157279e-06,9.82929233276321e-06,8.642355542071102e-06,1.1742727322490159e-05,1.0590132553589622e-05,8.833617622931256e-06,1.2633839739742902e-05,5.206337889491497e-06,1.8015140907062344e-05
2022-06-10,9.042146017999186e-06,2.316546307441162e-05,1.960986877716298e-05,2.673751514011795e-05,4.835439627809304e-05,1.6660273996278736e-05,8.431561276783993e-06,8.772737662559435e-06,1.1159760785988894e-05,1.0960705869457992e-05,9.166122743629366e-06,9.881903023944675e-06,9.860797482968944e-06,8.568761426731734e-06,1.4265954067703888e-05,4.7427707469965556e-06,1.9437043007058385e-05
2022-06-11,9.202898969228911e-06,1.855832232766158e-05,1.8666737809034148e-05,1.335073721743935e-05,9.887327455388809e-05,1.8611179126689385e-05,5.041993176540983e-06,1.089542116466691e-05,1.908787798229366e-05,1.0494121453599744e-05,7.630436471866814e-06,1.4324105446186038e-05,9.64578062864183e-06,7.881949416275962e-06,1.1926784767212e-05,2.238075255280459e-06,2.3542494347621495e-05
2022-06-12,9.70857125932504e-06,2.0010201062500277e-05,2.5366441893474304e-05,1.9908308021341706e-05,8.590450282768988e-05,3.1430155393246084e-05,5.454302879552087e-06,1.0353234730148305e-05,1.0483123481585083e-05,8.98478362715715e-06,8.075561533797384e-06,1.3812433334563125e-05,1.0417093756381304e-05,1.1518035323644274e-05,1.3819411386849497e-05,2.968564754601739e-06,1.8202533177321388e-05
2022-06-13,9.465448982455633e-06,3.001922087828235e-05,1.7561361786282824e-05,1.4601902085485376e-05,5.192482439312862e-05,2.200854346742073e-05,5.795232158486226e-06,9.303731538473373e-06,9.932767821260037e-06,9.11626691474489e-06,8.62285415375035e-06,7.558548331017222e-06,1.1607312245598346e-05,7.502999949479801e-06,1.3191700204365819e-05,5.904192665615065e-06,2.110337603164998e-05
2022-06-14,9.178620572542453e-06,2.353271231582192e-05,1.9442099708327845e-05,1.53484750078358e-05,7.774948560384971e-05,1.7241733696234575e-05,4.6724841690395744e-06,1.0099243614395161e-05,9.367722679403142e-06,9.95049738113965e-06,5.529812085925696e-06,1.0856486631156755e-05,8.278060036630416e-06,6.052316221417937e-06,1.4386936661511347e-05,6.274957404598355e-06,1.6318838519828705e-05
2022-06-15,9.147109821649156e-06,2.7291985974581843e-05,1.7891023478408943e-05,1.1326767164457108e-05,6.193565211722137e-05,1.594353747943102e-05,4.231372031513676e-06,8.686797880119169e-06,8.3668573310325e-06,1.2172345595119206e-05,5.824911809654477e-06,1.2477478151935756e-05,1.0864594695598433e-05,8.736420647348214e-06,1.2967993019836801e-05,4.1012297064055846e-06,2.6010589431169218e-05
2022-06-16,9.06381878448466e-06,2.2679239194777918e-05,1.663460613285894e-05,1.447979833899678e-05,5.5672506480627706e-05,1.98493103873188e-05,4.731663373738009e-06,1.0919295051905507e-05,9.195390219520238e-06,1.2565285223978493e-05,5.670914287964395e-06,1.1677468324867168e-05,1.006742832508195e-05,7.484613772544726e-06,1.1322249040227101e-05,6.742260895830721e-06,1.6347153697324414e-05
2022-06-17,8.30535606697642e-06,2.641835335844518e-05,1.6038962125734305e-05,1.752479758858785e-05,6.762296814112914e-05,1.7784538650941665e-05,3.786456678764075e-06,9.212621341950148e-06,9.47282848324515e-06,7.0734071420793905e-06,7.516396313896611e-06,9.675741706075157e-06,1.018375104802188e-05,1.0002616201513396e-05,1.1547424817907746e-05,6.066371817206657e-06,1.4472864970196029e-05
2022-06-18,8.37787382131521e-06,2.5176587962463426e-05,1.6338807880823225e-05,8.809322220536487e-06,6.878903777893954e-05,1.8590261859622476e-05,4.3275417801619595e-06,8.797601290703835e-06,8.01858558458242e-06,9.981312431514501e-06,6.150983944512447e-06,1.2150906276251399e-05,1.55942346129915e-05,1.2088369728406682e-05,1.1809953082801022e-05,4.6253736434646365e-06,1.6523980644330883e-05
2022-06-19,9.107069259495455e-06,2.295599857425379e-05,1.756365382719881e-05,2.0243686912079784e-05,5.3528341197881925e-05,1.70902344731976e-05,4.086018398938004e-06,9.196071241307044e-06,9.097368951339682e-06,1.0205110390528342e-05,7.391232967407574e-06,1.482677266724238e-05,1.090478248255742e-05,1.0352564211355235e-05,1.4195653782199905e-05,5.768363296135081e-06,1.725693038324191e-05
2022-06-20,9.337015893028808e-06,2.315936908634978e-05,2.0399181248687566e-05,1.660328327798196e-05,6.409265535871151e-05,1.6610194488245867e-05,6.308446321430251e-06,8.881895003260638e-06,9.504818537013554e-06,1.0720577161568532e-05,8.602151870913784e-06,1.0032687983775286e-05,1.2230199590553091e-05,1.0997222939369168e-05,1.3860876403413736e-05,6.426230444623744e-06,1.7222512869460343e-05
2022-06-21,9.211086784284491e-06,1.9716497519872155e-05,1.838948421020524e-05,1.6439351533339415e-05,6.911486891213196e-05,1.708013717003064e-05,4.5014275152007584e-06,9.248817024301211e-06,1.2268775639864535e-05,1.0505988703381306e-05,7.123483529081384e-06,9.477679608863452e-06,8.298841009399523e-06,8.450753323038673e-06,1.391249762444103e-05,4.803871646039757e-06,1.4699146530804556e-05
2022-06-22,9.477259805689135e-06,2.6094140019882463e-05,1.7903814066122293e-05,1.668306472903992e-05,6.132685020916837e-05,1.733625834092727e-05,4.135049600697226e-06,8.897343510682757e-06,9.81024912869498e-06,1.3100605054421848e-05,9.15554517747052e-06,1.3848106005923574e-05,1.4459145159564554e-05,1.0541169591958352e-05,1.82579517659148e-05,1.0844738675031808e-05,2.3164077374798162e-05
2022-06-23,9.408998315054583e-06,2.5844808428275486e-05,1.8302477663128234e-05,2.3631523777532835e-05,0.00011089375934279922,1.75571845573301e-05,4.754643264937844e-06,9.345513785527618e-06,1.0797652941307257e-05,1.4526272637188986e-05,7.866223199363548e-06,1.473826046890881e-05,1.066758128798216e-05,7.999333873651976e-06,1.291234686849489e-05,5.272767281846284e-06,2.1751194552089996e-05
2022-06-24,8.251078247144423e-06,2.47142066792615e-05,1.683902130683367e-05,1.2816252472850142e-05,0.00010266338143846064,1.62941103374609e-05,4.641994756688384e-06,8.885687608196934e-06,8.60170520841215e-06,1.3545623005147259e-05,6.567195544814543e-06,1.1471047077177205e-05,9.481719173602089e-06,7.905350815753151e-06,1.3742238790189387e-05,8.611926019811175e-06,2.1025801181145406e-05
2022-06-25,8.854125341234682e-06,2.398527814247119e-05,1.6871388545170747e-05,1.2104282073979267e-05,5.441961480807191e-05,1.639850905097344e-05,4.380806696242679e-06,9.925699683935455e-06,1.2184641838410097e-05,1.5424666527694914e-05,7.107685188695153e-06,1.0513695538603933e-05,9.912582855137514e-06,7.848948554851592e-06,1.0968863236374066e-05,7.256490325888981e-06,2.9339969702329398e-05
2022-06-26,8.716105772928757e-06,2.1204630616817496e-05,1.6633513752801926e-05,1.1393657299594237e-05,0.00015971889474524837,1.634354291004637e-05,5.391369111228951e-06,1.0225054252400008e-05,9.976739157452848e-06,1.276628629960385e-05,6.157758083436982e-06,1.4238049005201935e-05,1.3227547201795864e-05,1.0577459362387164e-05,1.4424534507158241e-05,7.835713300653185e-06,2.0365759098899603e-05
2022-06-27,8.949437307176299e-06,2.9698487324588238e-05,1.988889193641434e-05,1.4891644670466517e-05,9.288242014433928e-05,1.8016801693853032e-05,5.137035240746689e-06,9.090519052662936e-06,9.70110236346571e-06,1.1062402873688146e-05,8.071623967089519e-06,1.1809172627223537e-05,8.495769487202963e-06,9.087174751006776e-06,1.4350829201950387e-05,5.893379193645759e-06,2.101555019367143e-05
2022-06-28,9.108087726711978e-06,2.869950123455688e-05,1.9050760984970807e-05,1.963139893827649e-05,0.00016328663335619345,1.840074871133025e-05,4.915405075480221e-06,1.0261804381837292e-05,8.882770621694697e-06,1.4190591386255104e-05,8.11825936062788e-06,1.393837558239626e-05,1.156058429294941e-05,1.0432066383709284e-05,1.0939034724312157e-05,4.310224066998123e-06,1.9177014144622163e-05
2022-06-29,1.0085456117937574e-05,3.597622378578617e-05,2.13851878012599e-05,2.0284387107243556e-05,0.0001811324960986847,1.8261301407233702e-05,5.3062916799323956e-06,9.789966850373064e-06,9.453660328115664e-06,1.131393550575007e-05,1.0168866086116336e-05,1.340259897158649e-05,1.3797971167547172e-05,1.3987129572610025e-05,1.0012336822587616e-05,3.607568679088728e-06,2.189579644499849e-05
2022-06-30,9.461483407748279e-06,3.230070843401938e-05,1.934368738065382e-05,1.2548777338838706e-05,7.804143541153085e-05,2.017700232173489e-05,5.516157306584003e-06,1.1226433793550682e-05,1.2449544535051284e-05,1.2214381764225938e-05,7.740440251889581e-06,1.498310079112693e-05,9.280235827169256e-06,1.0037894034085933e-05,1.673917986388257e-05,5.880982153424533e-06,2.859712593277096e-05
2022-07-01,9.483888531885232e-06,3.140235323589783e-05,1.7932416997792586e-05,1.701670369948295e-05,9.57382134291992e-05,1.6128924311738685e-05,4.7345739103420115e-06,9.768158478603157e-06,1.0611572772513452e-05,1.158459674945483e-05,7.286321380592303e-06,1.6676446516803445e-05,1.0448804514958285e-05,1.2744714448300429e-05,9.118628652378462e-06,3.1709635571728253e-06,2.2845263320216345e-05
2022-07-02,8.676383614049161e-06,2.499728492327607e-05,1.8584917863148364e-05,2.054754201417003e-05,8.028676543513065e-05,1.6975451314205133e-05,4.013518510745659e-06,9.690679509062793e-06,1.1319314631669501e-05,1.1461082628749635e-05,8.482755429209626e-06,1.1845525180911738e-05,9.337622720854678e-06,6.844461101355185e-06,1.0222514550269888e-05,9.50265480418592e-06,2.1104011554590875e-05
2022-07-03,9.621140839432122e-06,2.5599543529064286e-05,2.063471439986091e-05,2.0578164098511786e-05,8.733343445625744e-05,1.7545365439139157e-05,3.612029224726184e-06,1.2279155980264182e-05,1.1284375490230974e-05,1.108465666008001e-05,9.482641986510456e-06,1.5067434302219584e-05,1.1582811377283817e-05,1.2552906810173466e-05,1.2516189560819946e-05,9.590026372572525e-06,2.430816062933828e-05
2022-07-04,9.310109154280223e-06,2.5442277054250484e-05,2.4389191902160913e-05,1.7553864031781523e-05,8.286377195889956e-05,1.7721840235890093e-05,4.066141260070884e-06,1.1194203500521372e-05,1.0165459449204288e-05,1.2087037446006075e-05,8.116777076737325e-06,1.685785661344017e-05,1.222482560964562e-05,1.0412270116598832e-05,1.1577987004867386e-05,2.537887947896435e-06,1.6680799770515947e-05
2022-07-05,9.870650932397217e-06,3.13699668788128e-05,2.5040062102548917e-05,1.7571824834009012e-05,0.0001016988327747602,2.8735996553656526e-05,5.3214590731250634e-06,1.0009482477194963e-05,1.2722971463875095e-05,1.2993593193317343e-05,8.07064461206994e-06,1.2048312586011565e-05,1.24362890915692e-05,1.248785928456495e-05,1.1697017991475798e-05,3.947869460466215e-06,1.907967072475126e-05
2022-07-06,1.0107839651610081e-05,2.4206951067735222e-05,2.250560258891592e-05,1.8234137163093514e-05,0.00013629342459944876,3.7868161417254804e-05,5.248996282422535e-06,1.0631193943364005e-05,1.0987166821834836e-05,1.2854702396725434e-05,9.1412788730762e-06,1.254806526895162e-05,1.1524093529543085e-05,9.287118860906441e-06,1.404980566428378e-05,5.1580743464204e-06,1.5171075342995114e-05
2022-07-07,1.061061447868188e-05,2.9278490983228612e-05,2.044287006665997e-05,1.7447481867946794e-05,0.00010377515983630596,2.0119331844529234e-05,5.11169272234889e-06,1.2139456620926409e-05,1.1168749448678539e-05,1.3623408201529961e-05,8.907344252429886e-06,1.0527701985506124e-05,1.0511812042331875e-05,1.0129287937814582e-05,9.227580105813555e-06,1.1883284539846813e-05,1.724314869907396e-05
2022-07-08,8.836572425355929e-06,2.5443526155944887e-05,1.939079735239739e-05,1.925595984625636e-05,0.0001274192594210615,1.7651340427265405e-05,3.1887358017758676e-06,1.0698689097659453e-05,1.0740828469083008e-05,9.15012781064892e-06,6.2029952696367064e-06,1.027148200478449e-05,1.282883583953805e-05,1.1726429215301402e-05,1.318362593658676e-05,5.967884575144432e-06,1.8590907942181115e-05
2022-07-09,8.3948426860253e-06,2.744830865047002e-05,2.058949660324677e-05,1.4970163928641505e-05,6.444248048313448e-05,1.8688922058017424e-05,4.378967568541577e-06,1.0132140892929578e-05,9.403091176954571e-06,8.771574700079619e-06,6.1068659258725124e-06,1.3084846209735586e-05,8.701682433426967e-06,9.575612995355828e-06,1.0089165440507608e-05,8.339336331788042e-06,1.5797967827022783e-05
2022-07-10,8.657084494619484e-06,2.6805484818859506e-05,2.1447122686504158e-05,1.6267737379563285e-05,7.109720765716927e-05,4.412782376622558e-05,3.0436810110605692e-06,1.0765882468539721e-05,1.0631326641046773e-05,1.283711587762453e-05,6.981905784038422e-06,1.3607361479213206e-05,1.1941575444087288e-05,1.065021196676179e-05,1.559547419338908e-05,8.744476405737042e-06,1.9914277856608628e-05
2022-07-11,8.895810134791935e-06,3.054066035588459e-05,2.1948935839823696e-05,1.6420800368576592e-05,5.972343455689806e-05,2.5131925895665067e-05,3.5950685930527867e-06,1.0385090974577062e-05,1.2001806518493496e-05,1.3870845609870177e-05,7.894428275055813e-06,1.2311379407986802e-05,9.58510985134959e-06,1.3834959787551058e-05,1.486572250270156e-05,6.5729317904958325e-06,1.4769807184195339e-05
2022-07-12,9.79280796597363e-06,2.8137743190790286e-05,1.886375170042828e-05,1.6766489376566036e-05,0.0001273360866224952,2.094153644493663e-05,3.7172126602791473e-06,9.108173219238283e-06,9.868107997688967e-06,1.1303940806616494e-05,7.304304049120883e-06,1.274916884525678e-05,1.1639850191114299e-05,1.4059631584091996e-05,1.6235392274594968e-05,1.1422942044492013e-05,1.5296637093168288e-05
2022-07-13,9.49232489106465e-06,2.447005412047076e-05,2.081355814925051e-05,2.1701552698918318e-05,0.000178335937976638,1.8948234269878008e-05,4.227434549786556e-06,9.152501725468332e-06,7.104406735298085e-06,1.2075061024912837e-05,9.186735993713648e-06,9.310185109755444e-06,1.1463632031977329e-05,1.0884404774603234e-05,1.4696743783901298e-05,5.86724022966449e-06,1.68258059125882e-05
2022-07-14,9.200746204362629e-06,2.641632334135903e-05,2.1488870734772538e-05,1.5133858982701999e-05,7.423112789559392e-05,1.958805302502987e-05,4.516389228764626e-06,1.1755011407445413e-05,9.528438466651773e-06,1.1624615500745409e-05,8.02609589926902e-06,1.2925649046619847e-05,9.553061387699533e-06,1.2489883616226383e-05,1.1802224362480893e-05,5.695333176990854e-06,1.38187714190957e-05
2022-07-15,9.481873583790299e-06,2.753445636055407e-05,2.1273215723776927e-05,1.7244116332866222e-05,8.645913440755016e-05,2.0099704648113586e-05,4.793543023800126e-06,1.0067619717746245e-05,8.873021270986054e-06,1.34283564196276e-05,6.322088136820777e-06,1.2028534980462693e-05,9.791350637625712e-06,1.168171607005006e-05,1.1104345685684092e-05,3.916970202183319e-06,1.5868841089719195e-05
2022-07-16,8.718577505318435e-06,2.878876034452949e-05,1.9182292849751776e-05,2.3646328316370676e-05,0.00013386262924667652,2.193354249996686e-05,3.944264043059092e-06,9.855052596682062e-06,9.008908774753723e-06,1.2451502896399596e-05,7.029022186260201e-06,1.3973014298567386e-05,8.732011316686666e-06,9.631171092617836e-06,7.944633320745502e-06,1.376187296032796e-05,1.995719628200412e-05
2022-07-17,9.073200736635208e-06,2.5721008653789016e-05,2.0384842886405024e-05,2.125801040482982e-05,5.837213583645026e-05,1.777343488510037e-05,4.800479914024521e-06,1.0274814023819393e-05,9.396052768567922e-06,1.1792466262323545e-05,4.8225881123944966e-06,1.3842084944134862e-05,1.0185755587498085e-05,7.840508378563265e-06,9.780822072947431e-06,7.592181419730333e-06,2.036236759301681e-05
2022-07-18,9.317620616771833e-06,2.4684715307675796e-05,2.2777703788978056e-05,2.110076960261496e-05,0.00013218421191772854,1.7879143818024868e-05,4.269003100220749e-06,1.0639243434369765e-05,8.44086381611922e-06,1.256303667041476e-05,8.708289175050308e-06,1.2314444522178137e-05,1.1555620220339415e-05,9.083306138465258e-06,8.024097511125554e-06,7.698123766417504e-06,2.321788241303452e-05
2022-07-19,9.992783095016184e-06,2.6943087681324806e-05,2.1704353659544962e-05,1.6212012360038225e-05,0.0001311985455704091,4.0940392674524825e-05,5.20955509804085e-06,9.723833725221537e-06,7.699034865425412e-06,1.4092708885402622e-05,7.058968431562936e-06,1.406527823495006e-05,1.1545798490641929e-05,1.0137234501604556e-05,1.0087870960438172e-05,3.9862370566116186e-06,1.977177555778214e-05
2022-07-20,9.569966196988917e-06,2.496433287335222e-05,2.0244936210761186e-05,1.639988689047708e-05,8.554441893953436e-05,1.5436466921104956e-05,4.790792510118827e-06,9.996656036615949e-06,7.917470721345531e-06,1.2283116336635155e-05,7.576984377950944e-06,1.538126258298469e-05,1.0033037164403381e-05,1.058938284564386e-05,1.1784402008376354e-05,5.630792492553277e-06,1.873189604819433e-05
2022-07-21,9.519940045533135e-06,2.0588922096151296e-05,1.870717278105576e-05,1.544949583949905e-05,0.00016327901584739477,1.897003880801642e-05,4.6807788904034575e-06,1.1381058201071058e-05,9.54056791126222e-06,1.2589208108656173e-05,6.734446572511531e-06,1.298902038107188e-05,7.555964057358402e-06,1.029881855940126e-05,9.88585479864595e-06,5.8544444600562965e-06,1.5347965230719568e-05
2022-07-22,8.994746540773021e-06,2.2881453166521503e-05,2.4133208930962667e-05,1.9792436716157655e-05,6.273707374984315e-05,2.0142166257834947e-05,4.1615167896394875e-06,1.1109511566733442e-05,8.512974144748471e-06,1.3154058807208302e-05,6.83001626275658e-06,1.0145439954467265e-05,7.89543400002284e-06,1.0813487171026278e-05,1.2192752368571857e-05,1.0046919112254228e-05,1.924943166053022e-05
2022-07-23,8.52127592082871e-06,2.977477602706116e-05,1.9627651945229654e-05,1.7151481888035127e-05,0.00012104661747332133,1.5513004766007127e-05,5.760247958690088e-06,1.0797177747823198e-05,7.477235247580771e-06,1.0209557166463526e-05,6.4983327714983125e-06,1.1336092278021194e-05,9.19038161779041e-06,1.002828461501011e-05,1.2748688669883415e-05,5.705452451294157e-06,1.3401925665262018e-05
2022-07-24,8.634474962933035e-06,2.3443214055910464e-05,2.0859937380527283e-05,2.2611601483513496e-05,9.020269834929061e-05,1.9445311019711343e-05,4.626608708080277e-06,1.0908391527014373e-05,1.0256291588573694e-05,1.3759887136549275e-05,5.516119556988181e-06,1.5072465473025434e-05,1.189893477490731e-05,9.506343631442601e-06,9.007936478953444e-06,6.077327920459932e-06,1.901209118300329e-05
2022-07-25,9.618644131792198e-06,2.993666823406902e-05,2.0342159706105026e-05,2.195673118725315e-05,0.00013776061510114643,1.8457039041582812e-05,7.921560886209601e-06,9.500870621780297e-06,7.834630073994594e-06,1.3779628817200671e-05,9.501533320090741e-06,1.3135069193537764e-05,8.557341494667394e-06,1.3903684007416807e-05,9.026841959340524e-06,4.29805954073228e-06,2.2858023764370985e-05
2022-07-26,9.678886938746735e-06,3.7258268835667806e-05,1.9013760437516154e-05,1.587812326187088e-05,0.0001350226162882283,2.2512263290230534e-05,4.765889084404749e-06,1.1094675130067609e-05,1.0505299706650358e-05,1.3634601950850451e-05,7.473136485025522e-06,1.4791489305753233e-05,1.3271453662654481e-05,1.2907003568868176e-05,1.075148805714467e-05,5.600001493333732e-06,2.0907170047805963e-05
2022-07-27,9.205847801195676e-06,2.631870890408563e-05,2.268799389627258e-05,1.8693199459629757e-05,0.0001330549884150398,1.7421773557978173e-05,4.347467480790164e-06,1.1382046842000775e-05,1.0951911813286222e-05,1.1003216827116797e-05,6.635234224177696e-06,1.6454101010994815e-05,1.0194140703017452e-05,1.0633818800392254e-05,1.3501375357085905e-05,2.376726460703073e-06,1.747566028869791e-05
2022-07-28,9.514584129565288e-06,2.262298807511449e-05,2.0670566307448286e-05,1.9883528762217966e-05,0.00011563955612912776,1.827144947408678e-05,4.580623105004119e-06,1.1507542151385124e-05,9.632976769304064e-06,1.3540036579044677e-05,6.510070089557139e-06,1.3634158414529165e-05,9.632757982460123e-06,9.949679915424347e-06,1.317792990136941e-05,6.5349315234477425e-06,1.5721227877543218e-05
2022-07-29,9.780537891460356e-06,2.1828564789468772e-05,1.981332025202384e-05,2.257863007925099e-05,9.443246090993131e-05,2.033551588625176e-05,5.814769681126338e-06,1.1904725967876542e-05,9.608018941297814e-06,1.227015890537458e-05,6.86030513112711e-06,1.3236054801502415e-05,9.540798478098086e-06,1.2339999565632015e-05,1.2864211812216152e-05,5.142148260989735e-06,1.9913018827482732e-05
2022-07-30,8.82543889862951e-06,2.1437135998630582e-05,1.8557055380635938e-05,2.293494985655463e-05,0.00014387418450623868,1.5605231787172044e-05,6.62945686694828e-06,1.1803202561189256e-05,9.674493398662063e-06,1.2051734229396197e-05,8.157330684095998e-06,1.1146863644132663e-05,1.0486478055789244e-05,1.1959447130920553e-05,1.2916490331247193e-05,6.868482300902322e-06,1.8936644300385677e-05
2022-07-31,8.42288427480458e-06,2.2098497915988877e-05,1.835410677021583e-05,1.3664381097981248e-05,8.538216651148796e-05,1.4711667779800734e-05,4.2868268734306414e-06,1.11383813123144e-05,9.84611229772393e-06,1.1980484001745087e-05,6.550451140619008e-06,1.4063364406063027e-05,1.0792323060862707e-05,1.0956963464488724e-05,8.734609971336315e-06,4.732655262150648e-06,1.7399238151714682e-05
2022-08-01,9.364975108720857e-06,2.3428383911650148e-05,1.96142551852065e-05,1.6183564780786873e-05,8.142624496442959e-05,1.673158810199921e-05,4.4649689461409796e-06,1.1319683570583848e-05,1.0950120721615728e-05,1.2693694655217732e-05,6.090492371041026e-06,1.092221742858235e-05,1.2096708292640994e-05,1.1851958151696736e-05,1.5707246737950943e-05,5.293088919659379e-06,2.083572357867894e-05
2022-08-02,9.178922519883712e-06,2.686637989773296e-05,1.7347579781683074e-05,1.6629520298035114e-05,9.395931114402172e-05,1.6987036787773994e-05,4.797663163122835e-06,1.0287223987522028e-05,9.851635301755125e-06,1.234592004667332e-05,6.075356569598362e-06,1.779279635037066e-05,9.178818329418349e-06,1.1850722755573149e-05,1.0606472949354867e-05,1.031643266816666e-05,2.1870824893700956e-05
2022-08-03,9.573810832074656e-06,2.1763508938981702e-05,2.0319954391113336e-05,2.0398746934116904e-05,0.00011622444878133823,1.9212857160658954e-05,5.27663982022391e-06,1.1184134079410206e-05,1.0120865314574517e-05,1.2679922198356446e-05,5.611037721681774e-06,1.4398659374053357e-05,8.277000462329597e-06,1.2644382037038756e-05,1.0352829609506797e-05,6.248233312031023e-06,2.4625916930625715e-05
2022-08-04,9.918899263977045e-06,2.4234957917005367e-05,2.087363707776657e-05,2.0025151590397538e-05,7.223763291724457e-05,2.1076591470619786e-05,4.527529074596952e-06,1.3109124776523663e-05,1.243760221868533e-05,1.2036295339174413e-05,8.733856820224313e-06,1.2647553237829427e-05,1.0790406609164012e-05,1.5029055084100633e-05,1.036294934719896e-05,6.80068037028949e-06,2.1687912585083877e-05
2022-08-05,9.589556756069044e-06,2.5798484020770796e-05,2.214467981383126e-05,2.7695948838029056e-05,0.00011923096030602613,1.9454503001018536e-05,4.314648616276442e-06,1.3607648496886264e-05,1.1299961269039635e-05,1.2751619288840709e-05,7.241356645090607e-06,1.1793557367623301e-05,8.664127989649255e-06,1.0716644051395764e-05,1.7018787145497334e-05,5.414040144822724e-06,2.0124264614499314e-05
2022-08-06,9.589758082875219e-06,2.060560988515597e-05,1.9723284720647935e-05,2.3802491255289293e-05,0.00012814732195828092,2.152236121989236e-05,3.5906726532754924e-06,1.3394769004704819e-05,8.930721891536151e-06,1.1751663559044334e-05,8.845171278844341e-06,1.3867278059548225e-05,1.3372986820006495e-05,1.2373667207244516e-05,1.9730404787426955e-05,5.827411496187902e-06,1.786261304434647e-05
2022-08-07,9.740032421674449e-06,3.0480621619774904e-05,2.0253923323982207e-05,1.7113682389070062e-05,0.00013974287311347122,1.919567798314627e-05,3.7535475680636366e-06,1.1861540834424114e-05,8.788078246942811e-06,1.2860129798938796e-05,7.9978541142192e-06,1.1579636970449719e-05,8.524754359839297e-06,1.397275673024872e-05,1.4108188644621279e-05,5.810345669084545e-06,1.7395307351130832e-05
2022-08-08,1.1359043564432617e-05,3.1143657048005254e-05,2.986430662147151e-05,3.5784172472177804e-05,8.685237838381437e-05,2.472657382185443e-05,4.5400787478162145e-06,2.0694132585452137e-05,1.5257837805464766e-05,1.4188771647341628e-05,8.224183907443917e-06,1.2840054280582957e-05,1.1739177713850746e-05,2.1948075860799116e-05,1.8190006046877724e-05,7.3047546144008954e-06,2.4912666527261746e-05
2022-08-09,1.4392609365993287e-05,3.339374515315413e-05,2.4815345778664255e-05,2.5017311085795976e-05,0.00010494631042164566,2.8657583930641223e-05,4.4178389710829155e-06,4.509163678610996e-05,1.8298963017548457e-05,1.7837189431897677e-05,1.0503274415843557e-05,2.7283416514882117e-05,1.574594493911888e-05,5.5774003736858254e-05,1.965785635654289e-05,7.864191258928946e-06,1.9638782777333025e-05
2022-08-10,3.426615399864397e-05,7.627991337992059e-05,3.365320443269052e-05,3.167270437156764e-05,0.0001356557599435672,8.863918539878167e-05,5.348498690410767e-06,0.0001358627347640235,6.637974086934856e-05,3.4895914814718583e-05,1.0458244019654911e-05,7.502160207000316e-05,8.332970101303277e-05,0.0003551713796006663,8.482994190835201e-05,1.8546226237068066e-05,6.442682522854932e-05
2022-08-11,1.5457222631017687e-05,3.581421756543096e-05,2.3449540280447817e-05,3.4423534314755945e-05,7.478138130558944e-05,3.24264401139384e-05,7.372836131110091e-06,2.8615826979421174e-05,2.150566680877017e-05,1.879731393450535e-05,1.1223607770086907e-05,2.3294547911061415e-05,2.2487982568486884e-05,6.126952966257995e-05,3.13068973752142e-05,1.5045848461724992e-05,2.602093706150874e-05
2022-08-12,1.1482726236618124e-05,2.758249984568937e-05,2.2726212862926198e-05,1.9058627673985022e-05,0.0001665271010962241,2.2865103863404933e-05,3.5838784858124773e-06,1.508389495637594e-05,1.5086145958552484e-05,1.3826009072143914e-05,1.030357997480572e-05,1.1254355739843097e-05,1.0318394425243028e-05,2.490148444540093e-05,1.934989073848858e-05,5.980762450381031e-06,1.6431980875294516e-05
2022-08-13,1.0247112247845127e-05,2.819079530260805e-05,2.15777654042083e-05,2.09429860407336e-05,0.00012646652528357685,1.812754182654975e-05,3.2707883532910406e-06,1.080217131093123e-05,1.137176129996432e-05,1.4969691364883234e-05,7.479780608278524e-06,1.0448548002833516e-05,1.0351517109599821e-05,1.4329098189249774e-05,1.379726723712816e-05,5.710764982350564e-06,2.0113439800474676e-05
2022-08-14,9.900377109030889e-06,2.322119290666185e-05,2.0431029000278407e-05,2.078333327822601e-05,7.545863313344194e-05,1.8479169570758382e-05,3.6876476079731367e-06,1.0666087465795797e-05,1.1034332275837637e-05,1.5293541656528902e-05,7.508895694868515e-06,1.1175528437402056e-05,8.419683753962173e-06,1.1324321214065173e-05,1.555857507160649e-05,8.884550777199056e-06,1.726621189383006e-05
2022-08-15,1.0304126137346522e-05,2.8351691280614545e-05,2.2112366597919154e-05,2.7318786156876507e-05,0.00010200958890135672,1.827088253518845e-05,4.595132930820938e-06,1.2586411709917973e-05,9.980359030046191e-06,1.2491061084411468e-05,8.873595393788579e-06,1.4139666800476196e-05,9.854030622834608e-06,1.3082386171170251e-05,2.5178579725636543e-05,6.643052060732515e-06,2.0223229058151135e-05
2022-08-16,1.0102633305881789e-05,2.8334370969996997e-05,2.2123343596837182e-05,2.4383187417149915e-05,0.00011501497494973846,2.4154595054879946e-05,4.479154884116107e-06,1.2570620850034001e-05,1.0899194821012918e-05,1.657433517262596e-05,9.298790447597279e-06,1.407305534123465e-05,1.1981655961201175e-05,1.1498862557718777e-05,3.705118490733029e-05,1.2210065727723049e-05,2.635494043124589e-05
2022-08-17,1.0334446803619003e-05,2.859066352137776e-05,2.173655512553404e-05,2.2384565889445964e-05,8.156802533406905e-05,1.9193780133896892e-05,3.7700017873235748e-06,1.147570104841861e-05,1.0477193950809331e-05,1.392140292305166e-05,8.579828984777683e-06,1.0823629309550212e-05,7.87164979817213e-06,8.857426509256686e-06,2.776069264201568e-05,5.2226363807006996e-06,2.0908078652112266e-05
2022-08-18,1.7841141892815146e-05,4.9645927132975986e-05,2.415370332827035e-05,2.3969835185369987e-05,0.00011899435490780317,2.955269565070156e-05,3.591039924463672e-06,1.730230790746329e-05,1.4401299232779332e-05,3.137393091000677e-05,1.1844283048510776e-05,1.833543711502323e-05,1.2331565599210277e-05,1.1192642622248614e-05,3.559988555683849e-05,6.274066033974638e-06,3.3719209806633926e-05
2022-08-19,2.01244931632038e-05,7.05160806111818e-05,2.632851495659343e-05,2.5539288581432263e-05,0.00015051860501181342,3.0961888152474705e-05,4.638219767583355e-06,2.0069974951490675e-05,1.613417147256174e-05,3.490808732632746e-05,1.5169929465662573e-05,2.6144474365342883e-05,1.5383116516852205e-05,2.1805408242179115e-05,3.10526778157281e-05,5.928657499974062e-06,4.482428878795123e-05
2022-08-20,1.8389579610280523e-05,5.331961757006584e-05,1.6960905190109734e-05,2.0001278130456143e-05,0.00010984182776801405,3.162159141572762e-05,5.564048258845232e-06,1.8484824186784557e-05,1.99205703063979e-05,2.934952008610243e-05,1.0695938533358323e-05,2.7080560123822803e-05,1.4276168459342235e-05,1.9676166349820308e-05,3.491343482400272e-05,9.010183115882217e-06,4.0001697369320804e-05
2022-08-21,1.3696537871033546e-05,3.719528127255703e-05,2.1273668833126816e-05,2.025883249761723e-05,0.0001577945885738154,2.422532013778695e-05,4.359310401225816e-06,1.3050967072899015e-05,1.670073193004342e-05,2.005263167961645e-05,1.3348104188391687e-05,1.745311766451194e-05,1.31078094419751e-05,1.395826119688938e-05,2.565096447626431e-05,9.030052013099595e-06,2.942277142567431e-05
2022-08-22,1.3809330708969784e-05,4.7685707667475985e-05,2.1065164210940014e-05,2.2719656478794042e-05,0.00011369180992624244,2.1136539715325002e-05,5.832863365588086e-06,1.5737308312761706e-05,1.6368325835448693e-05,2.461122907890484e-05,7.624059878393e-06,1.468767960715353e-05,1.251249883226801e-05,1.4926092520006405e-05,2.5292503635449972e-05,6.45055750878437e-06,2.1772771733716825e-05
2022-08-23,1.756869724126456e-05,3.964475105893848e-05,2.1892035700456422e-05,2.4345832085418042e-05,0.00013435120364283692,2.5206603695987615e-05,6.46668575083973e-06,1.602264687717352e-05,1.384472677431711e-05,2.2967266961310614e-05,9.491762758698799e-06,1.5843071143566502e-05,1.4238932789489369e-05,1.7514399781519486e-05,2.2454656473515138e-05,5.020605821442656e-06,3.477871751160595e-05
2022-08-24,1.6541939978411062e-05,3.3820517617303686e-05,2.1196409844394887e-05,2.2950539337674435e-05,0.00011579714270550375,2.802867188229051e-05,9.884826633578034e-06,1.6797335042039263e-05,1.8324764584419218e-05,2.8451936008088144e-05,9.45729361032911e-06,1.67329231712236e-05,1.4129710000603277e-05,1.5139109689248704e-05,2.530890421483644e-05,2.410334356761301e-06,2.4361985105195618e-05
2022-08-25,1.332430393712779e-05,3.403202981205812e-05,2.0243554092275337e-05,1.9645113421781064e-05,0.00010106162834345554,2.4275443264001534e-05,6.083844405615286e-06,1.4725334337807169e-05,1.3792072226444422e-05,1.9531378825052446e-05,1.0873433077885515e-05,1.9640026373749703e-05,1.4430199119180646e-05,1.0878792018934217e-05,3.616150762491218e-05,8.479833157997793e-06,2.5817987827253874e-05
2022-08-26,1.2454707529431954e-05,2.9293070008606502e-05,2.00141081768445e-05,1.5041408998974176e-05,0.0001430008481429614,2.249865789820056e-05,6.606734265747374e-06,1.9820032564890786e-05,1.255350308756853e-05,4.266025955212916e-05,1.1056229444114896e-05,2.685535096888317e-05,1.2286160708323874e-05,1.0857161918992355e-05,1.952065597732897e-05,9.533678876227715e-06,1.743776756074601e-05
2022-08-27,1.1318605042189641e-05,2.5743514212246805e-05,1.8983730272214063e-05,2.2496284095930584e-05,0.00010515347627833169,1.944898161467361e-05,3.65636485396663e-06,1.4615164351605582e-05,1.1452921350790029e-05,2.4194637356716252e-05,7.016508689285634e-06,2.2382684212882386e-05,1.0806875597837677e-05,1.0056416496545621e-05,1.730059376178434e-05,7.275469102405535e-06,2.0227176835951042e-05
2022-08-28,1.0496373416374096e-05,2.1331704638972127e-05,1.974510581428684e-05,1.9454155310303505e-05,0.00011514263870082258,1.7472941410182375e-05,3.200911444486798e-06,1.2197386387313943e-05,7.886896273934441e-06,1.6095244743397387e-05,1.0356960960898282e-05,1.407399865237119e-05,8.946222053319729e-06,9.57284528415316e-06,1.3025704404042762e-05,4.5814326750832675e-06,1.4608041465969133e-05
2022-08-29,1.0591700680810797e-05,3.0080711297998525e-05,2.1749394942300328e-05,2.716334606674749e-05,0.00010791991403944238,1.8138427092553294e-05,4.899366709054155e-06,1.1955108992700588e-05,1.02351821842516e-05,1.929012095100686e-05,7.77879147713027e-06,1.2887705129306641e-05,8.73440115357618e-06,1.1269989747483974e-05,1.4080630472184645e-05,5.768378118234446e-06,2.1305831576549154e-05
2022-08-30,1.0566785380077874e-05,3.06181371319385e-05,2.0729604086565435e-05,2.080676035837951e-05,6.204747108826491e-05,1.646550493019604e-05,5.3661283134416e-06,1.1461974087306705e-05,8.721369574438747e-06,1.672975912336583e-05,8.427590841786606e-06,1.0826823990926299e-05,9.836336245786623e-06,1.2894071166262523e-05,1.0628571347591838e-05,3.3019059617182103e-06,1.9125262646362593e-05
2022-08-31,9.704048300697816e-06,2.8188898311134715e-05,2.075955929201754e-05,2.6086733960596236e-05,0.00011851879945196907,1.5527033379190368e-05,4.531741134476075e-06,9.204589401328642e-06,8.856038854977271e-06,1.5094676101369985e-05,9.055687193757411e-06,1.045146529543442e-05,1.0209070832356483e-05,8.686124216630042e-06,1.1533729751896658e-05,4.906253122894668e-06,1.900575903738462e-05
2022-09-01,9.893498552007259e-06,1.9898482435818167e-05,2.1481988584808077e-05,2.413112855255458e-05,7.647744871231095e-05,1.860099501340797e-05,4.9210462576125805e-06,1.170778974597715e-05,7.5518512921579085e-06,1.088169273787755e-05,8.92396192454693e-06,1.3674011890053607e-05,9.646349783658683e-06,1.214588077311932e-05,2.2016878722808822e-05,6.409544238674336e-06,1.607665348381081e-05
2022-09-02,9.808031440774434e-06,2.8125679778099068e-05,2.0309726452981264e-05,2.4085948461785602e-05,0.00010151487885122071,1.9142203862148256e-05,4.348974126835475e-06,1.0592185293817371e-05,9.495323161145006e-06,1.3398679586924068e-05,1.0436744101557627e-05,1.3389417992285463e-05,8.71165199056697e-06,1.130615242618572e-05,1.5533666892940416e-05,3.4860605511287428e-06,1.774089249107855e-05
2022-09-03,8.927039634588108e-06,2.298201548249735e-05,2.075216347871406e-05,2.440999603696535e-05,6.59559131831737e-05,1.939222373540548e-05,4.148444598895248e-06,1.1114075293306428e-05,8.256417272305384e-06,1.152312691571985e-05,8.269087341632927e-06,1.4721418655147129e-05,8.223143214262219e-06,1.1663387460422987e-05,1.0302080170272782e-05,5.256982669370947e-06,1.699621248195984e-05
2022-09-04,9.585394503358497e-06,2.386739103957387e-05,2.087658997140165e-05,1.4947095821987776e-05,6.211758859521074e-05,1.7751531234654346e-05,4.248982734441562e-06,1.2229202685674287e-05,7.576374591112534e-06,1.1379721677951164e-05,8.944199259184928e-06,1.3696275949959025e-05,7.4667825953801474e-06,1.2484660615158814e-05,1.4556065070860595e-05,5.687272452977481e-06,1.801057769058454e-05
2022-09-05,9.889446949541718e-06,2.7982381899620815e-05,1.9338445079775515e-05,2.0820684207981173e-05,9.569694984375633e-05,1.6083648748294927e-05,6.391071079602231e-06,1.0731498453778449e-05,8.677609277808156e-06,1.4423417651103166e-05,1.2585146380983844e-05,1.0175503286428863e-05,9.540398293013322e-06,1.2718479632944678e-05,2.0301575955973528e-05,6.557109142072884e-06,2.4830237048755273e-05
2022-09-06,9.713433047778289e-06,2.0260425893602292e-05,1.9064299443387945e-05,1.6290911365712713e-05,7.723278296580602e-05,1.673128710357581e-05,6.561185192778864e-06,9.014906147314585e-06,7.675947590932633e-06,1.4304055560694916e-05,6.802685666707707e-06,1.5216358249741016e-05,1.1023262513362643e-05,8.555180471532047e-06,1.8941521813757098e-05,5.216789620865072e-06,2.4200894617340347e-05
2022-09-07,1.010616893818446e-05,2.3827807445680404e-05,2.0503592088303872e-05,1.2518163373587253e-05,2.876860769528291e-05,1.6818141384643658e-05,5.622170776044251e-06,1.2328129062255228e-05,8.507116886186053e-06,1.165938669749748e-05,1.061947781800904e-05,9.60570877945773e-06,9.042756147518122e-06,1.0602821970519736e-05,1.2680339004981561e-05,7.110246505136087e-06,2.4133383602277548e-05
2022-09-08,8.808569876564096e-06,1.556138353281151e-05,1.5507262157290646e-05,1.0756635534021446e-05,4.7231406106742976e-05,1.547708156569386e-05,4.526304080961634e-06,2.5022166940422324e-05,8.020491023811723e-06,1.0793693944320052e-05,1.1058585966864279e-05,1.3036564531752373e-05,7.335761129788929e-06,1.0130218063545209e-05,1.2084594620225228e-05,4.739383662112277e-06,1.4684756584197926e-05
2022-09-09,8.197998048876464e-06,1.53291481662042e-05,1.6239467500663973e-05,9.281045321140634e-06,8.629021123843712e-05,1.3167051669116488e-05,5.505917896040602e-06,9.443463357961064e-06,7.232390323258356e-06,1.1103921151669687e-05,6.949552546544086e-06,1.218082828336494e-05,8.581714224675941e-06,8.785532927213145e-06,9.40388192245759e-06,2.995315096779783e-06,1.5016271202438643e-05
2022-09-10,7.705380291973039e-06,1.417592658442485e-05,1.625275386100981e-05,1.2070134062613271e-05,5.468515024745031e-05,1.548418052740963e-05,4.026832370411958e-06,7.813155993063474e-06,7.538386090169987e-06,1.038496027242452e-05,8.578080800012277e-06,1.0065806335688933e-05,8.984475724395816e-06,8.250652950781201e-06,1.0995136850970816e-05,7.102594796420511e-06,1.2246852264572518e-05
2022-09-11,8.193087574807956e-06,1.971385907240139e-05,1.6484256794450365e-05,1.1440727551821593e-05,5.224114512590116e-05,1.6753172150059355e-05,4.1835950480350704e-06,8.661831558868338e-06,8.382712750630013e-06,1.2088905769397308e-05,7.659766624807593e-06,1.3880919514354907e-05,8.111064810449485e-06,8.029516502663792e-06,1.2178013857274983e-05,5.022779561004043e-06,1.4959871869848194e-05
2022-09-12,8.758325184633845e-06,2.2261276145868832e-05,1.94269959073238e-05,1.3506454845027213e-05,7.553926642979044e-05,1.6678692411937077e-05,4.904258152792776e-06,9.412218498081638e-06,8.613100893451936e-06,1.4056392497459854e-05,9.217742640775352e-06,1.1957966350593286e-05,6.733630724997589e-06,9.503558822407518e-06,1.1182438147436402e-05,5.7801383348947415e-06,1.4471274520077646e-05
2022-09-13,8.818496543202125e-06,2.2005701890318185e-05,1.893139860917548e-05,1.4579764912505989e-05,6.908100161925868e-05,1.59900660748926e-05,4.863260901309072e-06,1.056502417174309e-05,7.951116216245304e-06,1.5751942003142447e-05,1.1885153449450761e-05,1.5723485525666782e-05,9.639687751234363e-06,7.86429881653906e-06,8.59643903823945e-06,6.967233102717918e-06,1.8746370973908503e-05
2022-09-14,9.290212122625818e-06,2.9243927498454946e-05,1.7806999520580782e-05,1.669080704295478e-05,7.114014893901582e-05,1.449920330988411e-05,5.358601483068848e-06,9.878867241918418e-06,1.0620713237910386e-05,1.9879609859742554e-05,1.0785072815338627e-05,1.6356553817032094e-05,1.0357702165353162e-05,9.970251428471157e-06,2.6662351656191735e-05,4.292227498900964e-06,2.2059872454719662e-05
2022-09-15,1.1394026935908705e-05,2.112759201377022e-05,2.008301759015465e-05,1.2855104404872942e-05,4.960042481305016e-05,1.8238881431041186e-05,5.309434656224564e-06,1.2937322573861844e-05,1.0613946799802904e-05,6.86708285918558e-05,1.3931168418704583e-05,8.678097088397519e-05,1.386788202995373e-05,3.35928677664244e-05,2.4986014772287178e-05,1.35730923139941e-05,1.9578303941833888e-05
2022-09-16,9.994745281677606e-06,1.9616533640511534e-05,2.0866295135985397e-05,1.9841250480174524e-05,6.510126673359533e-05,2.1530257421188785e-05,4.777482807569154e-06,1.1004161931244711e-05,8.49382880116785e-06,2.4460574446107764e-05,1.0352151197723189e-05,2.5317696373898848e-05,1.1219459794946468e-05,1.2960502867511259e-05,1.668785298436856e-05,1.1282078940431174e-05,1.6878664396401058e-05
2022-09-17,9.676884035244958e-06,2.1639921669178275e-05,1.758100938435212e-05,1.3122362852419942e-05,9.179259463242803e-05,1.4788130926537788e-05,5.215625095338328e-06,9.654842281280849e-06,7.285168857055032e-06,1.40498406767491e-05,8.064299563568171e-06,1.6465825253195142e-05,1.1320386755867883e-05,7.574443722405518e-06,1.4261272756200422e-05,4.579256395923729e-06,1.898214612144049e-05
2022-09-18,9.194595089076542e-06,2.0189262991551807e-05,2.1289008323771924e-05,1.9086833244261444e-05,7.58470806166951e-05,1.5737629546949827e-05,4.780112852035045e-06,8.472753454235675e-06,1.0101764402932584e-05,1.3262713087854686e-05,1.2105725391257815e-05,1.5193570081141661e-05,1.0141973477088338e-05,7.679062061138349e-06,1.2938981017680074e-05,6.163293664134113e-06,1.988298631356949e-05
2022-09-19,8.863704435110504e-06,2.0025056070156997e-05,2.1171757309032227e-05,2.260481227872617e-05,7.642393310995254e-05,1.4071277694141453e-05,4.8845902256831755e-06,1.0292462914419264e-05,7.671610750314148e-06,1.0261090353351154e-05,1.0451308080379255e-05,1.5084627273106673e-05,8.83521995439749e-06,7.277988782704026e-06,1.2622588282382447e-05,3.7487863304255245e-06,1.4388133006440594e-05
2022-09-20,9.59138358199067e-06,2.2319814871875137e-05,1.9287934717819974e-05,1.1340793685446075e-05,4.479047280296144e-05,2.012063317943097e-05,5.535977051208871e-06,9.666580924622094e-06,8.224787901075781e-06,1.224480848099135e-05,8.977217772861558e-06,1.3787699103537766e-05,1.119283481259759e-05,7.404363391346521e-06,9.300354277066855e-06,4.986440282277851e-06,2.0895336805742762e-05
2022-09-21,9.978206668624881e-06,2.859965757069791e-05,1.8714915590550666e-05,1.6444011273805315e-05,7.70291196634093e-05,1.5422337665043427e-05,6.22892451586012e-06,9.646163557832897e-06,7.915816360718523e-06,1.0634486441467282e-05,1.0441425730098622e-05,1.3279359630093642e-05,1.2084975337780604e-05,1.0529031171196782e-05,1.4459090103452458e-05,4.799137800614564e-06,2.2822955002098895e-05
2022-09-22,9.706114472331294e-06,2.9497131103009097e-05,2.0127067051503515e-05,1.4796636374813328e-05,7.974415874037226e-05,1.6509854380632405e-05,5.2100035541575524e-06,1.0819785682073945e-05,8.795486900636837e-06,1.2261340882022008e-05,8.33292814807306e-06,9.143330174795941e-06,1.189299593681907e-05,1.01569973857243e-05,1.301703436048208e-05,6.892265570875662e-06,1.5096610360724235e-05
2022-09-23,9.870403319515254e-06,2.4582586924551992e-05,1.9531190722434465e-05,1.755001755001755e-05,3.722630207452029e-05,1.844300228399268e-05,4.448837085693266e-06,1.0375605508484549e-05,7.7343665190659e-06,1.1598597189292492e-05,7.968589811112049e-06,1.0947892669829184e-05,1.146016435057139e-05,7.786410575582028e-06,1.336641399283706e-05,5.661021280587711e-06,1.724831378132431e-05
2022-09-24,9.42813879145835e-06,2.415000912333678e-05,2.0435648425953017e-05,1.6111798591514425e-05,3.888962347066556e-05,1.3834454803480983e-05,4.086736667152051e-06,8.590003722814165e-06,6.984961636299331e-06,1.159086847047476e-05,9.126126916566707e-06,1.186452913527301e-05,9.765565550534391e-06,8.477030962942463e-06,1.7296443303900917e-05,8.022746566487323e-06,1.68939759665274e-05
2022-09-25,9.667101063381909e-06,2.690587651747275e-05,2.2415998265093765e-05,1.5057618303778938e-05,5.898713195716354e-05,1.4771039103784035e-05,4.596585049529071e-06,9.435018874851535e-06,7.892616848509907e-06,1.0117737927038803e-05,1.051541928506866e-05,1.1947703468195292e-05,1.042360880861478e-05,9.162334221368522e-06,1.3868149951154395e-05,4.894639994909574e-06,1.6348604564857367e-05
2022-09-26,9.65777744647643e-06,2.505798931276756e-05,2.2837653472568868e-05,1.4692010634027493e-05,0.00011577606803422762,1.4726834670881427e-05,5.353567719876144e-06,9.927899996689685e-06,7.153275866047828e-06,1.1593203060035247e-05,1.177748906896921e-05,1.8249311716326e-05,1.3603111371648481e-05,1.307702860235359e-05,1.3682609380286792e-05,3.820221338849096e-06,1.64075900042023e-05
2022-09-27,1.0351586237724002e-05,2.7636322374629796e-05,2.089858741749513e-05,1.1200517756107752e-05,6.16123138906301e-05,1.5714460601897164e-05,5.8560634060358856e-06,9.27023369127853e-06,9.704208523209774e-06,9.554395041763397e-06,1.1801740645107066e-05,1.8932307843670658e-05,1.0828777215559696e-05,9.709110082885925e-06,1.2920611231048636e-05,6.646353272011175e-06,1.6299037140848778e-05
2022-09-28,9.489107596918637e-06,2.5998588605356517e-05,2.078909721989512e-05,1.5449081629342545e-05,4.6780793457293266e-05,1.589884431143286e-05,6.775986784685984e-06,9.085516567875955e-06,9.076090710933493e-06,1.2298177168212316e-05,1.0128720128227923e-05,1.3227417579520149e-05,1.2992403774593122e-05,8.281490534723822e-06,1.5102653421792167e-05,4.044342167524741e-06,1.738121278080686e-05
2022-09-29,8.83455550715824e-06,2.394343638281004e-05,2.214150083039118e-05,1.5162425487984044e-05,0.00011547477453550272,1.461492362240915e-05,5.400393043240025e-06,9.291965372161272e-06,8.508752923744252e-06,1.1922155354780947e-05,1.1465404373771504e-05,1.4478766662458776e-05,1.3894998506866619e-05,8.118840936554062e-06,1.6126893134781594e-05,7.2159910342555536e-06,2.077897721611788e-05
2022-09-30,8.698777148244377e-06,1.794304970460861e-05,2.032296058667822e-05,1.1399255438632266e-05,6.812526443359221e-05,1.3041417607142187e-05,5.50877144603382e-06,8.580759288052607e-06,9.023405666940457e-06,7.65217830839121e-06,9.32963142772732e-06,1.6758779711098354e-05,6.770586300129693e-06,1.1097382723899753e-05,1.6687847396053966e-05,4.794932715106675e-06,1.4376407357099842e-05
2022-10-01,1.0376763430861881e-05,2.397373074730735e-05,1.914225470875538e-05,1.8435891149791617e-05,6.990779938015085e-05,2.348637701319204e-05,3.790455199738801e-06,1.081761173760801e-05,1.7098754000772342e-05,1.0473710057524786e-05,9.494763018971363e-06,2.9789790756912287e-05,1.0039849632437432e-05,8.489779989372952e-06,1.4513360016067694e-05,6.2722154029302535e-06,1.763176829782131e-05
2022-10-02,9.740476333754553e-06,2.1709011159561107e-05,1.6942598161336145e-05,1.8354642481168728e-05,9.401118429831265e-05,1.7046368942213747e-05,4.546459144336648e-06,7.935270843305927e-06,8.581325236638729e-06,9.873349607904604e-06,7.326918140894014e-06,1.6504569902443796e-05,7.722852041129471e-06,7.412634491332446e-06,1.728186879216371e-05,4.525518948800391e-06,1.6968849669896955e-05
2022-10-03,9.901578311582867e-06,1.7929737943675883e-05,2.0371746068148415e-05,1.8102953401568763e-05,5.119458522955383e-05,1.2920727440951028e-05,5.1707887588201445e-06,1.0354959540819674e-05,8.68792446938324e-06,1.197936706303482e-05,9.969893373624778e-06,1.2061031789725375e-05,6.620155154030132e-06,7.772942173866778e-06,1.4121209400892562e-05,6.8873488011708495e-06,1.7132194745878652e-05
2022-10-04,9.370017404128342e-06,2.1028844177859932e-05,1.6826427903160226e-05,1.429607553665085e-05,9.029161278296226e-05,1.3877340095627702e-05,5.1394493208538935e-06,7.746163633739215e-06,7.957876878596637e-06,1.0657628630873582e-05,7.627618991667719e-06,1.037240336142921e-05,9.568328700025966e-06,9.37453493518095e-06,1.486314020499243e-05,5.781427357328826e-06,1.089732916599192e-05
2022-10-05,8.800081948774547e-06,2.0324840308455584e-05,1.8788682398990573e-05,1.969417140056194e-05,8.731994026111674e-05,1.4183436567190641e-05,4.860329323764155e-06,9.1653840133137e-06,7.742097025134076e-06,1.1111236112517376e-05,9.698168140373772e-06,1.1749285904512247e-05,8.5822471069245e-06,6.754901828335258e-06,1.5247636370432964e-05,3.6620342746877262e-06,1.745334630698742e-05
2022-10-06,9.727765080958472e-06,2.3981571494615916e-05,1.7503863256869395e-05,1.313503804235393e-05,5.5079169058262167e-05,1.4025569569614241e-05,5.772199651580898e-06,1.0421639269625383e-05,6.888439992216063e-06,1.592205784184641e-05,9.182225182052222e-06,1.7525850992318028e-05,1.5542466415922907e-05,8.473243206269763e-06,1.933896089136852e-05,4.31019947856728e-06,1.0749651881700343e-05
2022-10-07,1.0032531098575134e-05,2.5285627371876647e-05,1.672403272632748e-05,1.5684274394637838e-05,5.843892444878344e-05,1.5670151850894232e-05,5.509948961310922e-06,8.55847024608263e-06,8.807470112535198e-06,1.3039488227312382e-05,1.2498728725194731e-05,1.1967609074235736e-05,9.160804504432087e-06,8.246875265612565e-06,1.5215149699613036e-05,3.86479749204372e-06,2.8840060426307138e-05
2022-10-08,8.393899442560151e-06,2.2318167800159068e-05,1.7408375180111808e-05,1.8336771477985457e-05,6.331468188329521e-05,1.522939627798217e-05,4.112339131850238e-06,1.1651655638249318e-05,7.39039140412236e-06,1.1141036025571566e-05,9.474689985309373e-06,1.0776374261938635e-05,8.177300223444729e-06,8.185038278905557e-06,1.3770902221315383e-05,5.287616600207936e-06,1.2418099988427388e-05
2022-10-09,8.66465128303771e-06,2.1107893546914306e-05,1.9063420126503665e-05,1.7042201406702633e-05,6.751220589995305e-05,1.6521878425102412e-05,5.044871760250126e-06,1.0757333896954484e-05,7.575469321845708e-06,1.1216999191964964e-05,8.110630841041047e-06,1.4763552210059915e-05,1.1375471000784316e-05,9.41381344297718e-06,1.2469591932604006e-05,7.522357952305843e-06,1.5577552357613868e-05
2022-10-10,8.997310615358931e-06,2.7669780928744667e-05,1.7368261734741984e-05,1.6191760047762247e-05,3.823402500505235e-05,1.38299334562028e-05,4.9146369684047816e-06,9.13098864601893e-06,7.7797758581199e-06,1.2650903381547547e-05,1.085884732788766e-05,1.4749488290158612e-05,8.627769572328457e-06,9.143550311052152e-06,1.5302158394122393e-05,5.257847337150697e-06,1.8736961670000073e-05
2022-10-11,8.849838788616151e-06,1.836914040076733e-05,1.6432692986843756e-05,1.899200219656071e-05,4.552648704235838e-05,1.2924433407412964e-05,4.9525223050437166e-06,8.30433069884053e-06,6.747989485908207e-06,1.1144636223391096e-05,8.832684034750256e-06,1.2236888606139911e-05,8.38688582774309e-06,7.26671363258425e-06,1.8353281602503674e-05,4.969789595674485e-06,1.4228679114828602e-05
2022-10-12,8.664402900365044e-06,2.0630413871890288e-05,1.6364135657578478e-05,1.543731677523416e-05,6.039128059710506e-05,1.3678611268996514e-05,5.458246783841796e-06,8.459026853025249e-06,7.1492054755269245e-06,9.810094408781283e-06,8.726809532771558e-06,1.5347397552028702e-05,7.809393286995948e-06,9.587576602110318e-06,2.159481551669075e-05,6.604921253437923e-06,1.656247887950022e-05
2022-10-13,8.398150037681225e-06,1.9575354416344117e-05,1.769190376951681e-05,1.1896015500984039e-05,4.183855339017798e-05,1.3683980383879208e-05,4.9153549486672e-06,1.081599316141677e-05,6.394771906125881e-06,1.0964246489854193e-05,9.47654998863638e-06,1.0710642617866058e-05,1.0053088891250956e-05,9.175224916523099e-06,1.4877185348111027e-05,6.144067633896514e-06,1.6596023803439856e-05
2022-10-14,8.749647160031253e-06,1.8521651192856075e-05,1.695625053482697e-05,1.514857563524356e-05,6.666666666666667e-05,1.352792732600395e-05,4.519624110341258e-06,8.639405035782766e-06,7.199175715349065e-06,1.1921971491386972e-05,1.0395022306735663e-05,1.2320055993492221e-05,1.024802290990924e-05,9.555068247074956e-06,1.4333650815461166e-05,5.112453802925669e-06,1.2077552275886242e-05
2022-10-15,8.531139344452376e-06,1.9013912751587663e-05,1.5851131818471145e-05,1.1981819087262466e-05,6.228807455882524e-05,1.1747047761041025e-05,4.5996107237562065e-06,9.017845392071341e-06,6.863632533346381e-06,1.0360386365523031e-05,7.321646803295789e-06,1.2392648680802549e-05,7.925794811047103e-06,9.76053249300788e-06,1.1953702224583984e-05,5.409087808426938e-06,1.4805133807778312e-05
2022-10-16,8.504053963976449e-06,1.845599385031421e-05,1.6672230653701392e-05,1.348379103847985e-05,5.3215706911537755e-05,1.3841775361410319e-05,3.6013079837169837e-06,9.898713752440192e-06,6.364304229865092e-06,9.168092086698241e-06,7.120469701057252e-06,9.613816727691512e-06,7.75309933127729e-06,7.334766985202108e-06,1.4152387497364638e-05,6.100224953057317e-06,1.427086636494669e-05
2022-10-17,8.963398834238226e-06,2.2991840404857048e-05,1.7711098486605885e-05,1.3084898090032655e-05,2.9965158692756332e-05,1.541446485049427e-05,5.187659326353421e-06,8.209756393026608e-06,7.202798586836414e-06,9.688192625037751e-06,9.406943456163032e-06,9.556607621382779e-06,9.752634415683835e-06,8.730411140004614e-06,1.471114430873282e-05,5.191993747850577e-06,1.3122323014560984e-05
2022-10-18,8.823749413434548e-06,1.902658606931275e-05,1.788082042539774e-05,1.5419875877341984e-05,6.542789845590159e-05,1.408283607917553e-05,5.338141833324068e-06,9.789961062144677e-06,6.62610536951331e-06,9.250659691712386e-06,8.50672681237587e-06,1.4214673152769379e-05,8.341519414712655e-06,1.0079481063517156e-05,1.9561355238635726e-05,4.755712145304127e-06,1.834412136045321e-05
2022-10-19,9.48746934300338e-06,2.0366474621432957e-05,1.5966387890989645e-05,1.4756771513528271e-05,6.400494971611138e-05,1.2392860954310285e-05,5.299823803207198e-06,1.0578259292351383e-05,8.027258140229994e-06,1.2967611024363054e-05,1.207882886917923e-05,1.1397872681002602e-05,8.695177341619953e-06,9.21757745933608e-06,2.7223554861262846e-05,3.123736989034722e-06,1.3347392586858156e-05
2022-10-20,9.377031310406145e-06,2.2603705159544485e-05,1.8566242895646394e-05,1.5697521684510287e-05,7.593652791074203e-05,1.235257955998533e-05,5.823328837656536e-06,9.355174093614849e-06,6.293841487478914e-06,1.5296561752558215e-05,1.0238798613231317e-05,1.0766253529631223e-05,9.047812713895947e-06,9.126704048235556e-06,2.009540853407344e-05,6.230565309159404e-06,1.4859325204152791e-05
2022-10-21,9.216496041109458e-06,1.9403373969542247e-05,1.718921146344841e-05,1.980274355130257e-05,8.59708757125663e-05,1.2165002432047117e-05,4.833319568644718e-06,8.234433596965284e-06,7.259684479593148e-06,1.0150882590330487e-05,8.820141579959113e-06,1.0969884011759715e-05,8.1581264071246e-06,9.074167526796924e-06,1.818291731448229e-05,9.157583152201726e-06,1.599905998965569e-05
2022-10-22,8.501335934474659e-06,2.2029071807111806e-05,1.9216420652402837e-05,1.777939939642804e-05,6.204175775248258e-05,1.0140577105462486e-05,4.518668072447e-06,9.753927368879125e-06,7.65907379280168e-06,9.509848890341748e-06,5.40126304678304e-06,1.13820039993785e-05,7.796518904609214e-06,8.709409852680332e-06,1.2534456247724077e-05,2.6974802836670268e-06,1.7841739119642048e-05
2022-10-23,8.247644837106777e-06,1.877166830578698e-05,1.855115134483708e-05,1.7036524449890624e-05,5.28585338711921e-05,1.1009644887956769e-05,4.124951976952974e-06,1.0155232766448375e-05,7.0735464922990295e-06,9.904376394699361e-06,7.519309771532345e-06,1.2080427751756426e-05,9.336126702442703e-06,7.360614302623347e-06,1.5735533295379764e-05,1.1939512762367323e-05,1.4980334278093083e-05
2022-10-24,8.81154643636687e-06,1.719617869643586e-05,1.74736661342061e-05,1.6055009642069096e-05,5.8614929222472966e-05,1.4311495675331034e-05,5.6608781284788546e-06,8.377706863450995e-06,8.096567031461227e-06,1.5364152638412286e-05,8.990953197888452e-06,1.2806113186454749e-05,1.06683425662989e-05,8.39251415712232e-06,1.6039274690815514e-05,1.4090918426956739e-05,1.574840922895546e-05
2022-10-25,8.79070670683001e-06,1.928921504069226e-05,1.7815833442472515e-05,1.6655831701148577e-05,3.907700123092554e-05,1.1783416319133819e-05,4.854655758595855e-06,8.877893892778023e-06,1.2516607649750657e-05,1.5318504000227513e-05,7.3581372366176e-06,1.084074154211982e-05,1.1265936925628628e-05,8.793279018035229e-06,1.3173219472109366e-05,4.432988151322617e-06,2.1382749454299655e-05
2022-10-26,9.187972414660445e-06,2.001186536850808e-05,1.8377434862300758e-05,1.8128412073735716e-05,6.01607796837047e-05,1.219915408778214e-05,6.092749430574931e-06,8.601317829782618e-06,2.3426857967808482e-05,1.8168368695147088e-05,8.70067958943705e-06,1.099858607065736e-05,1.186962404944094e-05,1.0663048260839252e-05,1.5296296598962744e-05,5.664557641712481e-06,1.2530880135082887e-05
2022-10-27,1.2294398152631881e-05,2.6169932587979144e-05,1.783371149989783e-05,2.3381697764794205e-05,4.961506975051889e-05,1.4633555490323125e-05,5.437438236706164e-06,1.3301375062432159e-05,1.968250768020056e-05,0.0001472844757655925,9.838746725305597e-06,1.1968834026655247e-05,1.7888777965642006e-05,2.0057826845893618e-05,1.9247355680653862e-05,8.7415643903633e-06,1.7743371872110995e-05
2022-10-28,9.590181143588701e-06,2.4225051340243298e-05,1.7518070504394424e-05,1.3892378761814562e-05,8.29024453150907e-05,1.2719955612066008e-05,5.675441087769728e-06,1.276476027524908e-05,1.4686940946500637e-05,3.265815282200385e-05,8.779015285655623e-06,1.2212912197838893e-05,1.2373440226789233e-05,1.7043815717020216e-05,1.2003443273441868e-05,1.3252899278793787e-05,1.8564882976775847e-05
2022-10-29,9.67301128450609e-06,5.944047905698663e-05,1.885461660249253e-05,2.0955089629976474e-05,0.00010500565863827107,1.2611808760623107e-05,4.617694794809365e-06,1.3175533526983921e-05,1.4286338219669185e-05,1.4725552855948044e-05,8.63007769430288e-06,1.3486714128560219e-05,8.983613888267799e-06,1.0205214099013539e-05,1.2767483544238187e-05,1.3296915901237761e-05,2.3582136971789287e-05
2022-10-30,9.97145128439639e-06,3.971656123319923e-05,1.8986505822528452e-05,1.8591023510208332e-05,8.942432198479071e-05,1.2525923825070892e-05,4.607744549591127e-06,1.6308511537863416e-05,1.4157201096808432e-05,1.4566790469922182e-05,8.962097399654441e-06,9.811235710566604e-06,1.4054764000592292e-05,8.47027426864113e-06,1.28470085646094e-05,9.285942012387447e-06,1.9117173532802996e-05
2022-10-31,1.0403471700174348e-05,3.4771837604687815e-05,1.632582273277256e-05,1.756451528798944e-05,9.479895038602133e-05,1.4103742769832589e-05,7.773713537988853e-06,1.3302018804077852e-05,1.3039406139753754e-05,1.2086828302063061e-05,8.843075318404588e-06,8.625929146419693e-06,1.2892321917249423e-05,8.982788976321368e-06,1.2719706871227355e-05,7.342305630814189e-06,2.0447587720774723e-05
2022-11-01,1.0304885867655043e-05,3.10205733787016e-05,1.8192594051055005e-05,1.4337020337063348e-05,7.542642870227033e-05,1.3978837205374163e-05,6.226013752319068e-06,1.5690544774778762e-05,1.3125606706247958e-05,1.2738791648493896e-05,1.541689114478317e-05,1.1060278848246076e-05,1.2385336871553594e-05,9.410618624589334e-06,1.6061434988832285e-05,1.3475078551433784e-05,1.550565033281771e-05
2022-11-02,1.0350556269027905e-05,2.8975491316516947e-05,1.765145684071982e-05,1.4497350164163416e-05,4.2053028869404316e-05,1.3188794254658031e-05,5.695711073267011e-06,1.5066892469995394e-05,1.1765872916574625e-05,1.4213019281420898e-05,9.498791014988036e-06,1.3305842881622766e-05,1.5070052195753699e-05,4.562803835937485e-06,1.5917186486605794e-05,6.404827816878856e-06,2.417860892746263e-05
2022-11-03,1.1106706712907421e-05,2.8642582569473755e-05,2.1024167758660574e-05,1.6515724130634216e-05,5.02391743550546e-05,1.7185290145174182e-05,5.419528710851349e-06,2.588804059543115e-05,1.0653173711948903e-05,1.3772838725836394e-05,1.187174787821604e-05,1.3652690966233248e-05,1.6100834580972624e-05,1.0036096074042302e-05,1.5851873671402298e-05,7.63134592571057e-06,2.2891458733773107e-05
2022-11-04,1.0567450646360088e-05,2.6190475847848302e-05,1.690457241597375e-05,1.3695528584753613e-05,6.599837204015635e-05,1.5249173572170621e-05,5.332387806874213e-06,1.4457589828357597e-05,1.0905553685671434e-05,1.271513182720546e-05,9.196968711668276e-06,1.1326893354245734e-05,1.694055891914462e-05,9.247370723535625e-06,1.5099198301202926e-05,7.235118821521584e-06,2.0204169215515926e-05
2022-11-05,1.0011805449355375e-05,2.8028196365543736e-05,1.8979972645399286e-05,1.7155202761987644e-05,7.456489688013693e-05,1.3227476392435554e-05,4.36315012135901e-06,1.3273237839487262e-05,1.0554588383894444e-05,1.1829898026279014e-05,8.725160558534921e-06,1.0298134424294809e-05,1.3237458494521665e-05,8.232802618671563e-06,1.7960015873233077e-05,6.952257337503076e-06,2.5009295121353435e-05
2022-11-06,9.259255286486951e-06,2.742784230235301e-05,1.7257142414966966e-05,2.1737273053057363e-05,9.738817098928122e-05,1.5833040521454233e-05,5.094285087990815e-06,1.3585007721637931e-05,1.0814070372174596e-05,1.13569326918057e-05,1.0302889028567109e-05,8.626290292960251e-06,1.3127071243002376e-05,8.85109051757384e-06,1.3896524909716627e-05,5.804521141517128e-06,1.7041513569692488e-05
2022-11-07,1.035922747036779e-05,2.310360559648995e-05,2.0287335234742697e-05,1.672666761291815e-05,5.162089613875697e-05,1.5549129468032384e-05,4.299720254550972e-06,1.2715563120950795e-05,9.963798303611801e-06,1.9765463930474222e-05,1.0277406823539122e-05,1.2634069449150178e-05,1.0655579601866107e-05,8.176615836539637e-06,1.1756975478868143e-05,1.1962181562988612e-05,1.845718143089422e-05
2022-11-08,9.35588551779845e-06,2.049832507106985e-05,2.0161652287728286e-05,1.9088396188119767e-05,6.743787933807128e-05,1.3366088156015608e-05,4.604507793944823e-06,1.030364420126779e-05,8.814316226295562e-06,1.2114377864771194e-05,7.059422727967523e-06,1.1534189493582248e-05,1.0630577132969492e-05,8.359807993787734e-06,1.5163232194574596e-05,7.441040555111227e-06,2.0523489133313076e-05
2022-11-09,8.966045989921657e-06,2.9346353378040825e-05,1.6362652628874266e-05,1.7173415155115763e-05,4.354820530160975e-05,1.132340156032724e-05,4.403056290873151e-06,9.790673029909762e-06,8.782871758979765e-06,1.2526066066399525e-05,9.399931114171486e-06,8.978848737296579e-06,1.1156896093115664e-05,6.811149062355711e-06,1.0898616580898829e-05,1.4007675723273053e-05,2.006092080617163e-05
2022-11-10,9.182824304900028e-06,2.8852871848959832e-05,1.5538377591380552e-05,1.622147852574432e-05,4.4168119451379995e-05,1.560816049718418e-05,5.469761572122108e-06,1.0533618925175473e-05,8.869658276940908e-06,1.1524459636609093e-05,9.149567164745892e-06,9.950009147319334e-06,1.0087294570053192e-05,8.81094599369525e-06,1.0236678402591927e-05,4.0459877077835956e-06,1.9810541013336756e-05
2022-11-11,8.884955420219727e-06,2.2862030809576165e-05,1.574548028363854e-05,1.4203228143111727e-05,7.040968837312014e-05,1.5099933099552813e-05,4.072460829222039e-06,1.2428554139981372e-05,9.473688771990278e-06,1.1755785734631876e-05,9.048625820892994e-06,9.690074657013124e-06,1.4061426929972203e-05,8.17119617299624e-06,1.101628062585885e-05,6.495210064977517e-06,1.5311425385622753e-05
2022-11-12,8.35661315674438e-06,2.7067808112664547e-05,1.7312286398299058e-05,1.4521154311348424e-05,5.677020132132644e-05,1.3877320686313361e-05,4.351409648480074e-06,1.0258479247904512e-05,9.550573129203911e-06,1.2033689596303251e-05,7.098553717003852e-06,9.212180467843656e-06,1.6244588600126984e-05,1.3180169653277559e-05,1.1893679158273514e-05,5.809679782681283e-06,1.8506900731327122e-05
2022-11-13,8.448649293098336e-06,2.7382273734859354e-05,1.71755996632509e-05,1.4815417329971299e-05,5.452888343023029e-05,1.4285127152997461e-05,4.192803460807968e-06,1.3500459842193401e-05,1.0102027406278364e-05,1.0417036562589728e-05,9.292365173268953e-06,6.585190095623232e-06,1.2204832016163228e-05,1.5509472873526845e-05,1.2100287180149076e-05,5.87709976880609e-06,2.148121332224149e-05
2022-11-14,9.586012561223001e-06,3.4487427416738406e-05,1.797214146909039e-05,1.8002549348027156e-05,6.55133202618661e-05,1.4813737650103045e-05,4.784673980859005e-06,1.012947097694173e-05,6.8627052179816605e-06,9.881184316757174e-06,1.1140372640823014e-05,8.679865222806276e-06,1.1297942765280084e-05,1.0410775703307731e-05,1.1567194152140734e-05,6.825837060931078e-06,1.4385227462688937e-05
2022-11-15,9.009026453750826e-06,2.545071546074407e-05,1.8081033272515804e-05,1.1760001881600301e-05,7.014918393116027e-05,1.400320565692577e-05,4.543392927503899e-06,1.2557812802086645e-05,8.234938602583523e-06,1.0412044350008254e-05,1.1981507218064622e-05,1.2482785188693364e-05,1.1442286576161329e-05,8.247445673146062e-06,1.8979453232146965e-05,4.740957630772797e-06,2.8075400915460415e-05
2022-11-16,9.413223696649052e-06,2.6162860255354776e-05,1.7903808868828123e-05,9.98511647067785e-06,3.697882962004253e-05,1.525342017613887e-05,5.318268261030415e-06,1.0001938529563007e-05,8.701452599912948e-06,1.2217729717754153e-05,9.800850666414374e-06,1.0914200046880297e-05,1.2485062143356397e-05,1.11507847068174e-05,1.129363681594185e-05,7.159824607393327e-06,1.8055946349764746e-05
2022-11-17,9.911344889246994e-06,2.3877444673857847e-05,1.9290792270231676e-05,1.715964908517621e-05,5.068809083305877e-05,1.7478968402709034e-05,4.768089411212639e-06,1.0041931738443651e-05,9.773067774569644e-06,1.1166036759372038e-05,9.823466712584053e-06,1.0959216372192524e-05,1.3492505079319894e-05,1.1495478764338215e-05,1.5956418128788718e-05,8.012060153546126e-06,1.4689666113682346e-05
2022-11-18,9.638472385325743e-06,2.4652340725335296e-05,1.9892389938260303e-05,1.8365730170069774e-05,0.0004284928563205894,1.9205971818646396e-05,8.479655892238538e-06,1.4116245023329956e-05,1.2425731455300624e-05,2.163773194522391e-05,4.216701923425334e-05,2.2713050462193015e-05,1.0749809870121034e-05,2.3939808082149276e-05,1.3245102728386042e-05,3.0452947524763053e-05,2.0111631671216016e-05
2022-11-19,8.932840895284946e-06,2.1552413572110582e-05,1.9504076135938826e-05,2.534190163575126e-05,6.289727025847079e-05,1.3479848613107901e-05,4.6524472690824374e-06,9.928978493136457e-06,8.827365827142798e-06,1.109683304581397e-05,7.791364570933882e-06,1.0585699174088628e-05,1.1107271406426417e-05,9.344422971498818e-06,1.558848579879201e-05,7.4361903367278585e-06,2.053687446518556e-05
2022-11-20,8.652966926642539e-06,3.094403949385656e-05,1.8391169353820854e-05,1.5894809882179e-05,4.905567819475104e-05,1.5051719490610203e-05,4.056338869934341e-06,9.95462888162924e-06,9.286096470782084e-06,1.1747279136135922e-05,7.720994155207425e-06,1.0860838507416686e-05,1.3782729644817074e-05,8.890883288276202e-06,1.2038886980820848e-05,5.295692559324996e-06,1.7319533706194027e-05
2022-11-21,8.488774563153205e-06,3.2369577372705406e-05,1.5043212796709854e-05,1.3436295165546354e-05,3.148080881462647e-05,1.3457273013867053e-05,5.111907980236502e-06,9.68753056998009e-06,8.323310031390414e-06,1.3273139645043064e-05,7.199165923168648e-06,1.1246290886755618e-05,1.0383604979976948e-05,7.419519849894869e-06,1.1732973174512332e-05,4.963887716859844e-06,1.6294090021945685e-05
2022-11-22,8.616968396039963e-06,1.8081680387458798e-05,1.528447947104528e-05,1.400857275499719e-05,5.941018600554323e-05,1.3269075227456549e-05,5.160172211732808e-06,9.655198847653477e-06,7.951812151446953e-06,1.1334741128604462e-05,8.413400864897609e-06,1.070829716658457e-05,9.300469901496636e-06,6.372323141133273e-06,1.186075027340912e-05,8.98337952287638e-06,1.9300304396776135e-05
2022-11-23,8.536698251722983e-06,1.7266043511708617e-05,1.7186592179648797e-05,1.3184343129300278e-05,5.2119268741840854e-05,1.2684807520654266e-05,4.164276887701644e-06,9.327794855481963e-06,8.022302942030235e-06,1.1974219505404863e-05,7.66519328752326e-06,1.0957557562881605e-05,1.0208510309752964e-05,1.746719343487595e-05,9.915753951563165e-06,7.484535079392206e-06,4.11509300228435e-05
2022-11-24,7.518472617987941e-06,2.1369881961838053e-05,1.517045342998003e-05,1.2689823903313694e-05,4.0494642052673406e-05,1.36765260691294e-05,5.957491355823405e-06,9.05013307504599e-06,9.215543125249103e-06,1.022041411007953e-05,7.621095132132772e-06,1.1931540796092288e-05,9.780200746444481e-06,6.7678039773256005e-06,1.2413613188375435e-05,5.781409787882299e-06,1.8977298771292894e-05
2022-11-25,8.476745427940203e-06,2.2478933447732146e-05,1.656489271825242e-05,1.7264153170385564e-05,5.262864608164251e-05,1.4377138050158161e-05,5.286093150358808e-06,9.667581240276464e-06,8.804722437988139e-06,1.2068668912322726e-05,8.557623130684814e-06,1.0648091662322393e-05,1.1802215107172544e-05,6.814970360203129e-06,1.296934381814135e-05,6.050964379025042e-06,1.5549647752633334e-05
2022-11-26,8.46941201013189e-06,2.456209384158839e-05,1.7416799340124623e-05,2.0190490062853716e-05,6.421869507611605e-05,1.4003022163361124e-05,5.071922979457903e-06,9.098102969134651e-06,7.0373256784650055e-06,1.2855281573621915e-05,5.468998979285918e-06,1.0765370762733247e-05,9.744920544174284e-06,7.979406912446217e-06,1.1710818893649662e-05,6.915057297898807e-06,2.7551366230802426e-05
2022-11-27,8.944882888936421e-06,2.548869799270131e-05,1.8946284673952767e-05,1.7296369837898423e-05,7.715803028851782e-05,1.1365205709380223e-05,4.494668245348026e-06,9.645528659024407e-06,8.296232350200793e-06,1.0898683656987908e-05,6.738255063987604e-06,1.008064879055616e-05,1.168548630465874e-05,9.44883160419715e-06,1.2171107514999622e-05,2.4242447750252364e-06,2.2069031518083304e-05
2022-11-28,8.717707909545155e-06,1.9095665981548445e-05,1.6872131560571756e-05,2.1831151635777006e-05,7.542767491677813e-05,1.533757067826581e-05,4.804040805143332e-06,1.022649784577183e-05,9.077464377068342e-06,1.2357245300064334e-05,7.2219275161025136e-06,1.4100936067139258e-05,1.0166810973469218e-05,7.021268069098352e-06,9.278925067460686e-06,5.221647446478636e-06,1.7057174715004985e-05
2022-11-29,8.518692847678327e-06,2.0871966141695307e-05,1.7607404617938027e-05,1.125779190218791e-05,6.828493533163717e-05,1.415337339942025e-05,4.863136682010279e-06,1.006472499978563e-05,1.0344890818273022e-05,1.4140394189197832e-05,7.56971436583997e-06,1.0593787755247794e-05,1.2580724583193316e-05,1.0315770211284915e-05,1.6313034228160167e-05,2.49374330196135e-06,1.65310125388928e-05
2022-11-30,9.637092558280367e-06,1.525694992211327e-05,1.722984945669565e-05,1.0829675309673178e-05,6.267022146089508e-05,1.53097511769053e-05,5.998018294086901e-06,1.0266469746583074e-05,9.281396386794896e-06,1.2207961023695918e-05,6.101109252306492e-06,9.800050960264994e-06,1.301210420924076e-05,8.688798686693578e-06,9.527386376866439e-06,5.462181431398257e-06,1.510658937045889e-05
2022-12-01,9.117098611301758e-06,2.070577332000825e-05,1.6876383974514753e-05,1.533405803020921e-05,5.915902753314922e-05,1.413366832011741e-05,4.0755338562007495e-06,1.0562511436608158e-05,7.266864656182384e-06,1.210877774345411e-05,8.492083396788067e-06,9.543043177960619e-06,1.1631130792777875e-05,9.041329941565646e-06,1.7374437478184345e-05,5.174702260568683e-06,1.3735743125324158e-05
2022-12-02,8.915870761882689e-06,1.860802589065045e-05,1.7162243284013407e-05,1.4928873868598706e-05,6.36485468683147e-05,1.2047862402145834e-05,4.717908287189192e-06,9.619838029985435e-06,6.431554527588414e-06,1.169603647315117e-05,8.677780110138983e-06,8.797813919197357e-06,9.62841350028482e-06,7.189584688314861e-06,1.7770520385008198e-05,4.352199574463687e-06,1.4154188654103477e-05
2022-12-03,8.264290603141258e-06,2.1210153691285374e-05,1.7265134105059903e-05,1.3293119747081306e-05,1.8486133551223227e-05,1.0908442438836837e-05,5.332244491136884e-06,8.599857978265806e-06,6.690888341664313e-06,1.1223781051699607e-05,6.912798765845123e-06,9.709704121041171e-06,1.2842166899806643e-05,5.804609968467776e-06,1.3267702431969856e-05,6.368451202220297e-06,1.5386140848152465e-05
2022-12-04,7.243972640775511e-06,1.7478802352462808e-05,1.7268701917359442e-05,1.4265606573591509e-05,7.91946223683627e-05,1.2139115217847878e-05,5.212953979638885e-06,1.152064043701015e-05,7.972016246442035e-06,9.233539818842509e-06,9.199923162241749e-06,1.0707507809096213e-05,1.0112657354712275e-05,5.5377855634940735e-06,1.2340762537676054e-05,7.328501611506969e-06,1.4833876557499986e-05
2022-12-05,8.098732243288896e-06,1.998799920527715e-05,1.6337464564220158e-05,1.4733948490717461e-05,5.569560884094507e-05,1.1165606289115892e-05,5.970250596266677e-06,9.945307963807066e-06,7.604332717936866e-06,9.690197240387909e-06,7.846620771337626e-06,1.1376774776865192e-05,9.145646921492104e-06,1.1552050179956763e-05,1.3673399904559668e-05,5.202936641499195e-06,1.6795764258663795e-05
2022-12-06,8.443089354120742e-06,2.1164752596098024e-05,1.813609165184181e-05,1.290397700571316e-05,4.6249819761731814e-05,1.3587005716210078e-05,4.744569510710998e-06,1.0068489461204204e-05,6.504752994731716e-06,1.1153944797514578e-05,7.472503854566572e-06,1.1298664985425318e-05,1.1943066446802776e-05,1.4797072029372188e-05,2.0281974133418472e-05,3.88166912807619e-06,2.32126628103369e-05
2022-12-07,9.077775362047172e-06,1.6012634365521862e-05,1.8994733263168654e-05,2.0099766842704623e-05,3.281799141958697e-05,1.2916919861862331e-05,4.526552660911349e-06,9.95312119104534e-06,6.576708510337286e-06,1.585803203965365e-05,9.588713909388397e-06,1.1296258469573586e-05,1.0765487893880647e-05,1.0843278990668161e-05,1.0429649407335173e-05,5.150790754818565e-06,1.2079067474983858e-05
2022-12-08,8.58092340861626e-06,1.5952371679337785e-05,1.6652275283304238e-05,1.448816482943657e-05,6.485044252706734e-05,1.267166746550158e-05,5.215190807784916e-06,1.062883136155486e-05,8.261568376852866e-06,1.3971852884193227e-05,9.284325442894618e-06,9.086190594401763e-06,1.4197576200712226e-05,6.421035557095925e-06,1.5277482736444507e-05,4.54432233787207e-06,1.9126040875005745e-05
2022-12-09,8.017681279222345e-06,1.7598896058756078e-05,1.652145365829041e-05,1.5893815783911738e-05,5.446306677898161e-05,1.1087603631475299e-05,5.905528831134339e-06,8.424543052784816e-06,7.685187142929336e-06,1.1530040101857508e-05,9.521053572120272e-06,9.08033109481552e-06,7.988421049968771e-06,7.67011834992614e-06,1.485977677784846e-05,5.7944192210156634e-06,1.1475461256165191e-05
2022-12-10,7.83467882646868e-06,1.7783695723337335e-05,2.1322053803107636e-05,1.475135236904778e-05,5.092909215255446e-05,1.187121234131235e-05,4.482432748401315e-06,8.509349422199489e-06,6.798852254070475e-06,1.2169689058389987e-05,8.33222237035062e-06,1.1400819853074728e-05,1.4192623325433207e-05,7.838695766443596e-06,8.587884407856587e-06,3.870660229574388e-06,1.5917145949616928e-05
2022-12-11,8.141407607355143e-06,2.4200742827673757e-05,1.9164420084337136e-05,1.7340978497817244e-05,8.187970611483943e-05,1.4446045833127084e-05,5.495387786230533e-06,9.877452228894401e-06,7.0626314153916935e-06,1.084824090688582e-05,1.0174028672860687e-05,1.2296210422865527e-05,9.90003072722037e-06,7.17795993047428e-06,9.955621159411729e-06,6.861677530989424e-06,2.6915947347725954e-05
2022-12-12,9.004639479694779e-06,2.492140564898813e-05,1.9290673922092807e-05,1.4749701659969664e-05,5.007981470468559e-05,1.4337452741408969e-05,5.391012892703601e-06,1.018818218765894e-05,8.890919612329562e-06,1.1193952986854656e-05,1.1181982023453922e-05,1.1626940318333999e-05,1.5636127058918302e-05,8.780446197188752e-06,1.0748414232706178e-05,7.83417732604419e-06,1.6034303063844974e-05
2022-12-13,8.538056859339445e-06,2.2972389867491426e-05,1.846520445645062e-05,1.7253620907624113e-05,4.5583526113662524e-05,1.2184654942566296e-05,5.280600001329929e-06,1.0293498485146334e-05,7.631868523368082e-06,9.866265063940911e-06,1.034590094182728e-05,1.1574124152492872e-05,1.3711370221695563e-05,6.169211505959102e-06,1.2957999479250395e-05,5.2750596567601975e-06,2.1232181150898148e-05
2022-12-14,8.11677315158517e-06,2.0121310320908424e-05,1.8330558979894207e-05,1.1987492354716153e-05,6.615678006322287e-05,1.3809290449645583e-05,1.2287819250828265e-05,1.0344688864325574e-05,7.499862822276518e-06,1.17452020174747e-05,1.062705888723223e-05,1.0592263694513873e-05,1.074412099174709e-05,7.562080411260084e-06,8.288422549441957e-06,8.620340382760354e-06,1.1895467800908142e-05
2022-12-15,8.228550385288953e-06,2.4588720520774377e-05,1.5295517340746517e-05,9.854457650601415e-06,7.250054375407815e-05,1.3226514736727254e-05,5.98942059389841e-06,1.1700294415017073e-05,6.997038528313881e-06,1.079509419784993e-05,1.156976436048085e-05,1.1254456624142453e-05,8.881435375292806e-06,9.68245268994452e-06,8.633930638986137e-06,1.2763090884413713e-05,1.4439044483971708e-05
2022-12-16,8.46645758561061e-06,2.2865858466328527e-05,1.9054844859772715e-05,1.5140778962796078e-05,0.00012611042080080118,1.3188682424331918e-05,5.8360075693704765e-06,1.1193767090278878e-05,6.050059465716064e-06,9.962578858051057e-06,1.0278441230834627e-05,1.1101556092549693e-05,1.2195120092207303e-05,9.805950429010332e-06,5.583460721203484e-06,8.722042917147636e-06,1.742741888489571e-05
2022-12-17,8.404528220177086e-06,1.938595611605298e-05,1.6850113591298205e-05,1.739223865552584e-05,3.298193826605705e-05,1.3988984412086625e-05,5.6950970031228004e-06,1.2720055181396262e-05,6.506105927083831e-06,9.841771346957996e-06,9.9885768568463e-06,1.1609961581581675e-05,1.219272382011168e-05,8.377871577085043e-06,8.289713146167197e-06,8.269198235766557e-06,1.1256456101130095e-05
2022-12-18,7.0158523419360975e-06,1.5863659831829454e-05,1.7370329687400225e-05,1.6927591111162214e-05,4.6109155741358376e-05,1.1369654352048965e-05,3.897257182901784e-06,7.776612119324967e-06,6.102509371226494e-06,9.199191638937347e-06,9.688628509292597e-06,1.0286038311553377e-05,7.809788065664698e-06,5.304283208691018e-06,8.951048209185334e-06,6.2442073826155915e-06,1.077196045503399e-05
2022-12-19,7.944370165628827e-06,1.6751069534674994e-05,1.7416832750837038e-05,1.826784867766655e-05,3.849684621990583e-05,1.3194258255737434e-05,5.128435250299693e-06,8.243549062203554e-06,7.249603477539155e-06,1.0090460654266771e-05,9.362025180907597e-06,1.0297248809146578e-05,1.001440276541313e-05,9.20902262312907e-06,1.0601660219990451e-05,3.7414309539183538e-06,1.2840152936098509e-05
2022-12-20,8.482129713045903e-06,2.1848302682743983e-05,1.7419172737850916e-05,1.4930563547900048e-05,2.5732160375689542e-05,1.4581587392931089e-05,5.3661474260919506e-06,1.1452834508000601e-05,5.483860110826402e-06,1.0960829833954599e-05,1.2334501821805919e-05,1.4775846741498393e-05,1.2836518653324968e-05,9.608849602655591e-06,1.0465678748455528e-05,4.165236869010669e-06,1.6795414283440447e-05
2022-12-21,8.132238140496512e-06,2.46959391644034e-05,1.7093599912475427e-05,1.0116037076195524e-05,3.558868538631518e-05,1.2718514167455753e-05,5.946253861775775e-06,1.2285508028533484e-05,8.009467984173926e-06,1.1019456861395112e-05,1.3885757302532467e-05,1.2126515655825233e-05,1.0539124523708419e-05,9.001906948082164e-06,1.4125069286882207e-05,2.643200334100522e-06,1.9141330988289113e-05
2022-12-22,8.159389291715897e-06,2.142771869282753e-05,1.6767882037504095e-05,1.4909672761233328e-05,5.63888575617458e-05,1.16588733993025e-05,5.249156162679578e-06,1.220301529097102e-05,8.968670108709663e-06,1.0953516293037992e-05,1.2397919400510478e-05,1.4992694809454093e-05,9.213423897195387e-06,1.0188457768842548e-05,1.2224364548767545e-05,7.1586036359570525e-06,1.3110029798501821e-05
2022-12-23,8.364917895921864e-06,2.096861123288504e-05,1.762986193547861e-05,1.6405088715866718e-05,8.976830328457497e-05,1.1988854249261536e-05,6.067287835361444e-06,1.153767250269186e-05,7.89159977717747e-06,5.795700340283419e-05,1.1038274200268204e-05,1.254095198366508e-05,1.1810581887685302e-05,7.4223620925123215e-06,1.429812301390135e-05,1.0518637756613956e-05,1.2409593943656403e-05
2022-12-24,4.538474019642693e-05,1.6326221527026235e-05,1.766132032934774e-05,1.4026576236504577e-05,7.924139570511635e-05,1.2034293783156897e-05,5.683920725276653e-06,1.1650729116498026e-05,6.633292228362462e-06,1.9871164444760157e-05,1.1400514964823623e-05,1.2613059418933011e-05,8.03476508941438e-06,1.0774865593781021e-05,1.67366856759773e-05,5.3034642228303525e-06,1.820453309176552e-05
2022-12-25,1.320183251191816e-05,1.9799609349721033e-05,1.8133450964241326e-05,2.4923605638351463e-05,9.22567253056004e-05,1.2328829779831963e-05,4.817134013443038e-06,1.3785664557036075e-05,1.028400190164099e-05,1.4219517723900526e-05,1.243200512198611e-05,1.0744654797015369e-05,1.3923713047268864e-05,8.397889854089373e-06,1.8026507159391194e-05,6.325338973055172e-06,1.811989841412742e-05
2022-12-26,9.009508253951964e-06,1.8068526762783655e-05,1.774101805413506e-05,2.3269084035081445e-05,0.00010393131495707185,1.4726410877508294e-05,5.183054693752735e-06,1.1470612402606355e-05,8.983173748712366e-06,1.540668295988843e-05,1.2257403163018772e-05,1.1981276950672852e-05,1.2996749444559972e-05,7.373003150776384e-06,1.4224827360732527e-05,5.5221865926141445e-06,1.9235925577611447e-05
2022-12-27,8.693071410632637e-06,2.2426101296148083e-05,1.9681102809547588e-05,3.461457040221038e-05,0.0001343701507546401,1.566405830688238e-05,5.365171002222945e-06,9.52326145039544e-06,8.932140891257381e-06,1.2221039805123551e-05,1.2557844056200045e-05,1.238143632983375e-05,1.3472423735771127e-05,9.955132649978401e-06,2.0284865556156765e-05,1.0490559545465036e-05,1.8847883444688777e-05
2022-12-28,8.187424510070247e-06,2.5561566899180205e-05,1.84555436837446e-05,3.6505832583475054e-05,5.5963959210268586e-05,1.4809589074292976e-05,6.261308183467183e-06,1.1168125045228636e-05,9.468335987107737e-06,1.3184860088857167e-05,9.737336155351696e-06,1.3114029620995259e-05,1.2528840426905782e-05,9.306633635503477e-06,1.7188737280040085e-05,5.63940764988965e-06,1.4163030888610163e-05
2022-12-29,8.542021789160429e-06,2.2472343411809437e-05,1.948527752503396e-05,3.298450479820163e-05,7.397331207285549e-05,1.6168559708644705e-05,4.5653117934200505e-06,9.476581155273023e-06,8.324792616408437e-06,1.1208714720570417e-05,7.876133621757346e-06,1.1894239879137223e-05,1.222582759979266e-05,1.0232758603573614e-05,1.564080882532638e-05,1.0001810672621767e-05,1.743223647737222e-05
2022-12-30,8.098214295248275e-06,2.364808366267184e-05,1.710114154514967e-05,2.1872325766419963e-05,9.342643480662759e-05,1.5036023117580517e-05,4.733245855222181e-06,1.0761406627171068e-05,7.66358345609291e-06,1.1408661255032975e-05,8.036701141281111e-06,1.2853660683612207e-05,1.0522774153114837e-05,1.035978079854917e-05,1.365532415936021e-05,4.9476625651722015e-06,1.4725023571193034e-05
2022-12-31,7.222207558111391e-06,1.5921103502297813e-05,1.8741848537068398e-05,2.4216727603689216e-05,9.302253470903327e-05,1.198091717500639e-05,2.8358532515263193e-06,8.58777896506442e-06,1.6571409272793815e-05,9.735641500686938e-06,6.624251940944332e-06,1.2887220006032966e-05,1.054650973658235e-05,7.236930915075945e-06,1.0408372494834846e-05,1.2605020500884124e-05,1.2859323365367593e-05
2023-01-01,7.303989584163044e-06,2.0044294155121173e-05,2.176612899202594e-05,2.599686818978526e-05,0.0001098952191352937,1.2313249187253592e-05,4.05082580413144e-06,9.09271949718863e-06,8.213542422744942e-06,1.1954354824906921e-05,6.2736149627175845e-06,1.4344020127871587e-05,7.0495196713642105e-06,7.654214346634138e-06,1.0970385444492592e-05,5.3572398887837e-06,2.0566443615563286e-05
2023-01-02,7.735493489864657e-06,2.345325471601683e-05,1.892893348068209e-05,2.5162803337594235e-05,0.00011571395510298542,1.3280103138593015e-05,3.807482644774581e-06,1.0961776780747877e-05,7.939176536896055e-06,4.869786012426854e-05,8.867825204970703e-06,1.2044834855364052e-05,1.1717424065904652e-05,8.519897795306048e-06,1.0960112283126778e-05,8.736738219432589e-06,1.4177640160150624e-05
2023-01-03,7.611035553113835e-06,2.01519686572249e-05,1.8919194929814243e-05,2.0537644533673405e-05,7.544180607683748e-05,1.643401309923541e-05,4.695244693392935e-06,1.131662085369686e-05,8.961554788829076e-06,1.7946641520987493e-05,9.435071358343261e-06,1.1855585232683035e-05,7.908329608798412e-06,8.388150815651409e-06,1.2645963155641456e-05,1.2334874575911594e-05,1.992595417030541e-05
2023-01-04,7.71417503159255e-06,2.4298009005955795e-05,1.9647821463613623e-05,2.563048114533822e-05,9.507619406192122e-05,1.3293508002624509e-05,3.6339258156317186e-06,9.687358460698784e-06,7.821074241236355e-06,1.3676925327717782e-05,7.626461170258127e-06,1.729285199404992e-05,1.1317326776996352e-05,8.730417264836662e-06,1.2328083167988626e-05,3.880829864717257e-06,1.5633996418349134e-05
2023-01-05,8.220839994453251e-06,1.776202465872722e-05,1.701697900049372e-05,1.5361721269051488e-05,7.839038411288215e-05,1.135258020031923e-05,6.986510809988999e-06,8.593291131680586e-06,7.3004412631091875e-06,1.2239075243992797e-05,8.56143411631612e-06,1.5471035280279594e-05,1.5359454473479835e-05,8.592478917278917e-06,1.3522083280906612e-05,9.776839201214461e-06,1.6193246718563116e-05
2023-01-06,9.171130069223061e-06,1.874105800128902e-05,2.1216976208728777e-05,2.1634966196348724e-05,5.799602002312591e-05,1.3264182303432968e-05,5.718649679396614e-06,1.0706748750080457e-05,1.0117061244733233e-05,3.0365593757899383e-05,1.0614122514570536e-05,1.263520937552752e-05,1.4223703157219287e-05,9.20928659042551e-06,1.4309756755963591e-05,7.237258413234239e-06,1.549757850335885e-05
2023-01-07,9.147421567855142e-06,2.145146198417004e-05,1.614054560765616e-05,1.8731691572611963e-05,4.3138622368094675e-05,1.3293045909195678e-05,4.551672195441208e-06,9.157928080976474e-06,8.042678181253833e-06,1.472212165251512e-05,8.538087170039836e-06,1.0760167883937031e-05,1.0964812832675468e-05,8.288971983274697e-06,1.3680538153283698e-05,4.727709272895199e-06,1.4745166063202616e-05
2023-01-08,8.39751280938791e-06,2.319322098999505e-05,1.658966622765773e-05,2.4122077007318637e-05,4.577691600916846e-05,1.3800350756861446e-05,4.928219040203252e-06,9.703058735342292e-06,6.940302322238504e-06,1.3372892008913973e-05,8.362831562377644e-06,1.3845839984925341e-05,8.349985209474728e-06,7.553729810377939e-06,1.0201315106460531e-05,4.964660482827417e-06,1.946193189545865e-05
2023-01-09,9.23418342369084e-06,1.8765286671654897e-05,1.7100679515977614e-05,1.7300598247625935e-05,3.821294436195301e-05,1.7521976990974847e-05,3.841722870481926e-06,1.3327394019386811e-05,7.713475192712655e-06,3.235364490144177e-05,6.710243249475555e-06,1.0949012724270471e-05,9.294649426832074e-06,7.041773233254957e-06,1.3837960509487759e-05,4.711605404710275e-06,1.759024276462713e-05
2023-01-10,8.427380326228387e-06,3.337045582630832e-05,1.731878341403414e-05,1.7164309026219707e-05,1.7907347384631914e-05,1.4954606375756118e-05,5.109691514045123e-06,1.1542997120158247e-05,7.536724266054202e-06,1.6648053548226407e-05,9.948061413993186e-06,1.1657714971288478e-05,8.61746373418728e-06,8.883634190233882e-06,1.482709966449326e-05,5.424563819864184e-06,1.2682035059844849e-05
2023-01-11,8.33723459879542e-06,2.7867154855107337e-05,1.559250747206082e-05,1.599882357586642e-05,5.1464281338071316e-05,1.5009700149925561e-05,5.556655644895658e-06,1.0082676821276615e-05,6.314148404600814e-06,1.7642231549499614e-05,8.951720927658702e-06,1.453438380314897e-05,9.982163041391364e-06,5.782883298798964e-06,1.3359866315144162e-05,6.003671636749675e-06,1.7108587013679503e-05
2023-01-12,8.496926783198065e-06,2.285692967592683e-05,1.6847825847796114e-05,1.3677975112564336e-05,4.5976010201834686e-05,1.6549863318115056e-05,5.842433672808691e-06,8.992359961425824e-06,8.316187720365925e-06,1.6183393999021188e-05,8.732531538649815e-06,2.1483050522350932e-05,1.3495918532870489e-05,6.970960968309158e-06,9.907970035713925e-06,7.4450818852649065e-06,1.4807931868705472e-05
2023-01-13,7.801814110421552e-06,2.0741028052174387e-05,1.651923616186897e-05,1.5288558490295867e-05,3.271207648083481e-05,1.392653557378773e-05,5.259333535387177e-06,8.068223663976474e-06,7.635930152834993e-06,1.2013019763049714e-05,8.187278823377755e-06,1.4360132841945306e-05,1.1105928344550321e-05,1.123715603098833e-05,1.109080563159422e-05,4.331857228916707e-06,1.5742297687299046e-05
2023-01-14,8.860326607961452e-06,2.0429486919217955e-05,1.7200471555705607e-05,1.2106908542521165e-05,4.976543889799412e-05,1.359237953619721e-05,4.930210847242318e-06,9.76020001903239e-06,7.498649081870051e-06,1.4938621418050553e-05,8.082250311791553e-06,1.028403085945378e-05,1.2468160942239033e-05,7.779955432723099e-06,1.0372804960995078e-05,4.436801877147492e-06,1.1424782317910105e-05
2023-01-15,1.1651310665313464e-05,2.129137166077153e-05,1.72912251532028e-05,1.5669998017404598e-05,4.662061858199708e-05,1.6024185837824558e-05,3.990323302006745e-06,8.682582330223744e-06,1.0237575777376934e-05,1.3211672751641245e-05,8.023627335888538e-06,1.311140167489649e-05,9.194283789520977e-06,6.931050539330246e-06,1.2063532495003522e-05,6.3963305995804e-06,1.1199559455819745e-05
2023-01-16,8.02061450022283e-06,2.1370810777498674e-05,1.5975839569496897e-05,1.1582676177330772e-05,4.647282849899735e-05,1.3306634544387056e-05,5.432034445375401e-06,8.46439930318515e-06,6.113359627635836e-06,1.0021293937930414e-05,8.975027882419954e-06,1.196189469637112e-05,1.4211408919080238e-05,7.225849404826718e-06,1.0462046683787415e-05,7.0817427865494435e-06,2.0739458783966105e-05
2023-01-17,7.916446664631714e-06,2.2175879448860575e-05,1.6288023701288688e-05,1.5620829944665702e-05,3.0787958592564e-05,1.408799261670966e-05,5.736339624227356e-06,9.729620337241613e-06,6.921253223215155e-06,1.0769015971695346e-05,1.1366845709059463e-05,1.2539672388519178e-05,1.1887495227613286e-05,7.715144715246024e-06,1.0294222006505949e-05,3.863506189819854e-06,1.8742145561366716e-05
2023-01-18,8.393217436220917e-06,2.303581689816397e-05,1.6472671988296846e-05,1.0615069806332135e-05,5.960200167362421e-05,1.4977998451336655e-05,5.2188067995481604e-06,9.920681465577617e-06,6.7829515067689875e-06,1.232603949457075e-05,1.0334345071759335e-05,1.474839242522565e-05,1.4963556132230156e-05,8.53894779771615e-06,1.0571258102340772e-05,4.862905842648745e-06,1.815325675643079e-05
2023-01-19,9.204588884876638e-06,2.438233544476699e-05,1.8556431360774736e-05,1.711217829473603e-05,5.382269267242484e-05,1.4065211358141008e-05,5.0831788481020965e-06,9.262088017229058e-06,9.312738050072092e-06,1.4315953804529262e-05,1.0805354761221221e-05,1.110607608540841e-05,1.1620485664790108e-05,7.857943057677564e-06,1.1789268141882532e-05,4.973643420106003e-06,1.3994744249668167e-05
2023-01-20,8.714660916427316e-06,2.4412802073407294e-05,1.716870030232775e-05,1.554837463246289e-05,4.496915116230266e-05,1.3545302103737492e-05,5.301565253807992e-06,1.5590884374319776e-05,9.31218703222742e-06,1.1491052941951798e-05,8.64070713317318e-06,1.0006040881063834e-05,1.1197603192098137e-05,8.634576348320842e-06,1.4064542655062168e-05,3.9754092541848285e-06,2.4331498054553604e-05
2023-01-21,8.035539190911434e-06,2.421059445419381e-05,1.9162970626563936e-05,1.688434626564142e-05,8.86617979299112e-05,1.5439578665127015e-05,4.5251276775622135e-06,1.3149748833961584e-05,1.0549662730284449e-05,1.1590356586781908e-05,9.308370942001441e-06,1.5303084545368545e-05,1.0888627532319638e-05,1.0037771896652535e-05,1.4573922794215354e-05,3.827391042948111e-06,1.949198653531603e-05
2023-01-22,8.028804201503906e-06,2.1932250632729305e-05,1.8272982291271337e-05,1.4013509646121511e-05,5.560395158749282e-05,1.2486585420205434e-05,4.068530324790776e-06,9.398087846319971e-06,9.996163796154427e-06,9.3134441152159e-06,8.368378487488702e-06,1.116379024633601e-05,1.4406567870948584e-05,1.0447666726234565e-05,9.735894973138865e-06,7.704884929148767e-06,1.6416062148685747e-05
2023-01-23,8.514848331657319e-06,2.2864855620812062e-05,1.9455357799238838e-05,1.8822317925950574e-05,1.8964536317087048e-05,1.5220353161377018e-05,4.908591006659746e-06,9.812164316930688e-06,8.539333198676538e-06,1.219432905576404e-05,6.343526336632489e-06,1.1553062554418233e-05,1.3196222095903668e-05,1.0970200820745548e-05,9.688036790951542e-06,8.0921590884992e-06,2.778614578140315e-05
2023-01-24,8.807050663165366e-06,2.1198899470774988e-05,2.106787521629936e-05,2.4847063331572084e-05,6.55705855210433e-05,1.776280020283004e-05,7.099148315833878e-06,1.0460091103570888e-05,1.0023349301075498e-05,1.0888983127847908e-05,1.1083476671482002e-05,9.395635834193906e-06,1.3226508925286375e-05,9.555832495439883e-06,1.5130128561963236e-05,5.885714145578235e-06,1.9470638997526508e-05
2023-01-25,9.129776192952457e-06,2.3596683022915467e-05,2.2228684386952195e-05,1.2678307566685634e-05,7.139593328763994e-05,1.4858286250779672e-05,6.5990406176859604e-06,8.924561313188651e-06,9.383668463910096e-06,1.2483262418196357e-05,1.24296950386351e-05,1.2784532006673287e-05,1.2026712832540175e-05,9.270103775637075e-06,1.7817146766260375e-05,5.567314153371275e-06,1.6842728531510966e-05
2023-01-26,9.074184540951573e-06,2.4058694048260977e-05,2.0097205526461922e-05,3.1082577932499944e-05,0.0003288296565664381,1.9647264676676704e-05,1.5714908429783992e-05,1.6775108143113206e-05,1.3277172204294984e-05,1.850958874569083e-05,2.1443443152613453e-05,3.324492481198828e-05,2.411031348637812e-05,3.186711966460452e-05,1.8026821423820517e-05,2.096210696049449e-05,1.5072538385329205e-05
2023-01-27,8.814652120573843e-06,2.192955803221584e-05,2.009307579704224e-05,1.7733086101871097e-05,4.502159629697371e-05,1.9791162941810764e-05,5.245782557734844e-06,1.1965110344065079e-05,1.0989134938615108e-05,1.265303742822958e-05,1.2423145375802477e-05,1.2787603867312413e-05,1.5742466998034572e-05,1.1367662652732211e-05,1.6350467978361447e-05,6.480020476864707e-06,1.9700460577311053e-05
2023-01-28,8.49771233725184e-06,2.538266849108208e-05,1.9541104913584755e-05,1.3049266948108285e-05,3.714936069327461e-05,1.655730145882342e-05,4.276971324332928e-06,1.085833036959539e-05,1.3114398574728838e-05,1.1365284036902023e-05,7.893130991260005e-06,1.3535152620429935e-05,1.1415744834209536e-05,9.94196625746362e-06,1.5063236075717595e-05,6.446765540514405e-06,1.6012521792041377e-05
2023-01-29,7.983077002757782e-06,2.523936635342305e-05,1.9398172425396413e-05,1.6984496928636805e-05,6.413599060826016e-05,1.6853019449383143e-05,5.789784504220753e-06,1.0817608362011263e-05,1.1978903149002409e-05,1.2858103587475731e-05,8.675549866715148e-06,8.543380811418118e-06,1.1301868210838515e-05,8.550851732017773e-06,1.4301621190916428e-05,5.644670795743354e-06,1.9872809697758327e-05
2023-01-30,8.685665847990394e-06,2.240325992324394e-05,1.9520585910537426e-05,1.5582261499781126e-05,6.530202185106115e-05,1.526704967642962e-05,5.2527860840297315e-06,1.186871241037817e-05,7.010769467180809e-06,1.430870228930855e-05,8.855291020284091e-06,1.108582994435406e-05,1.153355763002505e-05,9.97782055214016e-06,1.1621468837446365e-05,7.23039135939311e-06,1.8160385924710343e-05
2023-01-31,8.639373954316177e-06,2.381168959938155e-05,1.962585820246363e-05,1.5584027606663847e-05,8.432969749356327e-05,1.5390890132130792e-05,4.858083008809635e-06,1.0343888759913894e-05,9.580680022865348e-06,1.1523562624621028e-05,9.284476355533548e-06,1.1944943222909774e-05,1.3656200597881468e-05,8.88158077335131e-06,1.3311432153743238e-05,3.813633453574018e-06,2.0664254875803023e-05
2023-02-01,8.703775946860188e-06,2.9328601992253678e-05,1.887149940751028e-05,1.5948500840920952e-05,3.902043109772277e-05,1.4666082022751885e-05,5.531706798512321e-06,1.3065685269489397e-05,9.493730344452796e-06,1.1032782534202566e-05,1.2173749760068733e-05,9.756629629833472e-06,1.095971482822017e-05,9.682351220174566e-06,1.2460237341741559e-05,6.400928561369969e-06,1.3781321436771666e-05
2023-02-02,8.718008320452188e-06,2.7452860823408036e-05,1.7412778353427194e-05,1.7067035618049984e-05,4.5028341367802085e-05,1.4707820259174021e-05,4.714623504879201e-06,9.285227822744212e-06,9.510402317376716e-06,1.017886039005902e-05,4.344245467375568e-05,1.3760840040309432e-05,1.2246933673981377e-05,7.783718176631036e-06,3.251059414106015e-05,3.535106595911425e-05,1.5834154030332e-05
2023-02-03,8.887393191019833e-06,2.3174651947400083e-05,1.8231829025648886e-05,1.759773612843013e-05,5.999196107721565e-05,2.261697940423784e-05,5.896168732142885e-06,1.111152180908274e-05,1.1724007961516662e-05,1.3671487048960882e-05,9.369049126242479e-06,1.348028584293858e-05,1.0038971558915265e-05,9.415775317206655e-06,1.7204324139297827e-05,7.432467771993911e-06,1.960087713925198e-05
2023-02-04,8.377587510529516e-06,2.268944242297607e-05,1.8246749957517824e-05,2.1416095424503876e-05,3.4505365584348367e-05,1.6061425329665328e-05,4.396719834962729e-06,1.113544719659786e-05,9.838539404590297e-06,1.1187745772933386e-05,6.642998383750489e-06,9.725446748121821e-06,1.2077630008051753e-05,8.575736741543466e-06,1.4325894032999084e-05,5.208561527052196e-06,1.9506678630762895e-05
2023-02-05,8.314184532506097e-06,2.7932930053955823e-05,1.6563151360193205e-05,1.645383961894062e-05,7.919775406093311e-05,1.547580358110095e-05,4.43982365254127e-06,1.1289494715294045e-05,1.0215628058601772e-05,1.1025843351722733e-05,8.3838434495583e-06,1.1321503037976373e-05,9.97469171345005e-06,9.104279095029866e-06,1.5030238366262557e-05,7.92163690441668e-06,2.018301056961838e-05
2023-02-06,8.501928111738227e-06,2.2619726776195298e-05,1.6463440368373455e-05,1.9127580704820332e-05,3.480699521155195e-05,1.2773664322806558e-05,5.554576966713303e-06,1.0002199452725017e-05,1.0442633337009696e-05,1.2587778022806536e-05,1.1447240857707186e-05,1.0646972459953615e-05,1.2288188681716784e-05,7.047833530634159e-06,4.690911778992706e-06,7.06515608756993e-06,1.7576072169695807e-05
2023-02-07,8.588117100203535e-06,2.6658607717750615e-05,1.7031077758983622e-05,1.1025485538024464e-05,4.159112983527466e-05,1.4425348747377028e-05,5.858088666365461e-06,1.0492841334912095e-05,1.0221693759286502e-05,1.057807111261858e-05,9.40639798314389e-06,8.35209461252777e-06,1.0461764419947472e-05,7.041506448346106e-06,5.40014556005258e-06,4.722550177095632e-06,1.8022606989072135e-05
2023-02-08,8.431708215054172e-06,2.7050492008326892e-05,1.5165236473655466e-05,1.1679386816619611e-05,6.280712685029796e-05,1.5026062948540096e-05,4.893332368150709e-06,9.20537354541805e-06,1.0230612369193458e-05,9.985261976457095e-06,1.1908777168396503e-05,1.094455975042678e-05,1.1562003850274338e-05,8.724413006166274e-06,1.0546933033703452e-05,6.246797014895968e-06,2.2638499729208714e-05
2023-02-09,7.911723951050659e-06,2.53399780386857e-05,1.7328564341280298e-05,1.2978313767421731e-05,6.436041834271923e-05,1.3834150697929133e-05,5.601105134499934e-06,9.055101803658899e-06,9.091965825300695e-06,1.0621431443607383e-05,7.593809397322972e-06,8.180513304136592e-06,1.1793148180906893e-05,7.4498062987228384e-06,4.331956060103291e-06,7.415742335583105e-06,1.5970936887598793e-05
2023-02-10,9.015451160301461e-06,3.059188499264095e-05,1.649026277042718e-05,7.93575739860582e-06,5.4703362969684685e-05,1.909729934371338e-05,5.4224328323095275e-06,1.0332165858383963e-05,9.756545366938127e-06,1.2057825463317678e-05,8.065954340729626e-06,9.178244081442767e-06,1.3319857848279953e-05,6.1620071421287485e-06,8.25257915524088e-06,5.895640200869822e-06,1.4567635060495191e-05
2023-02-11,8.645100488624758e-06,2.628830275415113e-05,1.6930639702479626e-05,2.007675342835661e-05,7.748279529749872e-05,1.4429488042868536e-05,3.5542467359891367e-06,9.68332540829596e-06,1.1358110937382597e-05,7.680130852824044e-06,7.866760754206628e-06,8.466565166047749e-06,1.2641905387980076e-05,7.219893901940089e-06,7.519730519594997e-06,3.5438466861046658e-06,1.781649896887012e-05
2023-02-12,8.335894164800876e-06,2.3324387653188747e-05,1.6954840506974655e-05,1.2984532248095747e-05,4.745634016704632e-05,1.4125701478411612e-05,4.525514852739746e-06,1.196111274198888e-05,9.957915117169515e-06,9.815472673749504e-06,8.352143726259132e-06,8.211849506873105e-06,1.1331251484244848e-05,4.291685694106507e-06,7.117150672452119e-06,6.034038008405415e-06,2.357484501763443e-05
2023-02-13,8.02673210040363e-06,2.5565582209110038e-05,1.6152112595564786e-05,1.853629601879385e-05,6.742250847217048e-05,1.952345657072624e-05,7.5134028243635576e-06,9.540187459526722e-06,8.653845633783316e-06,1.148006878955444e-05,6.701679947707282e-06,8.128677428184006e-06,1.2850392369316914e-05,7.041086169886611e-06,7.954864452645222e-06,5.216169937126184e-06,2.29619424321882e-05
2023-02-14,8.707429564839935e-06,2.6679812289049906e-05,1.7778482880256697e-05,1.492561100771401e-05,3.7495453676241756e-05,1.8633899807599415e-05,5.463277934623845e-06,9.27873903321425e-06,9.482480828072892e-06,1.2761181042677091e-05,8.84966657847326e-06,7.871236066564347e-06,1.331196617616011e-05,1.0095519050422605e-05,8.256673411411549e-06,5.56817933992018e-06,1.7758885297933613e-05
2023-02-15,8.38682761286261e-06,2.040360537221415e-05,1.6326409451506855e-05,1.1503607819002235e-05,4.833286151254238e-05,1.466785238791494e-05,5.2659325176598894e-06,9.068700692136192e-06,8.509683600741407e-06,1.2292346573748477e-05,7.55254851620225e-06,8.144292428963955e-06,1.0220381712330324e-05,1.0010681635654807e-05,9.11184266190768e-06,4.405537621668196e-06,1.6347952846467822e-05
2023-02-16,8.693340558319463e-06,2.0104466773616767e-05,1.735555554256282e-05,1.096263119465146e-05,3.934120344741346e-05,1.3954251388247301e-05,4.829785784967951e-06,8.974317136050648e-06,7.678838735648563e-06,9.938852180032368e-06,8.755897826844532e-06,1.0264112924617125e-05,1.1941775536935328e-05,7.2222521074033565e-06,7.544569103340244e-06,4.008173845345319e-06,1.6126009616477066e-05
2023-02-17,9.511738723811966e-06,2.358994294341465e-05,1.7005593539473488e-05,1.999267310768645e-05,6.415973206895889e-05,1.3162854597900828e-05,5.86036722370603e-06,9.216448288044731e-06,1.273300656776144e-05,1.0171198218006072e-05,9.689599526345645e-06,9.28389761010371e-06,1.2101524277396426e-05,9.763237908795403e-06,8.057873109742004e-06,4.698642866105814e-06,1.582062183448515e-05
2023-02-18,1.0443602524894022e-05,1.991582689377125e-05,1.7152396906340345e-05,1.0400997455655998e-05,7.760313755454605e-05,1.5117030268296165e-05,6.438511248672994e-06,8.839240200433999e-06,8.771498211157362e-06,1.0865896373014038e-05,7.396715956738088e-06,1.1622226951177234e-05,1.0325350375913475e-05,8.125746625522529e-06,1.106322086632274e-05,8.811571590788265e-06,1.6193355641964407e-05
2023-02-19,9.152951583515639e-06,2.1862429460756882e-05,1.712323637273814e-05,1.6162219641221015e-05,5.029478331330856e-05,1.6211759521693e-05,5.3744809761143905e-06,9.321624535018515e-06,1.0616012056001081e-05,9.93964892261506e-06,9.290694817996864e-06,1.2360547497016002e-05,1.2489966941029607e-05,8.791377791760628e-06,9.167713458099571e-06,5.944053487835495e-06,2.00462567374216e-05
2023-02-20,1.0537705085448172e-05,1.8115150689788964e-05,1.597014032918639e-05,1.4132488178051807e-05,4.3034052592675096e-05,1.5487270537167883e-05,6.9230339566948495e-06,8.490246736041341e-06,8.754411858809679e-06,1.2763986137810506e-05,9.790715301500998e-06,1.097689117427763e-05,1.3991913182977082e-05,8.088396562126681e-06,7.183745284285668e-06,4.027345200103385e-06,1.3357284098054338e-05
2023-02-21,8.999315467028932e-06,2.064946217952982e-05,2.0060968337587863e-05,1.3249914488977789e-05,4.316484654897052e-05,1.4783949760590565e-05,6.472072370320998e-06,8.76560413982614e-06,8.88786222145503e-06,1.3478084124196648e-05,1.0425099703568544e-05,8.478037711679166e-06,1.4083380830796095e-05,7.6224318467974355e-06,6.963294459214976e-06,5.875597333563537e-06,1.498097932211585e-05
2023-02-22,9.607922683190279e-06,2.7907906591699948e-05,1.9973846516988468e-05,1.8377060527911693e-05,5.280167909339517e-05,1.559049722002651e-05,4.547262602738304e-06,9.146545297761062e-06,1.0094604542459435e-05,1.3699673979325361e-05,1.020381401702148e-05,7.780281456632782e-06,1.3777052286736595e-05,8.191983040458067e-06,1.0166668669192313e-05,7.242375136926155e-06,2.062118312341491e-05
2023-02-23,9.212989480008905e-06,1.8854868161807248e-05,1.8797587975266585e-05,1.4649789458109172e-05,2.9993476418878895e-05,1.4611159765279173e-05,5.1395751045957075e-06,9.560346198470758e-06,1.043091876598424e-05,1.3306778628820198e-05,2.281076453596819e-05,9.081776597896427e-06,1.1971544343304457e-05,8.309766914650986e-06,1.209101677756816e-05,6.957809236352605e-06,2.100621889110271e-05
2023-02-24,8.960618407484689e-06,2.0662104398537463e-05,1.6526233771605512e-05,1.4353422188104788e-05,4.9739889635962526e-05,1.415292111198155e-05,6.310880683724717e-06,9.819373695976423e-06,1.2588117335569465e-05,1.4855769129164758e-05,1.0767409794504852e-05,9.17802653367471e-06,1.3811001306546299e-05,7.212275705380598e-06,9.941832482461924e-06,6.722813814898347e-06,1.5034726459439691e-05
2023-02-25,8.771262825307002e-06,2.0396367679733898e-05,1.8108586681626708e-05,1.1850085195875672e-05,3.7805039411753586e-05,1.3380128246897523e-05,5.2190721244327405e-06,1.140388445184397e-05,9.82072772220948e-06,1.1453264599576748e-05,9.84498689480783e-06,7.743848963969806e-06,7.913620625438088e-06,6.527124850180359e-06,1.053538080588034e-05,4.944955374686541e-06,2.1328940248751304e-05
2023-02-26,9.325161339405851e-06,2.006702609683299e-05,1.733717414556506e-05,1.4338926777323501e-05,3.5355678121906375e-05,1.5539821331967486e-05,4.933327825910159e-06,1.0523055418777896e-05,9.518257809938633e-06,1.0624368472396992e-05,8.596786256780715e-06,6.509516098847002e-06,1.4404123482368773e-05,7.620605040178519e-06,1.2424102966824022e-05,4.198593471187152e-06,1.2960354746117255e-05
2023-02-27,9.866728839777896e-06,1.921741991594716e-05,1.705872796575839e-05,1.2325574988073194e-05,6.0423252801222e-05,1.6821303867730952e-05,5.69000451792975e-06,1.1431122647307715e-05,9.5434085608934e-06,1.2449429954435086e-05,7.731041789436399e-06,8.75542757394275e-06,1.1262968139579328e-05,5.802903680155091e-06,9.666648470622486e-06,4.209254185635593e-06,2.0773017850177302e-05
2023-02-28,9.86519303183761e-06,2.1556335273046466e-05,1.9068224837252702e-05,1.524843512934485e-05,4.294323381636519e-05,1.682059404428226e-05,5.832627398909631e-06,1.0121371569916149e-05,9.895145352088556e-06,1.5659256573362867e-05,9.116466364135043e-06,7.41268251512109e-06,1.2035772798359362e-05,1.0146286121070151e-05,1.092650883891872e-05,6.644095071960131e-06,1.964622647069687e-05
2023-03-01,1.0037097414036014e-05,3.096057700474269e-05,1.943346034571901e-05,1.6030241420368174e-05,5.1554996906700183e-05,1.672886001775232e-05,6.016596320858428e-06,1.0584842406130449e-05,9.239717697170229e-06,1.4779107293918928e-05,9.602636176331355e-06,8.354536949192838e-06,1.0741247226166577e-05,1.2281008133220446e-05,1.0314444272745413e-05,7.407033626543845e-06,1.920953305093541e-05
2023-03-02,9.42410633672809e-06,2.6042377669081188e-05,1.8021246892281737e-05,1.1936364258049275e-05,5.684240443370755e-05,1.5601668905795074e-05,5.190978825217029e-06,1.0361621254618743e-05,1.0545229518206468e-05,1.543591413968979e-05,1.0269772735773943e-05,9.306124845728043e-06,1.52919534743569e-05,9.151835000922273e-06,1.1154077028940554e-05,9.858800845885112e-06,1.8141841090247995e-05
2023-03-03,8.599022219515123e-06,2.5092507234768635e-05,1.636588417844513e-05,1.2154800220664874e-05,5.6362261016597205e-05,1.4104651189314833e-05,4.50615710040807e-06,1.1212617241929035e-05,1.0931324817057526e-05,1.1337303985014542e-05,9.349861903367108e-06,1.0493303463200226e-05,1.0635944107457176e-05,8.145528250880326e-06,1.0543777765281448e-05,7.203157864407756e-06,2.0349761526232113e-05
2023-03-04,8.550671224413427e-06,3.4383784607179255e-05,1.6022207854554e-05,1.298106614145273e-05,5.068857257811584e-05,1.5489013605770824e-05,4.693054849865237e-06,1.2824676004363558e-05,8.129600134235958e-06,1.0212864355176444e-05,7.432021040374696e-06,7.313435182669499e-06,1.4751736252777247e-05,7.732320325729517e-06,1.1763237399775584e-05,9.480481466251264e-06,2.5200852038312283e-05
2023-03-05,8.461458757006778e-06,3.031803392170982e-05,1.7006192143517144e-05,1.0043956258570494e-05,4.182748949084326e-05,1.6023825807130484e-05,4.064689813435016e-06,9.427920032251343e-06,7.051313189559669e-06,1.3153425466653204e-05,7.700751318301834e-06,8.498109888699896e-06,1.078421339441991e-05,5.177591384487936e-06,9.169505260924596e-06,9.140732377637447e-06,1.7625311004120577e-05
2023-03-06,9.438197613256642e-06,2.716797501800205e-05,1.8372040834796495e-05,1.1982118766272145e-05,3.340968839201258e-05,1.5999193556988814e-05,4.888522888912175e-06,9.084460962113112e-06,1.0217308307522418e-05,1.2807163975958945e-05,8.228098375144173e-06,8.330120286936944e-06,8.100361160388309e-06,5.99257898585996e-06,1.0019384276515614e-05,5.796551700951724e-06,2.1094644237626372e-05
2023-03-07,9.369009612934534e-06,2.7521496582288815e-05,1.6803338335488408e-05,1.4369816412638937e-05,4.209856677768215e-05,1.7353067429998757e-05,3.6929645332676718e-06,8.62260876868025e-06,9.254665604279551e-06,1.0966229369143428e-05,6.093594689505351e-06,7.796954181403936e-06,9.65511914417024e-06,5.326305192929669e-06,7.882420031642287e-06,3.890979336610912e-06,2.5238881108942526e-05
2023-03-08,8.661297350299059e-06,2.3622045118376142e-05,1.7735004137219236e-05,1.2257796788712612e-05,3.483657003776284e-05,1.355678404247448e-05,5.251130576882768e-06,8.573654760592467e-06,9.599084471735578e-06,1.1004306436730517e-05,8.78589126437202e-06,1.0794257733447296e-05,8.504876109814501e-06,5.375041788028684e-06,1.1712951521908333e-05,6.178210026925963e-06,2.5862729647396086e-05
2023-03-09,9.564311905783772e-06,2.62495197978472e-05,1.715829115253425e-05,1.0282673194074171e-05,3.348435636627765e-05,1.71502693900049e-05,7.683386528092222e-06,9.317103984099322e-06,8.81542502759289e-06,1.2076014398264605e-05,8.849477052737687e-06,1.2700387183766294e-05,1.2354209928674632e-05,6.396955663212054e-06,1.2425149567737922e-05,9.438649011635323e-06,2.2134683467945453e-05
2023-03-10,9.500984921685275e-06,2.704340985730888e-05,2.009166870791136e-05,2.5910070780858623e-05,4.315329777501597e-05,1.4501223910512587e-05,4.126657075655358e-06,9.794297416384623e-06,8.622623755579592e-06,1.1245659327925527e-05,8.103561394057938e-06,8.524685044144798e-06,8.550811057003479e-06,5.411253459143774e-06,1.072023020283804e-05,5.801966765829847e-06,2.1121485150187842e-05
2023-03-11,9.09412001172421e-06,2.713148184859072e-05,1.8664655404945125e-05,2.3602927943211354e-05,4.040042593591915e-05,1.4205129409830097e-05,4.1613570385305856e-06,9.75700927284479e-06,9.717946244426371e-06,1.0469367421066897e-05,8.238169825535075e-06,1.2224371674241609e-05,1.2286852214517575e-05,1.0356741576416496e-05,1.0683396120874814e-05,1.1828832068436891e-05,1.3438665423885934e-05
2023-03-12,9.159278628156493e-06,2.9234216446540512e-05,2.969374920808317e-05,1.857618331614594e-05,8.068588205285705e-05,1.4377389227066784e-05,4.868775559338341e-06,7.998968767867737e-06,9.540021792135494e-06,1.0356447639498042e-05,5.536262449843192e-06,1.0807475859975524e-05,1.0759547517766842e-05,4.313189301565256e-06,1.2042050841538652e-05,7.328512111916527e-06,1.9321888551781032e-05
2023-03-13,7.781268803955705e-06,2.353133177849426e-05,1.7651355239974865e-05,1.8912277850780728e-05,4.832575424420937e-05,1.1973056342360382e-05,4.1701335544162e-06,9.461465880338308e-06,9.395175928065099e-06,1.0008258276273581e-05,7.394579181893338e-06,1.14760554038166e-05,1.1884707400081426e-05,5.715252408407365e-06,1.0148689399836637e-05,6.690507945670307e-06,2.3053527676948304e-05
2023-03-14,8.492443733010745e-06,2.4154662302724344e-05,1.6278284614299938e-05,1.4681326171413387e-05,7.444031687561983e-05,1.6777860488649334e-05,4.939090080384519e-06,8.782870161227919e-06,8.340752793841413e-06,1.3123548549200822e-05,8.10731587076998e-06,7.390392397503341e-06,9.559410159651146e-06,4.229549682071429e-06,1.1409259651412544e-05,4.0321361249155775e-06,2.2140861100485592e-05
2023-03-15,8.343819623227693e-06,2.3808272251070805e-05,1.7794331259270722e-05,1.6400123249411086e-05,4.636792706081032e-05,1.2682613115037378e-05,6.6478104293758435e-06,1.0618092056778625e-05,8.679411662711722e-06,1.2787973984657244e-05,8.294553067775336e-06,1.2867874344647552e-05,9.304763212967303e-06,4.8716347443134106e-06,1.5135398458723656e-05,4.97959159653176e-06,1.9194776745788643e-05
2023-03-16,9.266486419048043e-06,2.2066130831996653e-05,1.7709718423541034e-05,1.3875054404818587e-05,4.811271543101396e-05,1.5116530426029177e-05,4.868173512413964e-06,7.964380171137952e-06,8.403665006382583e-06,1.0701837113253222e-05,6.611099211132531e-06,1.2537648242159592e-05,1.1546832763292785e-05,5.630663039351828e-06,9.093705283710233e-06,5.91366728115735e-06,1.3213311618657099e-05
2023-03-17,8.616776719378028e-06,2.0779146845234495e-05,1.702690173078456e-05,1.8302552330710674e-05,1.8251061603416597e-05,1.6245445653284815e-05,4.4017681660105725e-06,8.926919736704686e-06,1.0732353162006246e-05,1.1442444095095892e-05,9.473591392343444e-06,8.999267684592167e-06,1.0281060066141487e-05,3.651221674430787e-06,2.035357921642672e-05,7.084940565220814e-06,2.1068237114048664e-05
2023-03-18,8.404234254919251e-06,2.2356430870332988e-05,1.6662252492157235e-05,1.340909685901484e-05,4.584452157967123e-05,1.357554926532989e-05,5.185027213019532e-06,9.32455542996545e-06,9.13899721023802e-06,1.2078127562949448e-05,9.709413438151845e-06,8.78876368731634e-06,1.2523361879712721e-05,6.633585607014543e-06,1.2857338447542406e-05,1.2393088000147564e-05,1.7606063326997665e-05
2023-03-19,7.979539303265375e-06,2.0635317734732505e-05,1.780878035976103e-05,1.632015914732036e-05,2.1565434920908767e-05,1.3689785213915521e-05,4.484107814579065e-06,9.937798326494638e-06,8.910450273013959e-06,1.0268820709265687e-05,7.872100644064084e-06,7.737658306040894e-06,1.0291971178539093e-05,4.195858855144327e-06,8.704866122572709e-06,7.1997387523367005e-06,1.9317498963409207e-05
2023-03-20,1.022913288307168e-05,2.652421607612743e-05,1.9979101106314452e-05,1.5112139507344252e-05,5.783355502862761e-05,2.23769269904908e-05,4.058882332842621e-06,1.0807747483514965e-05,9.760443705652528e-06,1.514528805993679e-05,8.418495388863953e-06,8.670267367399427e-06,1.817305799280818e-05,6.660187435267377e-06,1.6176242422387085e-05,5.805740390977137e-06,2.7920646238607966e-05
2023-03-21,1.0677415222412263e-05,2.630651716061803e-05,1.912082630587567e-05,1.4530649308019513e-05,3.420248358891546e-05,1.896781907317869e-05,3.1214042762734114e-06,9.42209955309804e-06,1.0632918472987133e-05,1.60274998956312e-05,1.210855061111932e-05,1.540278808585281e-05,1.720692028147787e-05,8.973857358742512e-06,1.6731789045603713e-05,7.952334256900981e-06,2.5594827482249126e-05
2023-03-22,1.0340049356182011e-05,2.789501130221902e-05,1.8340583882465937e-05,1.2184859739830864e-05,6.212878053629563e-05,1.7089740565093348e-05,4.044283656586131e-06,1.0506373625317267e-05,1.016574906300249e-05,1.356226610741909e-05,1.1722780615613672e-05,8.051283455095577e-06,1.2501066604765361e-05,6.89677269832065e-06,1.239691488468962e-05,1.0166752685368308e-05,1.929825815351407e-05
2023-03-23,1.1213233203923822e-05,2.7977973457595375e-05,1.8851212287891584e-05,1.9629031958130242e-05,4.070262913545072e-05,1.7193439338211413e-05,4.257483700073977e-06,9.101483009742496e-06,9.960285705658997e-06,1.198820155820977e-05,9.558565530139949e-06,9.729665257162493e-06,1.5146731044157381e-05,4.848734044028444e-06,1.1003710180806403e-05,6.7939705775780856e-06,2.753503833628292e-05
2023-03-24,1.020631442269227e-05,2.5275674982039687e-05,1.8630446270286695e-05,1.5545272006275682e-05,5.45767121169397e-05,2.261784786080093e-05,4.63103268623732e-06,8.970021845925448e-06,9.288566300421485e-06,1.3507004864498386e-05,1.221182913790956e-05,9.169432778888298e-06,1.224275831570809e-05,6.694806733400325e-06,9.624242826062663e-06,6.882916903094862e-06,2.3933721227573157e-05
2023-03-25,9.398147689222718e-06,2.10816977793945e-05,1.8479100563199736e-05,2.0547959279424163e-05,6.775116068435804e-05,1.652096684893801e-05,4.122678608897479e-06,1.0120978613881899e-05,8.410989410564331e-06,1.5484309531603476e-05,9.996450479107224e-06,1.2249587801370483e-05,1.4479288275069575e-05,6.038534972545e-06,1.593773039198042e-05,7.66102348632045e-06,2.223593021515636e-05
2023-03-26,9.345858531731892e-06,4.7439905499708246e-05,1.9042622974833068e-05,1.7291027130239103e-05,4.7990740610047004e-05,1.8157068077927514e-05,3.6844286832772993e-06,1.0913400616277796e-05,8.137024835198432e-06,1.2525264636360522e-05,9.962195286805421e-06,1.254566348777736e-05,1.2226445779992223e-05,7.77162424555463e-06,1.6841914288663408e-05,6.061730555549699e-06,2.0953057715760733e-05
2023-03-27,9.709889446988936e-06,2.4222839245498105e-05,1.7583549511730353e-05,1.8365743769490995e-05,5.723101423310441e-05,1.6671432895438656e-05,3.7830888920803836e-06,1.0112422501785691e-05,8.628390650782511e-06,1.2788545305973452e-05,1.0172652257824022e-05,1.007560356463782e-05,1.2630598683550249e-05,6.09692823342358e-06,1.1527839457818264e-05,6.452477859039168e-06,2.2084895238721944e-05
2023-03-28,9.723871401204063e-06,1.804706444017942e-05,2.845340814954678e-05,2.562974993457669e-05,5.203016758669217e-05,1.681934454901411e-05,3.990835473923649e-06,9.91484756316571e-06,8.595362117000319e-06,1.156129729952234e-05,1.679030532500198e-05,1.3688379478381486e-05,1.6626903522449644e-05,6.461161107223578e-06,1.0986687376872555e-05,6.448914463441104e-06,2.5611684100017854e-05
2023-03-29,1.0214242183417896e-05,2.194678852101676e-05,1.8155759966858173e-05,1.495883515550644e-05,6.578897427398072e-05,1.703751202481062e-05,5.5122181235088035e-06,9.237004443964678e-06,1.1658241465497234e-05,1.2570926532521336e-05,9.610918002851239e-06,9.084147221848885e-06,1.0182214647350744e-05,4.5386649480255395e-06,1.4030588842228186e-05,5.328190989645406e-06,1.6148248094506726e-05
2023-03-30,1.0450932477215655e-05,2.0906023622720668e-05,1.6854414435586125e-05,1.632529443935139e-05,3.91016016016016e-05,1.4258315975183104e-05,5.914474818798884e-06,9.220158010970144e-06,1.0202384533353682e-05,1.723198524369831e-05,1.0385339081726696e-05,1.0799021691704129e-05,1.1355932121486244e-05,6.595358998073648e-06,1.6266861332866406e-05,6.760828480936492e-06,1.6375247903058533e-05
2023-03-31,1.11798529094175e-05,2.7527082993725115e-05,1.9106320008128513e-05,1.5630456006049613e-05,4.259228836196143e-05,1.751710509964562e-05,6.449250194049314e-06,1.176341568701467e-05,9.575615471629856e-06,1.3135695131317944e-05,1.1598833240820817e-05,1.3615613631617215e-05,1.2161927830335614e-05,7.79744844849012e-06,1.3237802501075324e-05,6.595761417140869e-06,2.238260385102431e-05
2023-04-01,9.948236572247146e-06,3.1903718138728865e-05,1.8506181064475535e-05,1.843478935827528e-05,9.549371958269244e-05,1.9837798873698537e-05,5.1272192151769085e-06,1.1011688330738961e-05,1.1806772845761986e-05,1.3674854329284593e-05,1.1390967544069689e-05,1.0045312731513067e-05,1.2010177073192718e-05,6.433013936214361e-06,1.604179728477303e-05,5.991074932280429e-06,2.404704202596329e-05
2023-04-02,1.2765367321859646e-05,2.8916593963766804e-05,1.9390820342283912e-05,2.2596621834382023e-05,2.2608961061716813e-05,3.383270310679889e-05,4.991425355167991e-06,1.274228025059866e-05,1.4877227442793444e-05,2.1919089334901765e-05,7.5149735848678496e-06,1.3059697062517957e-05,1.2007727896572822e-05,1.1093859474821624e-05,1.0134035959826549e-05,7.441941560027631e-06,2.462736621907636e-05
2023-04-03,1.772441517562206e-05,5.100043147984093e-05,2.2730999466061292e-05,2.310688585198389e-05,4.950314475240611e-05,3.7830461416493096e-05,6.977644036953059e-06,1.601150578150591e-05,1.8083352591474493e-05,3.6180478232791485e-05,1.3150982066494222e-05,1.4938005498845802e-05,2.232453571531752e-05,1.356164725597812e-05,1.649800727640683e-05,5.202732384566072e-06,3.0683127536572805e-05
2023-04-04,1.989796247377782e-05,9.536608412261744e-05,3.473804237041233e-05,3.9786722090536665e-05,0.0001107439676730632,3.712747222555682e-05,8.51449501549656e-06,1.951192563155799e-05,1.671770833127653e-05,2.9175617814062294e-05,1.810521638738752e-05,1.853190972725979e-05,3.7953175013886244e-05,2.1256863854964962e-05,2.46110712411757e-05,6.5092536272815835e-06,3.3402318008593095e-05
2023-04-05,1.3651798928968782e-05,4.669065625346108e-05,2.7517236921826898e-05,2.3965076347831298e-05,6.815180815266005e-05,2.4616751998250782e-05,9.02105797518767e-06,1.460843475910817e-05,1.7019567816441246e-05,1.8770076130857835e-05,1.429737996395114e-05,1.3350423570795835e-05,2.9744507250817137e-05,1.0151590938874503e-05,1.549400758787615e-05,8.87851216757132e-06,2.104714209042554e-05
2023-04-06,1.1069360874195796e-05,3.064097656680767e-05,2.2310251890402587e-05,3.5855871440004645e-05,3.445414583865698e-05,1.798383521058922e-05,5.40450708868661e-06,1.027772658887203e-05,1.290695097168571e-05,1.3929396862090655e-05,1.0992532094685462e-05,1.1958705234682809e-05,1.2509420248009438e-05,8.202027386414688e-06,1.3344189387407881e-05,8.037506715955131e-06,2.1612737176728144e-05
2023-04-07,1.002969148412043e-05,2.5303439141635475e-05,2.3178106922826052e-05,1.6549476314389498e-05,5.8433969614335804e-05,1.4879549031443274e-05,6.321542399247614e-06,8.37596127427392e-06,8.24932617589587e-06,1.1650539008970844e-05,1.4220680766772821e-05,9.927449964786412e-06,1.2579627010001209e-05,6.176008190248629e-06,9.622150961284955e-06,9.203915823031197e-06,9.56119786821465e-06
2023-04-08,9.610874839355644e-06,1.90921632645209e-05,2.1033136424785365e-05,1.5405958562593256e-05,4.7653766791996075e-05,1.3970460100656198e-05,6.711899247323727e-06,9.857622171546454e-06,1.0086012349546275e-05,1.084653719584137e-05,9.754376289309846e-06,1.2863589025397182e-05,1.0660405628434161e-05,1.0246913081353563e-05,7.499920673915949e-06,8.333029524965236e-06,2.6537624904918485e-05
2023-04-09,8.796213292978526e-06,2.1733141547465243e-05,1.9984310863154995e-05,2.6440269996569137e-05,4.6342603141256114e-05,1.2667204452420039e-05,4.104233881704947e-06,1.1494187863560707e-05,1.0803375297199286e-05,1.8532597441359217e-05,7.741163793294118e-06,7.969932475588995e-06,2.288493551291558e-05,2.4790752741093922e-05,8.470673274210125e-06,6.573558780105256e-06,1.8761406082106735e-05
2023-04-10,8.874580868497758e-06,2.4815206956356843e-05,2.0338108751494674e-05,1.362361062545462e-05,4.8404272483784565e-05,1.0715648749744768e-05,4.339871717660752e-06,9.27320270366453e-06,1.7726916179053646e-05,9.348755317104586e-06,8.134821304096935e-06,8.033823775321034e-06,1.1089530723605139e-05,7.180248801365167e-06,7.730506628639766e-06,8.312969033299676e-06,1.4900925776456763e-05
2023-04-11,8.617890967374918e-06,2.5741382968255476e-05,2.0671480502561797e-05,1.7994086693260427e-05,4.125299084183603e-05,1.178915955637615e-05,4.6313903358393466e-06,8.786515020818617e-06,1.2195254336879581e-05,1.1975543361108816e-05,9.402573678683907e-06,1.0857967346751275e-05,1.117157429322847e-05,5.645725383597325e-06,9.848796353975589e-06,7.005343909845894e-06,1.4779211771853307e-05
2023-04-12,8.850696581262522e-06,1.8107850356724653e-05,1.9114094251930598e-05,1.3448035008802974e-05,6.585070328551109e-05,1.2395035179926894e-05,4.996583229318151e-06,9.847466340353738e-06,1.0252098222779141e-05,1.132457870476032e-05,8.624244790564135e-06,1.4098987169694272e-05,1.1996237775642278e-05,7.0286732481966595e-06,1.1697833081893844e-05,1.3160067092414777e-05,2.226870454659623e-05
2023-04-13,8.755984094949373e-06,2.0285732454495937e-05,1.7569469243836296e-05,1.262893921420936e-05,6.710142800226467e-05,1.2503264847914659e-05,3.9348875881665145e-06,9.623071225781345e-06,8.575233227937365e-06,1.0552124906973426e-05,9.773950420424522e-06,1.1110289031116868e-05,1.0503099775946839e-05,7.504415879719223e-06,1.9648420296778472e-05,7.262723660311678e-06,1.5424744700179496e-05
2023-04-14,8.470814655187019e-06,2.3321576249667855e-05,1.8367035633086815e-05,1.7305794698418774e-05,3.79191647671974e-05,1.0968388051732851e-05,2.9646970846912807e-06,8.338951734537031e-06,7.876986919884946e-06,1.1507504935970608e-05,1.1347696166407804e-05,9.213525218776929e-06,9.117433771709528e-06,5.663351412179634e-06,1.3326906301006476e-05,5.923179841676887e-06,1.6971282946871673e-05
2023-04-15,8.08713128760702e-06,2.8579626518045064e-05,1.9917480609424172e-05,1.11842501076002e-05,6.184546878865342e-05,1.202954500398097e-05,4.7566582433648425e-06,8.46004066927258e-06,1.1751548321923246e-05,8.07735990481841e-06,9.777775413728967e-06,9.927735870769403e-06,1.0049625609572603e-05,6.7944937422712634e-06,7.280917721132713e-06,7.848032199354967e-06,1.4979806388776464e-05
2023-04-16,7.902776211061458e-06,2.071424938117712e-05,1.846626452314799e-05,1.2270669943519859e-05,2.0304431103681193e-05,1.2020020599145192e-05,3.8119682698061997e-06,7.754544920744223e-06,9.088019701504818e-06,1.0245804826753117e-05,7.635270751472892e-06,1.3117992924268686e-05,1.1009122434076938e-05,7.066377866875585e-06,1.211182871985566e-05,3.640105664987243e-06,1.9325317382550385e-05
2023-04-17,8.500381773396398e-06,2.3380440890617427e-05,1.9903931220285466e-05,2.150981708051555e-05,4.9863187878259025e-05,1.15917163447015e-05,4.311332251280183e-06,8.446389825291118e-06,7.3091140275478704e-06,1.233385428582145e-05,7.722437279738747e-06,1.13722301511938e-05,9.975194595212286e-06,4.784569953283459e-06,1.1197435876763708e-05,4.527614793319609e-06,1.8124010342413196e-05
2023-04-18,8.438478568787705e-06,2.05871569192314e-05,2.0312844444237248e-05,1.2114054669883559e-05,7.342807437699103e-05,1.112691610375533e-05,6.012935642431133e-06,8.399081330272507e-06,8.792056978082097e-06,1.1099234098372443e-05,7.437609496525745e-06,9.247765718784692e-06,9.619577358805805e-06,7.503133808887512e-06,1.0104625538295857e-05,2.805642833562097e-06,1.7265046693729854e-05
2023-04-19,7.878599449786262e-06,1.9275177777699636e-05,1.9496584382532322e-05,1.5391494399322147e-05,3.941452537873136e-05,1.08275133808379e-05,6.48060671509378e-06,7.100315106867098e-06,7.919938521055957e-06,1.1658752384706293e-05,7.05596306724862e-06,1.0380604877846232e-05,8.753891012084192e-06,7.423569612391738e-06,1.0102500389893374e-05,7.109276692033243e-06,1.993206487887118e-05
2023-04-20,8.809766462092555e-06,1.887474593689867e-05,1.8753616141272556e-05,1.1369840844000219e-05,4.3706293706293706e-05,1.1935448947306834e-05,5.4220089427231065e-06,9.20003203848995e-06,8.359459402864778e-06,1.0806367919200658e-05,8.796416846688816e-06,7.969063402907876e-06,1.4252862428849206e-05,8.577283050792112e-06,1.0164845329680494e-05,7.067344107448213e-06,1.3919134555485872e-05
2023-04-21,8.748798758228866e-06,2.0835953669964274e-05,1.8621965627006554e-05,2.0571231220059443e-05,4.965161119478327e-05,1.2817564928052994e-05,4.586619609748145e-06,7.876566460498653e-06,6.815513005830731e-06,1.1971518668767125e-05,8.952608928888476e-06,8.449080097955254e-06,1.6632887610928692e-05,6.924663525768122e-06,1.0614129086384416e-05,7.0128366468402086e-06,1.5816572655850002e-05
2023-04-22,8.285129842260673e-06,1.899767659911073e-05,2.180504222851976e-05,1.7299796267292894e-05,7.870452354249061e-05,1.280562511252625e-05,5.238340313616432e-06,8.163827556005283e-06,8.818130868546747e-06,9.864797249560312e-06,1.0460535210942158e-05,1.1222030309240122e-05,1.154296033325809e-05,5.370713499288381e-06,1.0349979680841778e-05,9.804594432951282e-06,2.1063910187547474e-05
2023-04-23,8.449850368513337e-06,1.935197432935795e-05,2.049486857272655e-05,9.950204043377754e-06,6.040671843522437e-05,1.1886300844214987e-05,4.204610717895557e-06,7.268004742731816e-06,8.015252268911864e-06,9.033925045582943e-06,1.0206031132947286e-05,1.061760711823469e-05,1.0770226369312684e-05,5.0740690320903925e-06,1.1316905416219492e-05,8.201203739880125e-06,1.1586075854038617e-05
2023-04-24,9.066906233088462e-06,2.1004082781342603e-05,2.05784659199305e-05,1.8328029390931188e-05,1.9751233217624027e-05,1.149906026734614e-05,4.405333882645457e-06,7.760036159343491e-06,8.294822138477626e-06,8.407965294741517e-06,1.1312334924752611e-05,1.2065668373158689e-05,1.1177401901415781e-05,4.419201118320646e-06,1.3419021058162565e-05,8.142848105190564e-06,1.7253772865501736e-05
2023-04-25,8.66405369197219e-06,2.308631324028598e-05,2.0227448224480448e-05,1.8404171746722294e-05,3.0439701487994074e-05,1.355943118365069e-05,5.120185677599608e-06,7.603448092330563e-06,1.1013593068344893e-05,1.0489513438384493e-05,8.13951974042839e-06,1.1190942727617919e-05,9.542946400994143e-06,6.733045836213581e-06,9.266588764496714e-06,4.346347069142269e-06,1.2123146926479176e-05
2023-04-26,8.800199641403188e-06,2.4179658828977803e-05,1.9542770415160666e-05,1.4137386635830914e-05,5.187196024137752e-05,1.2588492634495779e-05,5.076080978516807e-06,7.317011665860278e-06,1.0158462358048606e-05,1.0401743710491104e-05,8.833368225137822e-06,8.70325132009247e-06,8.933218829319539e-06,9.161290952011611e-06,9.046930797530624e-06,7.42951658887229e-06,1.5024863558695925e-05
2023-04-27,8.172912886242792e-06,2.204205764994882e-05,2.1102285868537245e-05,1.6890840047022082e-05,4.694517325376996e-05,1.2217889337110375e-05,4.184749453730609e-06,8.25363276469066e-06,1.0069297252411346e-05,1.2675486317230746e-05,7.82994394970948e-06,9.66257782710923e-06,1.288909887890618e-05,7.915062696232915e-06,9.100457111485075e-06,8.391696227093376e-06,1.5434710915581908e-05
2023-04-28,8.589991480316868e-06,2.4609904677096194e-05,1.8190664025480388e-05,1.2892888809968781e-05,6.760367506454541e-05,1.1730054797402142e-05,5.399990625616274e-06,1.1372291941391757e-05,1.0134231182344959e-05,1.2714777690142473e-05,8.422742395378391e-06,1.1726357974438672e-05,1.3840573205362075e-05,7.597029636137152e-06,9.78278671450337e-06,6.138243854013588e-06,2.3764188690598104e-05
2023-04-29,8.271717204864516e-06,2.1058200716624403e-05,1.7510192169937298e-05,1.9777923222834564e-05,5.756190783187318e-05,1.2341808068428791e-05,4.775320511279406e-06,9.25067640293321e-06,9.31122573586159e-06,7.880604269482602e-06,6.393569679135153e-06,8.331307310873643e-06,1.1841715549732838e-05,4.382168421096197e-06,8.180769696206346e-06,5.473666622013071e-06,1.76578566261107e-05
2023-04-30,8.265157084894964e-06,2.426005111246197e-05,1.7839413940363167e-05,1.2805020044323237e-05,3.3935011368228807e-05,1.2857017481258102e-05,4.289662107045969e-06,7.584480250392652e-06,9.615195179435633e-06,8.34132255758034e-06,8.72354372820454e-06,7.113051012826017e-06,9.846951948075342e-06,3.94287707550893e-06,7.94378802276083e-06,5.1388943212077315e-06,1.4343808446461005e-05
2023-05-01,8.798894314787845e-06,2.8506312010136844e-05,1.851549802384121e-05,1.5076424475171468e-05,4.720028556172765e-05,1.1543563455491437e-05,4.7851119036015965e-06,7.9018416496963e-06,9.930491883516015e-06,1.2515811027744903e-05,8.970847505866705e-06,1.0849575326190472e-05,1.1331704162398201e-05,7.897326973514674e-06,1.1038408567163622e-05,3.3309526274693115e-06,1.6697130496929373e-05
2023-05-02,9.208966624461328e-06,3.0040289562040246e-05,2.1226199254160073e-05,1.7977078443372594e-05,4.467898151779465e-05,1.2231489635110953e-05,3.4309432194370066e-06,9.937670182601876e-06,1.0253575913843726e-05,1.6245653535565645e-05,9.298378058264598e-06,9.06709111643505e-06,9.205742683913035e-06,5.304316722135213e-06,1.2841769173596971e-05,4.650272389705227e-06,2.1066478784885505e-05
2023-05-03,9.865380871562133e-06,3.12160726049124e-05,2.7371055767152607e-05,3.476357583979246e-05,6.789043528213698e-05,1.3313765306469042e-05,4.705175379238804e-06,8.677504735305004e-06,9.543070798081346e-06,1.035773132256812e-05,9.550303715845119e-06,8.294145655047001e-06,1.1588278468527273e-05,6.1715349161515115e-06,1.0858358402352852e-05,6.63563087312579e-06,1.7203015473574825e-05
2023-05-04,9.329688402493031e-06,2.3214823094449936e-05,2.268936010525443e-05,3.52367912371134e-05,5.040456293938188e-05,1.2695845462649388e-05,5.270772690165326e-06,9.214558990406845e-06,8.315998711020199e-06,1.178000540416067e-05,9.749685929324605e-06,1.1122961717265311e-05,1.2160611026925904e-05,7.540807469663852e-06,1.341518199586262e-05,7.909264912918994e-06,1.4280639111213107e-05
2023-05-05,9.226913300417387e-06,2.1887203945942232e-05,1.931131361383707e-05,2.45593810325829e-05,4.8298756790000225e-05,1.619527875233812e-05,4.3509688302294275e-06,8.498851584180836e-06,9.640995225654188e-06,1.0514197155490475e-05,9.904649629058792e-06,7.2577721518806615e-06,1.3380836577549021e-05,1.0283419510405187e-05,1.1508376984730983e-05,4.545359276560618e-06,1.326434610089809e-05
2023-05-06,8.187176170164011e-06,1.9766233470885772e-05,1.6213137772335392e-05,1.9226593694008762e-05,6.15048178774004e-05,1.3449596402315307e-05,3.3406583584212566e-06,8.01082285630548e-06,7.878945023586696e-06,7.330941044323615e-06,9.503544560212252e-06,8.291940570625438e-06,1.24114275398294e-05,4.5695184808602375e-06,1.1365556325322256e-05,5.919628432644538e-06,1.238504840260398e-05
2023-05-07,8.006530361450635e-06,2.335919846660792e-05,1.597130819938162e-05,1.780575259351915e-05,0.00031083251308086825,1.555043544364274e-05,7.0183528355376285e-06,1.1679695196078152e-05,1.183345398366739e-05,1.5658501249956884e-05,8.49202750765857e-06,2.396577843991426e-05,1.1520742481652939e-05,1.4882315608936401e-05,1.1477550315721544e-05,3.027133452285732e-05,4.2188761513570006e-05
2023-05-08,8.365231767217231e-06,2.7088713267437927e-05,3.9491056923734354e-05,2.0637399435166518e-05,4.394853138657617e-05,1.1858668390126473e-05,4.784366809903497e-06,8.090826725153094e-06,8.518644541552033e-06,1.1079786485442221e-05,8.807698138955967e-06,8.87769470199766e-06,1.178642629375482e-05,4.596736891399218e-06,1.6550017774029504e-05,3.936340624675388e-06,1.8317811169059363e-05
2023-05-09,9.36235565898063e-06,2.023622052591085e-05,1.721801583875287e-05,2.289892608908754e-05,5.813586097946287e-05,1.3330239798373229e-05,5.135323545992262e-06,9.788098881245236e-06,9.2288042053815e-06,9.457412483469232e-06,9.774537676191954e-06,1.1741970331008724e-05,1.3052560226503954e-05,5.77066460273155e-06,1.2911617261609073e-05,6.187160319564697e-06,2.239426993336361e-05
2023-05-10,9.887991937974456e-06,2.690824168498333e-05,2.0441086133048467e-05,2.691501547492151e-05,4.7544216120992526e-05,1.329052324903303e-05,4.4240060617663516e-06,1.3437672358796907e-05,9.790570468854771e-06,1.1030584531543e-05,8.326283086170924e-06,9.088398568343524e-06,1.2494806136267448e-05,5.449251065595123e-06,1.0957063520059686e-05,5.528576574400394e-06,2.1929048915926857e-05
2023-05-11,1.1463708181273442e-05,4.0097496520932584e-05,1.9403318044612765e-05,1.9226197966916957e-05,4.7868588128590143e-05,1.574657725457625e-05,6.128423525021011e-06,1.0640740224198817e-05,1.0393879105735097e-05,1.722111000832684e-05,1.0312524657126542e-05,9.340413933180377e-06,1.2144196300732077e-05,6.295795617320388e-06,1.3034514906678577e-05,6.288376716266057e-06,3.2204589882775295e-05
2023-05-12,1.0312559354525731e-05,2.4572353294274994e-05,1.989503393838518e-05,1.816338647259088e-05,7.102364441689588e-05,1.4020844242560131e-05,4.94471168842464e-06,9.783090222388999e-06,9.52405267489422e-06,1.1338029350724187e-05,9.305822839467112e-06,1.1089282733519866e-05,1.2786535829960992e-05,6.311524713132271e-06,1.1610869506823985e-05,5.098455816781892e-06,2.914731783114808e-05
2023-05-13,1.0640983702674656e-05,2.8338424620203204e-05,2.0815326355760694e-05,2.5148283877799194e-05,4.374570955540899e-05,1.786452040538909e-05,4.201179147422589e-06,1.1570280221116626e-05,8.144498517197487e-06,1.0482802543115916e-05,1.0427233194961561e-05,1.0312499283854216e-05,1.3331159465596477e-05,4.312941938126535e-06,1.6811705597810894e-05,1.1843134084617133e-05,2.9414827155351937e-05
2023-05-14,1.249972000627186e-05,2.9994846885305103e-05,2.2330568937163008e-05,2.6651159085859255e-05,6.218095249375229e-05,1.6093164266103e-05,4.271052753107258e-06,1.2159448929820208e-05,1.0573430964752466e-05,1.264864395950979e-05,1.076891586803572e-05,1.1338273913509903e-05,1.2498878225679245e-05,6.536661485798934e-06,8.42070595456187e-06,6.0464594830529075e-06,2.181940012134402e-05
2023-05-15,1.2177091125619871e-05,3.090003347293422e-05,1.974739364858423e-05,2.148776059517791e-05,6.104881870535805e-05,2.0078050819851884e-05,4.960469481580387e-06,1.2290682080092417e-05,1.0152546484270399e-05,1.3252197013941004e-05,1.067248734846228e-05,1.3283885531505179e-05,1.2723263262561582e-05,5.193707995886583e-06,9.686083988888922e-06,5.636510540383105e-06,2.703543946459486e-05
2023-05-16,1.2816902201882271e-05,3.0392139470962855e-05,2.2556257356415752e-05,1.8620240201098593e-05,6.975828753369574e-05,1.5457382269275253e-05,4.679457337173257e-06,9.535116331979439e-06,1.0554524276094173e-05,1.2604411105472616e-05,9.570716324894329e-06,1.1810186679684117e-05,1.516993009290089e-05,9.610583831247524e-06,1.678385129033062e-05,6.985658654469001e-06,2.2902991056751397e-05
2023-05-17,1.2579315926290423e-05,3.0051776548176864e-05,1.832058485294395e-05,2.236168772042859e-05,6.336213572638821e-05,1.596767611400015e-05,4.19841160094431e-06,1.0799026037672006e-05,1.0122210575107197e-05,1.3008245775738569e-05,1.041553269161822e-05,1.4360355455651537e-05,1.2073260073260073e-05,7.719345499259358e-06,1.7507381420960866e-05,6.385215489620604e-06,2.38302303640183e-05
2023-05-18,1.137569789192611e-05,2.3861421033115315e-05,1.6909519024400404e-05,1.7410836838754902e-05,3.619202038334588e-05,1.81892921929007e-05,3.5491898671148687e-06,9.695848661989922e-06,8.966889364257463e-06,1.130182776682871e-05,1.0082415213092622e-05,9.272473211397871e-06,8.983830641553077e-06,5.150249958798e-06,1.4394780452607885e-05,6.732753450896827e-06,2.7080222697904115e-05
2023-05-19,9.85649843832053e-06,2.2220878848180056e-05,1.869688312954363e-05,2.0707890046870607e-05,5.350469855734436e-05,1.438933892696216e-05,4.1958372716987724e-06,9.81735377142766e-06,7.281507224722905e-06,7.864850901464841e-06,7.952016430598069e-06,8.27884886802619e-06,1.0916241560616008e-05,3.7294967999751987e-06,1.3691099311021756e-05,6.244599577772556e-06,2.0737901184419303e-05
2023-05-20,9.963536454032049e-06,2.3582048614673958e-05,1.8157671018897455e-05,1.9180886630090848e-05,5.436607556884504e-05,1.3689933015465395e-05,4.3790098895559345e-06,1.1421931998317465e-05,7.681083993588206e-06,9.388975007275059e-06,9.37873219213225e-06,1.0762672897855657e-05,1.0296702665295128e-05,5.88461026169654e-06,1.1152048422194249e-05,5.095092625144574e-06,2.13914788150596e-05
2023-05-21,9.807449172282655e-06,1.8521357697836395e-05,1.7171186761647114e-05,1.7246936548237702e-05,9.822869764675899e-05,1.6901523619422953e-05,4.293584313100552e-06,1.3142790330067855e-05,8.921590151516109e-06,8.553984515056553e-06,9.394247723181044e-06,1.0745604528783872e-05,1.1814040379727549e-05,8.12751359097704e-06,1.8396134671077947e-05,9.275421183450989e-06,2.2268253482513795e-05
2023-05-22,9.865491826034993e-06,2.0886579903529577e-05,1.739777336284472e-05,1.7532636766413155e-05,4.336325397857855e-05,1.5726429682728734e-05,4.382227601678084e-06,8.81243845524578e-06,1.069750345681012e-05,1.1241570664881775e-05,1.0361478484818408e-05,1.3562128108866719e-05,8.476641800689533e-06,7.3662441018724995e-06,1.7406434070773834e-05,7.91526057716271e-06,2.102064375597852e-05
2023-05-23,9.177563487692364e-06,2.0904749004358e-05,1.755831845753575e-05,1.9506362243875368e-05,4.742224530104827e-05,1.7599489842595894e-05,4.087197680285412e-06,8.713578260460433e-06,1.0726757232070803e-05,1.6064790236658114e-05,8.840621508099909e-06,9.113158083928135e-06,8.305612363307419e-06,8.31836229047673e-06,1.6358506558233136e-05,3.7644674573967466e-06,2.2134242706398123e-05
2023-05-24,9.292828881209361e-06,1.9339875368507988e-05,1.8524388457182044e-05,1.676495014429117e-05,3.6152729789332876e-05,1.476598850453175e-05,4.2775949235909595e-06,8.268567988147161e-06,1.1399302516840238e-05,8.824934804262028e-06,2.0455470383452065e-05,9.738307336110373e-06,7.826189443545082e-06,5.3871809824675415e-06,1.3682907617868797e-05,5.825201546148295e-06,2.3304741225640967e-05
2023-05-25,9.17692557824382e-06,2.21834605048134e-05,1.855667506798039e-05,1.271145769289637e-05,4.600425945319878e-05,1.8480872297172427e-05,4.60400792431011e-06,9.559931957342571e-06,9.602867867724345e-06,9.129961283926935e-06,1.0569285282977573e-05,8.38758043340153e-06,1.6119146960307804e-05,7.214643752283055e-06,1.4991016494559927e-05,5.905604347658676e-06,1.5843643857016897e-05
2023-05-26,9.089896456835394e-06,2.0787751856606087e-05,1.720566423617481e-05,2.2368725457601306e-05,4.609129368384665e-05,1.8021664988785092e-05,4.372751803895708e-06,8.505081166193315e-06,1.0008424054782538e-05,8.38385914898513e-06,8.967959178496158e-06,9.25524486913865e-06,8.801865477724485e-06,6.556197264376259e-06,1.5082169288790116e-05,6.757439876328454e-06,1.802999023729058e-05
2023-05-27,9.21727494465821e-06,2.3108178178067745e-05,1.819600672274443e-05,2.1677866897897247e-05,6.847308817431726e-05,2.2137066783879013e-05,5.1836627853688905e-06,8.932712840115222e-06,8.78376818504447e-06,1.0001410002704303e-05,8.657619688082341e-06,9.568494874497228e-06,1.1228925919678073e-05,5.555188638775093e-06,1.223014727652874e-05,5.3849853570911325e-06,2.0807435340191728e-05
2023-05-28,9.156687126819524e-06,1.954300734482788e-05,1.833182189332417e-05,1.9492552688535108e-05,8.267317816365156e-05,2.257950776297378e-05,4.582962762602621e-06,8.141537420788083e-06,8.973169132961065e-06,7.901058464707594e-06,9.8764584205279e-06,9.698335816617741e-06,1.1312095692559634e-05,6.878176320330428e-06,1.3846134084294263e-05,5.863036274605431e-06,1.7945421336368486e-05
2023-05-29,9.267138255100137e-06,2.6128868663309355e-05,1.8774729297500896e-05,2.0424528259998915e-05,3.535282115512818e-05,1.775510332398398e-05,5.057627947049552e-06,7.859331878197035e-06,9.558844383704917e-06,7.559524854499451e-06,1.1908156918470151e-05,9.406496461482201e-06,1.4310397287293833e-05,4.694991671807081e-06,1.961038782969765e-05,9.138062772867826e-06,2.1356338669298535e-05
2023-05-30,9.680677270647451e-06,2.572598095862474e-05,1.7583388327490573e-05,1.7518668138644584e-05,4.7554006821358087e-05,1.5932804513032303e-05,5.482260599958839e-06,1.0039846451515125e-05,9.759455343020355e-06,1.3458303783001627e-05,1.4849266726105198e-05,8.56779560355252e-06,1.2072101151549524e-05,5.9009923801511655e-06,1.7140829227842372e-05,5.275773875744056e-06,1.7683836745850678e-05
2023-05-31,8.60901860188727e-06,2.518103726879851e-05,1.9120958051722543e-05,1.4778763482870312e-05,7.123560903705895e-05,1.654426520553499e-05,7.795219646235684e-06,7.77793837780169e-06,7.737482351041837e-06,9.698774448914685e-06,9.918585729327778e-06,8.20709211155833e-06,1.0571455285328277e-05,6.792777516409589e-06,1.5239474738847108e-05,5.373902716239128e-06,2.278545449084478e-05
2023-06-01,8.717163777036163e-06,2.016532996271988e-05,1.7513506474329124e-05,2.4920584402716644e-05,6.426179265685438e-05,1.844720157160491e-05,6.173204089797762e-06,8.378719645637703e-06,1.0125955534885891e-05,9.626216792167887e-06,1.2907019940407116e-05,8.989431254095007e-06,1.3614047636656522e-05,8.246029866460495e-06,1.6031512123193427e-05,7.415275364972183e-06,1.5903027740752268e-05
2023-06-02,9.574478542097044e-06,2.6014487865123258e-05,1.8251740143351964e-05,2.4420705967722805e-05,2.4500271034248317e-05,1.5046125188189308e-05,4.584412886161143e-06,8.671772981346639e-06,1.0167757791399613e-05,9.746491811591406e-06,9.598361445822334e-06,7.958713622097503e-06,1.1701114616624812e-05,6.050139660808662e-06,1.1105269143856508e-05,9.451826470947247e-06,2.3563775101183362e-05
2023-06-03,9.033839676095725e-06,2.043233697742889e-05,1.822508060823744e-05,2.3841600805772748e-05,2.3206836734101868e-05,1.4505139457639343e-05,3.9467870308211025e-06,1.2567219435697826e-05,8.8942841556683e-06,9.535303268438485e-06,1.0973057435858317e-05,1.090430653195222e-05,1.2608073185662151e-05,4.818902501240868e-06,9.769210247394999e-06,9.717545826326527e-06,2.0374558474056705e-05
2023-06-04,8.892120641661455e-06,2.2091784164758043e-05,1.908328653789451e-05,1.7935479035827082e-05,3.3944084394692114e-05,1.6192889408832384e-05,5.507617261635091e-06,9.796081267038296e-06,9.698139376581124e-06,8.179746849294232e-06,9.604158642754322e-06,7.861178978005115e-06,1.1312924892247219e-05,4.8690852372102135e-06,1.3598918396426422e-05,7.156947809866616e-06,2.337331104454392e-05
2023-06-05,8.888033708832905e-06,1.8904039017936533e-05,1.7436038593776823e-05,1.5700268066376966e-05,6.444448850905197e-05,1.599551974189357e-05,5.072328972528559e-06,8.920011295455659e-06,1.0738161618575334e-05,8.14838624858878e-06,1.0480183655656355e-05,1.0297724573124605e-05,9.585126502044846e-06,4.443473552145183e-06,1.1829447359875615e-05,2.89269167646566e-06,1.959739022298605e-05
2023-06-06,8.673282731074407e-06,2.745492054573726e-05,1.562830287748872e-05,1.704124437600897e-05,6.590804813315453e-05,1.39683654130532e-05,5.349453541904178e-06,9.385807463988299e-06,8.794108761741813e-06,9.779885224303286e-06,9.027761456034724e-06,1.0168981184656545e-05,6.655101310607251e-06,5.671892370170384e-06,1.349673129505574e-05,5.08778256526811e-06,1.8566318766859766e-05
2023-06-07,9.50167425413417e-06,2.1048382053271183e-05,1.6499345645257197e-05,1.057532999836563e-05,6.579290039777291e-05,1.479591766465328e-05,5.919357190878105e-06,8.251870669609834e-06,1.1156998606714014e-05,9.49373225143389e-06,8.407103704059892e-06,1.0986198988701867e-05,1.0513499846656759e-05,7.6187069480609015e-06,1.8507467270823902e-05,6.654378248168383e-06,2.174082309745046e-05
2023-06-08,9.168143006117898e-06,2.6836584716592112e-05,1.7981507067982525e-05,1.3763997903939747e-05,7.956462238630215e-05,1.564480573315724e-05,5.850710729712669e-06,1.0810458482672663e-05,7.977544770302187e-06,9.80033192859507e-06,1.1047765053742808e-05,8.442232965653396e-06,1.2391825432139361e-05,3.848923131032606e-06,1.4593604096075245e-05,4.888104902981744e-06,1.8757209802517844e-05
2023-06-09,8.917655882164128e-06,2.66859196681766e-05,2.063068910337275e-05,2.2442259037794744e-05,7.4513427319603e-05,1.4131172670360094e-05,4.9555808417244655e-06,9.073838682732286e-06,8.10993983589863e-06,8.469996973770573e-06,1.2312300957754034e-05,9.887843931202011e-06,1.0967827579699231e-05,5.208186078072198e-06,1.0605972222958748e-05,6.311832002476041e-06,2.4935441378940085e-05
2023-06-10,8.310810598490832e-06,2.052628133746746e-05,1.7965571458440032e-05,1.8425962180712625e-05,0.00010581701683585226,1.3325784972269638e-05,4.329375110596957e-06,8.184588267697905e-06,8.152900636144293e-06,8.010038895689698e-06,1.0999527878420425e-05,1.0651560758836337e-05,9.178971588023278e-06,8.774720551830317e-06,1.4202509947674676e-05,6.176429714803358e-06,2.4292338605537937e-05
2023-06-11,8.526935593081306e-06,1.911725397032934e-05,1.811775355186364e-05,2.0573086553629723e-05,5.3006905032828947e-05,1.5667028072122874e-05,4.55773082302201e-06,8.788814733982612e-06,1.1459840897548026e-05,8.245776025442584e-06,1.1631187364060498e-05,9.807375599098626e-06,1.0953823178312907e-05,6.148695338425499e-06,1.4127443284042557e-05,4.805128032636429e-06,1.7520494720369253e-05
2023-06-12,1.0171061554271664e-05,2.5672578549819557e-05,2.232489452320356e-05,2.2605638976642723e-05,0.00013776002204160352,2.4631828102782105e-05,7.2248304201638565e-06,8.284832928431517e-06,1.1970550603891257e-05,7.98706585050125e-06,9.734195620828745e-06,1.0551629121290475e-05,1.6176319984737165e-05,6.924759621296835e-06,1.6601990520068096e-05,5.933781960214981e-06,3.34765941625367e-05
2023-06-13,9.070573674733298e-06,2.371723857673779e-05,1.8196573306114557e-05,2.0083480333251883e-05,4.203988744520801e-05,1.4692467565220962e-05,5.971938055719338e-06,9.343770561329595e-06,8.788168226377777e-06,8.168689365255926e-06,9.245901927331371e-06,1.0016658955926075e-05,1.536048057901742e-05,7.097453717504308e-06,1.4102881954585858e-05,7.603005518768272e-06,2.5421912074894908e-05
2023-06-14,9.450911710454077e-06,1.99899112985598e-05,1.5529656950583854e-05,1.963068144638861e-05,3.6149771283177844e-05,1.757217722211089e-05,5.9105752839189325e-06,7.957920646612018e-06,9.008604561180918e-06,8.08748477905411e-06,9.69058798565516e-06,1.1006042317232161e-05,1.3012170677180819e-05,4.169362637351183e-06,1.476764463139959e-05,8.054933607859329e-06,1.9510571148508294e-05
2023-06-15,8.746349102266044e-06,2.3187187733347914e-05,1.708598738996089e-05,2.0499812309095498e-05,6.732028543801026e-05,1.6069383640583773e-05,6.191136416211776e-06,1.0354002663077003e-05,8.855795247007107e-06,6.779127271783079e-06,1.037231624115994e-05,8.39065197463506e-06,1.181239817134334e-05,7.959256292581163e-06,1.5953471054906027e-05,1.0754370710686456e-05,2.267574813947951e-05
2023-06-16,9.645536844918351e-06,2.9121648220245992e-05,1.8456297254793057e-05,5.262272740040527e-05,5.010306917086578e-05,1.6598996740442864e-05,5.30172243550588e-06,9.484218223389252e-06,1.1588411707148357e-05,8.951023913219823e-06,1.0915476246974514e-05,8.559613858699607e-06,1.3244586576250289e-05,4.2525402948126716e-06,1.745606498669199e-05,9.874819239981633e-06,2.4800187003963282e-05
2023-06-17,9.152445716791027e-06,2.3625700391271132e-05,1.872958693472644e-05,1.9523779166135406e-05,4.151645781581916e-05,1.6197555326113996e-05,5.37604441206358e-06,1.026250663066474e-05,9.728410317181052e-06,8.429339257387962e-06,1.1495721037169498e-05,1.0666687228955301e-05,1.1245036565804705e-05,5.035555101901943e-06,1.392908478274447e-05,7.985243270436235e-06,1.7275436866106187e-05
2023-06-18,8.911568312478003e-06,2.5144012330623646e-05,2.048181288165441e-05,1.833729622679568e-05,5.626213152210946e-05,1.5341358568460034e-05,4.468040558935002e-06,1.0130709974729033e-05,1.0354049890347617e-05,7.369872666560516e-06,8.18397953117882e-06,1.171984546546622e-05,9.51249673770144e-06,4.349819897684327e-06,1.2802548219197549e-05,7.485776276497028e-06,2.1299630142228854e-05
2023-06-19,8.906358955127392e-06,2.563792655100299e-05,2.3518692942225546e-05,1.765718374031444e-05,7.329812898558576e-05,1.5627935598115974e-05,5.212857990189402e-06,8.128745234692456e-06,1.037439565656154e-05,6.715851970653722e-06,1.0942811701916877e-05,9.78568329500797e-06,1.4275335962234418e-05,7.767203518811028e-06,1.180479501864378e-05,4.451114934742482e-06,2.291515092491278e-05
2023-06-20,8.6807700058129e-06,2.3432726666790097e-05,1.9350185273585878e-05,1.5511746622669713e-05,6.966359450214912e-05,1.4346869918694406e-05,5.161194252400846e-06,9.646872869020856e-06,9.071109887425177e-06,1.0499952885695278e-05,1.0532945836212535e-05,8.725956553103721e-06,1.1351943693372155e-05,6.195855963697241e-06,1.2975959948772763e-05,5.121729277910152e-06,2.7131589488812698e-05
2023-06-21,9.215057958691194e-06,1.9891630397593908e-05,1.831159597131274e-05,1.5742218284168887e-05,3.8264696034820876e-05,1.6029413224228457e-05,5.404067670177804e-06,9.050697871050434e-06,1.0360782081849107e-05,8.896690029954419e-06,6.833617894095858e-06,1.0081798234341069e-05,1.2816153137650612e-05,9.317063310255373e-06,1.0265164487248482e-05,6.983172702455606e-06,2.2807307849644523e-05
2023-06-22,8.395799060905683e-06,1.6913472134617242e-05,1.7508753474224046e-05,1.677121916058264e-05,6.040106305870983e-05,1.449443812271337e-05,6.840879109378492e-06,8.749719965212513e-06,9.459013871200452e-06,8.889236811706035e-06,7.96990019180134e-06,9.53741008808134e-06,1.1412273976743814e-05,5.470020902677244e-06,1.1044914733258259e-05,1.1112659285011502e-05,1.4491977585086331e-05
2023-06-23,8.373110902570821e-06,2.3144780521352714e-05,1.9309611469604897e-05,1.8816181768743223e-05,6.205378430104576e-05,1.281532146277522e-05,4.515738348056468e-06,9.589362475946837e-06,8.40300351670418e-06,8.072222314667264e-06,7.67688376285878e-06,8.210763538220862e-06,1.2578830614253126e-05,6.639283911226541e-06,1.6994745033345605e-05,9.236155507995769e-06,1.4867784509304878e-05
2023-06-24,9.094493095996577e-06,1.9459862888095488e-05,1.1707963920902224e-05,1.6268037610347285e-05,4.384868695106925e-05,1.4486829879253633e-05,4.9135256114928405e-06,8.888442800419856e-06,7.312640134363865e-06,8.730705221121042e-06,7.511915457593105e-06,1.0618414103680997e-05,1.334359079107478e-05,8.499954645764391e-06,1.6000450572688127e-05,6.885073557742596e-06,1.5974047497499064e-05
2023-06-25,8.629708374254323e-06,2.00049327599302e-05,1.5082884836737418e-05,2.678641469579243e-05,7.24787740733071e-05,1.5682162556325558e-05,4.6023786038318835e-06,1.467325812971527e-05,1.0349993285550575e-05,7.905954841696005e-06,9.347068720005988e-06,8.74638455975009e-06,1.2534414802642505e-05,8.61462228757849e-06,1.57905352010506e-05,6.330646024339224e-06,1.9884234954060142e-05
2023-06-26,9.430332602420689e-06,2.2226957965969026e-05,1.5804837669127134e-05,1.5060836365895489e-05,3.7447105962827504e-05,1.4950471440729121e-05,5.23375416055187e-06,8.670226661733975e-06,1.0804196563122089e-05,8.643817756813576e-06,1.0014125436462108e-05,9.162751008655266e-06,1.2524192042454005e-05,6.9804508595649626e-06,1.6050803381541834e-05,4.09426519199033e-06,2.0244024166506288e-05
2023-06-27,9.843791428546846e-06,3.003715186087665e-05,1.8686056152253112e-05,1.6256676667909623e-05,6.599549250786172e-05,1.3618031631993399e-05,5.6708526956349116e-06,7.80325117280966e-06,9.827257405259623e-06,1.0057310015915194e-05,1.008522546317725e-05,1.0385894397524002e-05,1.7424995517972102e-05,7.4498983163378804e-06,2.535938689117501e-05,6.842517464813067e-06,1.625802255994178e-05
2023-06-28,9.410376280756895e-06,2.7604835490014855e-05,1.7420422821852613e-05,1.3099727909066162e-05,7.283874768024424e-05,1.5090095874695503e-05,5.7528302436998075e-06,7.66893146522327e-06,8.537780269910325e-06,7.382276213156236e-06,8.229069156872766e-06,1.0555542860549795e-05,9.433050106003901e-06,6.537587326202802e-06,1.4546256329535484e-05,7.742067656142615e-06,2.169095272826585e-05
2023-06-29,9.347381196264274e-06,2.8268423037706598e-05,2.0191176109062175e-05,1.9382091605616127e-05,9.515508375550472e-05,1.835280810440687e-05,6.485783213603423e-06,1.0086720211557992e-05,9.192747926674581e-06,8.260538193861314e-06,8.497281638677295e-06,9.463512245598067e-06,1.0601408757077748e-05,5.125244876878439e-06,2.094917508310045e-05,9.142403381121982e-06,1.948466403846384e-05
2023-06-30,9.064398189042882e-06,2.4144009201515558e-05,1.821475546538681e-05,1.9481491973828238e-05,6.761410937427368e-05,1.7879631664653444e-05,6.351417827330684e-06,8.544896276522251e-06,1.169453404787686e-05,8.451116068473196e-06,8.551008189015509e-06,1.2070258187465038e-05,1.4247650669262018e-05,5.899908767264428e-06,1.4634036238338347e-05,5.875451559375768e-06,2.148534184038282e-05
2023-07-01,9.120360580840301e-06,2.5094187359935415e-05,1.7120484671582608e-05,1.668294644190289e-05,1.8628009820686777e-05,1.8513618418637585e-05,4.657057959696634e-06,8.896423654089994e-06,9.578608181426677e-06,8.320978514064413e-06,1.0618415770562773e-05,1.0969088283586551e-05,1.0795154838750702e-05,8.730004651845337e-06,1.5667577680918385e-05,8.347389925751513e-06,2.1420663783529324e-05
2023-07-02,8.988800536737998e-06,2.403812446540213e-05,1.802530017780883e-05,2.8867386074454273e-05,6.570350199665642e-05,1.8735332621510792e-05,4.455658618983672e-06,1.0553617989467638e-05,1.0048263616057051e-05,7.814460620947289e-06,9.203031294447765e-06,1.0656142335248657e-05,1.0783726170998086e-05,6.4239906444351905e-06,1.7543757054052315e-05,4.673382005049122e-06,2.0141038257774697e-05
2023-07-03,9.224150533394211e-06,2.9808661849627468e-05,1.8409829873209505e-05,2.0231629680250334e-05,0.00010773576457042047,1.7016331851760702e-05,5.280318325138126e-06,9.555918095468742e-06,1.0180335269335964e-05,1.1346532407972658e-05,9.591420310776054e-06,9.803760954896637e-06,1.1226457458330032e-05,9.13613927241448e-06,1.723886339074846e-05,9.437699031777876e-06,1.874931154871657e-05
2023-07-04,8.75307650428997e-06,2.6188123391619212e-05,1.9446827257685073e-05,1.8259533064044914e-05,9.803801424002157e-05,1.461946372460914e-05,5.509093309416523e-06,9.852221127695602e-06,1.0652584849713783e-05,9.483785690152867e-06,1.0482037955935896e-05,1.005503725190201e-05,1.1427635188580074e-05,6.063074872911606e-06,1.795808776457238e-05,8.955543813842556e-06,1.8952358230786212e-05
2023-07-05,8.640215771927208e-06,2.5272936223515686e-05,2.1677264124979076e-05,1.6083653378888366e-05,5.1432392120557526e-05,1.541160247080412e-05,5.265877963212379e-06,1.2243398317345281e-05,1.0965712562968055e-05,8.740722012533183e-06,1.084074493985645e-05,1.2298324558251014e-05,1.2166612600427527e-05,8.223418367260132e-06,1.4178837679653469e-05,6.375388681366768e-06,1.946361564896629e-05
2023-07-06,9.252742882111257e-06,2.624575719475408e-05,2.1217144416397573e-05,1.3573862171003516e-05,5.43413287541707e-05,1.4981800479114613e-05,4.743053690074212e-06,9.356557556730145e-06,1.2072117204125807e-05,1.0136202204616892e-05,1.210779271170215e-05,9.72660898552596e-06,1.3666528083276629e-05,9.257127290055332e-06,1.1978941530531518e-05,9.54324821153564e-06,1.778768796536285e-05
2023-07-07,9.079160218450204e-06,2.7113746524235572e-05,1.886849486979102e-05,2.258571576312577e-05,0.00013181617171820255,1.582534507490114e-05,4.314265312562594e-06,8.825441824675203e-06,1.038692078934206e-05,8.88360741976659e-06,8.280695025231692e-06,9.326189384694804e-06,1.1815695491280166e-05,7.455767254017006e-06,1.8827462744826623e-05,6.522869491048449e-06,2.0367572698951335e-05
2023-07-08,9.280934347555671e-06,2.3974640741650585e-05,1.9089588284534933e-05,1.449775429785926e-05,9.051177946158421e-05,1.5409321574751288e-05,4.250835201223831e-06,1.0000322500360153e-05,1.0187698682981334e-05,7.425766360928937e-06,1.0109315122434812e-05,1.0160715784992837e-05,1.4579305040976958e-05,6.6167847403134945e-06,3.1519604150853756e-05,1.1143118392130794e-05,1.5990323569908268e-05
2023-07-09,8.222641470291429e-06,2.410332564614275e-05,1.9075988838878285e-05,1.7640804985213084e-05,5.1086772848559155e-05,1.6566393451472195e-05,5.738100926053185e-06,9.644355949013409e-06,1.1184535515560485e-05,7.526603598528084e-06,1.0371319968892325e-05,1.1625836772981339e-05,1.3457971022989678e-05,7.370520548071908e-06,1.886075469166631e-05,6.6569749564602135e-06,2.087213521247486e-05
2023-07-10,8.502600968616303e-06,2.5407671803679204e-05,1.7994170543077518e-05,1.901005851442242e-05,3.316320608611158e-05,1.569591297440198e-05,5.325031929340547e-06,8.76931221783172e-06,9.085485865762564e-06,8.546442580288108e-06,1.1309570353167174e-05,1.0898427848619773e-05,1.3340560549631095e-05,9.609113784858626e-06,1.2926227668472814e-05,7.019241202477909e-06,1.928712566626489e-05
2023-07-11,9.40031339657008e-06,2.517029404617783e-05,2.0507269106080212e-05,2.2588332480892693e-05,5.8150906889825176e-05,1.562197800455979e-05,5.894218575926181e-06,1.0333384031498737e-05,1.0329314918236928e-05,9.266851685851848e-06,8.855122655523946e-06,1.1575506474587145e-05,1.3209145763297342e-05,1.0611938812105012e-05,1.7369130745362168e-05,5.6619782790336135e-06,2.0537479530978734e-05
2023-07-12,1.0123976689646654e-05,2.751514144123182e-05,2.012882223401479e-05,1.8940984538081207e-05,0.00010078105316200554,2.052456790778562e-05,4.877153011330476e-06,9.56836559159193e-06,1.022223938115528e-05,1.2322145236197041e-05,1.0468609873294926e-05,8.800292120119278e-06,1.3317226082459736e-05,9.787963349950033e-06,2.0632658985309546e-05,8.010399155427708e-06,2.0043956638401468e-05
2023-07-13,1.1758388678081412e-05,3.8411086976144794e-05,2.0621787693418614e-05,1.7386995396792968e-05,0.00012565132542515303,1.928339471747571e-05,4.88559504418443e-06,9.826971142079462e-06,1.29904952200052e-05,1.0436043453129173e-05,1.0998572629685393e-05,1.1577844636503587e-05,1.0783686439154846e-05,1.0589824194411765e-05,1.6884227984353628e-05,7.406147729289349e-06,2.258766405287533e-05
2023-07-14,1.0235190010027004e-05,3.0487679148253777e-05,1.8090726095857157e-05,2.1887184695207024e-05,6.831150044201559e-05,1.7543000210516003e-05,5.434571509875666e-06,9.328176894082415e-06,1.052408303687783e-05,1.0060269030548007e-05,9.374369906979583e-06,1.0690591034611905e-05,1.2185529915330875e-05,8.171037279371427e-06,1.7630767401819295e-05,6.940494226810146e-06,1.9039858038818462e-05
2023-07-15,9.044572903214855e-06,3.116638518359638e-05,1.9715403529257467e-05,2.578647641582205e-05,8.672124323574303e-05,1.5593787085924138e-05,4.360648160185164e-06,9.537403595439504e-06,1.1939727652805562e-05,1.0075541003618798e-05,1.044992051121011e-05,9.69123474385689e-06,1.1301837251099944e-05,7.465024208212158e-06,2.672562033535597e-05,6.762013100478289e-06,2.813049141387721e-05
2023-07-16,8.585472417068774e-06,2.8280346885647194e-05,1.750158098832853e-05,1.7605198395914922e-05,9.155832265152902e-05,1.5744092768843856e-05,4.8807482289787616e-06,9.791848446398621e-06,1.0764385077393897e-05,8.61258260321642e-06,7.86568737316579e-06,7.181091505751425e-06,1.201160703427007e-05,6.932138327000566e-06,2.6869009394683063e-05,9.177444045123657e-06,1.8030180267996092e-05
2023-07-17,9.641551659892175e-06,2.66649285083639e-05,1.7331270861424592e-05,1.92519116738677e-05,9.485513970512424e-05,1.5824224514097407e-05,4.792751616736725e-06,8.19811471753236e-06,9.515693974553304e-06,7.267423752266398e-06,9.197114690300465e-06,1.1652811168682691e-05,1.2776606812970919e-05,6.5155814338362255e-06,1.4715305964550368e-05,6.596282500090012e-06,2.0100481793086672e-05
2023-07-18,1.040944404873259e-05,3.50680265405997e-05,1.8271678536602053e-05,1.3273028201162798e-05,9.141299560386594e-05,1.9275891151042243e-05,5.2142678920622326e-06,1.0407553451646451e-05,8.237532012814586e-06,8.726880452716777e-06,1.0018748685540172e-05,1.3775723235801672e-05,1.381008981251127e-05,6.913855130315872e-06,1.4395873566800813e-05,6.9886847602783286e-06,2.271300381157853e-05
2023-07-19,8.941901534567173e-06,2.3308444744024456e-05,1.9672321290322337e-05,2.2090705253946975e-05,0.00012178477690288714,1.7512660606021076e-05,5.293443196178322e-06,8.406233108252025e-06,8.887633789350178e-06,1.0163372686994588e-05,1.1652425582761841e-05,1.3188716511592813e-05,1.3091510623898677e-05,7.235364334556159e-06,1.9827481329733708e-05,6.5389338069416755e-06,1.9613183197217843e-05
2023-07-20,9.351199982600132e-06,2.686622351058666e-05,1.938006555297874e-05,2.2997305027678622e-05,9.180935370388145e-05,1.8336872748401443e-05,6.125468490192104e-06,9.558730680980284e-06,1.135782053529365e-05,1.322702257708982e-05,9.934125255526637e-06,1.27642386111081e-05,1.3712299661265469e-05,7.695229830617633e-06,2.4113086076316245e-05,5.453197027644074e-06,2.2129738735211666e-05
2023-07-21,8.733378317626062e-06,2.759105543713759e-05,1.9407439106086648e-05,1.6758918667798477e-05,8.677968148083867e-05,1.715043964177565e-05,4.736727002266574e-06,9.301429731838646e-06,9.309030312414744e-06,1.0952354909211735e-05,9.047228243066584e-06,1.2060013191601663e-05,1.2995917869189307e-05,9.870081918899622e-06,2.1624216270678156e-05,5.178241546844315e-06,2.293095286262372e-05
2023-07-22,8.347605754418924e-06,2.8226139466101825e-05,1.769797856737615e-05,1.779116727848514e-05,6.810623058499469e-05,1.988636998791403e-05,4.65073263655614e-06,9.42080977342605e-06,1.2032629010562231e-05,1.1009422159891955e-05,9.756847462636629e-06,8.935719766225567e-06,1.354223911750033e-05,6.746431032570785e-06,2.518021177251134e-05,5.7297834141869435e-06,2.154699595700003e-05
2023-07-23,8.73183630177321e-06,1.810205641840647e-05,1.9161879483461215e-05,1.1755168061678582e-05,9.963174573978487e-05,1.911143165553034e-05,4.903636536855732e-06,7.804640590948047e-06,1.0481029109463412e-05,1.1131510447302039e-05,8.90832131669904e-06,1.238969422625903e-05,1.2842733908775178e-05,6.536763182448734e-06,1.4079802588170974e-05,3.788771650462e-06,2.3104508261875398e-05
2023-07-24,8.23386388019481e-06,2.592047260910406e-05,1.9318929120805853e-05,1.7473444082748283e-05,7.348207037482854e-05,1.6806088058583044e-05,5.4779247362715304e-06,7.124319303673804e-06,8.275236442894013e-06,1.040931633812262e-05,1.0258982658031972e-05,1.0328929330642233e-05,9.647328742374225e-06,5.037299040552848e-06,1.555456839961333e-05,5.611563374541693e-06,2.1203223366428628e-05
2023-07-25,9.17075116423124e-06,2.666938375260112e-05,1.6707711825097755e-05,1.5963096039080378e-05,7.881002697054257e-05,1.5754854744684755e-05,5.405361402137723e-06,9.727657555655522e-06,1.049700827430594e-05,1.1842310998221848e-05,1.1191826117516312e-05,1.0773418385703009e-05,1.6865643501076002e-05,7.5523660464297495e-06,2.091813354179583e-05,5.053593357556891e-06,2.3879511333353846e-05
2023-07-26,9.173180255830434e-06,2.764384835329051e-05,1.673116352213348e-05,1.2088807836310634e-05,8.036362935008325e-05,1.4691810011846238e-05,6.463376247997162e-06,9.512313707389331e-06,8.358039600391627e-06,1.1110698107383483e-05,9.443417421963149e-06,1.1162854040381066e-05,1.1600138192950646e-05,9.403242946818256e-06,1.2635258222560542e-05,5.974978922194891e-06,2.0078205792633236e-05
2023-07-27,8.819292367318708e-06,2.684498628249912e-05,1.7936767614384954e-05,1.2556237118957442e-05,6.890540321719328e-05,1.6743515497238566e-05,5.826891670909688e-06,9.775441692986628e-06,8.469416980816771e-06,1.1960598849698148e-05,1.0376576858724285e-05,1.3962009755730155e-05,1.2498144408151647e-05,7.510989516536382e-06,1.5294251273302647e-05,2.8169490188566567e-06,1.866156459490642e-05
2023-07-28,9.056674056355814e-06,2.2840113920778208e-05,1.8257381479255792e-05,1.5527114856235165e-05,0.00011849350322339358,1.4478626387434483e-05,5.3613980986557735e-06,9.06809321878921e-06,9.237702055102338e-06,1.0105783905657562e-05,1.0089442534384259e-05,1.1919160566698332e-05,1.4385813958853857e-05,6.727772429271984e-06,1.3127369920676253e-05,4.414249112052771e-06,2.3541903976006877e-05
2023-07-29,8.605083911660504e-06,2.7802789311309383e-05,1.721754322550856e-05,1.57651917328836e-05,8.13104534751749e-05,1.7607761198857292e-05,4.397338437621656e-06,8.520364569206356e-06,1.076540359924224e-05,1.1647777280162677e-05,8.226154013727836e-06,1.1878300299524753e-05,1.0532495990899924e-05,5.305113922792736e-06,2.00712015197743e-05,6.224660444772738e-06,1.9975918685612102e-05
2023-07-30,8.793446017622253e-06,2.0447611149590583e-05,2.2115454116827114e-05,1.6129849900225356e-05,8.507215665650957e-05,1.700574577770522e-05,4.581409875385972e-06,1.0808479992081367e-05,8.272455646506853e-06,1.0957174693153723e-05,8.870002241204877e-06,8.511361519269926e-06,1.1724293121716949e-05,7.629109740111652e-06,1.4487251431787842e-05,3.922383868019628e-06,1.719732757883179e-05
2023-07-31,8.79072649233168e-06,2.4758540202319962e-05,1.950251739223565e-05,2.4633180221944955e-05,7.04512008015781e-05,1.7869779077301605e-05,9.807814521646338e-06,9.1247249210082e-06,1.0270684541124667e-05,1.3085660324921792e-05,8.568793695443217e-06,1.124859392575928e-05,1.2900186733527758e-05,4.7129429611919645e-06,1.190473192489671e-05,2.4397162743048417e-06,2.0851969781325394e-05
2023-08-01,8.658766933242893e-06,2.566259216738395e-05,1.8801792006259965e-05,1.8423446467550884e-05,6.263880189055293e-05,1.6331157275119608e-05,5.997607323246073e-06,1.0084262683649462e-05,1.1653508654975905e-05,1.2138456398987447e-05,7.121560634949536e-06,1.1133865048752089e-05,1.0273402137405776e-05,7.980700833747742e-06,1.6320900269337248e-05,5.231238529201715e-06,1.5207552027498681e-05
2023-08-02,8.980051713124465e-06,2.5602663147820948e-05,1.9349325072053867e-05,2.6188549740655183e-05,7.41415031777872e-05,1.887134681213169e-05,5.59621584597389e-06,1.1057188479102521e-05,1.1232921667241947e-05,1.2357466974845042e-05,9.497549591617544e-06,1.1498680526409595e-05,1.2867878531953634e-05,8.188287699158922e-06,1.4368828356465602e-05,1.049633757682007e-05,2.510591867109942e-05
2023-08-03,8.41143406127591e-06,2.8231402527390974e-05,1.9303281706663017e-05,2.000949838637688e-05,4.957100426723728e-05,1.8022930114576753e-05,7.248652704827753e-06,8.747138527991835e-06,8.875886776470304e-06,1.2348782106657066e-05,1.1228107305637232e-05,1.0345631636623217e-05,1.0431802093811705e-05,3.127393077629146e-06,1.1674451435903477e-05,6.575986086120474e-06,2.3599777277101947e-05
2023-08-04,8.882167323743676e-06,2.8595644323248703e-05,1.8154376658996537e-05,1.7418370322126254e-05,0.00018399941120188416,1.7796440319748386e-05,5.268365714609628e-06,9.087167213654062e-06,8.86321393453291e-06,1.223597621727403e-05,1.0282268188654912e-05,1.0359678036184483e-05,1.2091064401130955e-05,6.50831880847361e-06,1.4674463698378404e-05,1.1091790109047422e-05,2.1683362856065838e-05
2023-08-05,8.686646026003744e-06,2.1776061090589523e-05,1.79438863009687e-05,1.4148395228989633e-05,6.65095378834171e-05,1.5017695466088426e-05,5.254622814132356e-06,9.118953725143034e-06,1.0423462101967817e-05,1.277630943124419e-05,1.0611593476057634e-05,1.0582073749999322e-05,1.5016485008910517e-05,6.0162412730481125e-06,1.5522741829132405e-05,5.877848237317283e-06,1.4171505448471462e-05
2023-08-06,8.42801450933903e-06,2.4597483702014767e-05,2.058441905345659e-05,2.4177844295475454e-05,0.00012282150646930522,1.912664125222315e-05,5.461556455438362e-06,9.950059086220833e-06,8.00630832398489e-06,1.1933880241806934e-05,9.490874955134046e-06,1.1986816100531563e-05,1.2628029669360429e-05,6.512528334807383e-06,1.3755099967834229e-05,2.7794047121522145e-06,1.8542793200785646e-05
2023-08-07,9.12740511274429e-06,3.2194341793900485e-05,2.134452827811608e-05,2.1936843045413574e-05,8.530586213760242e-05,2.0731340771599698e-05,6.757018197120643e-06,8.987236943748155e-06,9.870953582565252e-06,1.1505259673710835e-05,7.362165654648972e-06,1.3376210753921849e-05,2.4537515029227954e-05,5.476800919871952e-06,2.0068598528588394e-05,3.4766049978746353e-06,2.1199558756770153e-05
2023-08-08,8.824040325459886e-06,3.173670648633068e-05,1.868581693159391e-05,2.1773908444277993e-05,8.258149761545926e-05,1.8138455694969526e-05,7.315671212833777e-06,1.017365947265413e-05,1.1428073243733488e-05,1.1063089358259193e-05,9.736881302669185e-06,1.4739573095127138e-05,1.7174026886459515e-05,5.863337892436065e-06,1.7077415472892485e-05,4.444156068095137e-06,2.2327082150458126e-05
2023-08-09,9.081232321673704e-06,3.142754431543174e-05,1.9895107383380713e-05,2.115158158917527e-05,8.914093606472481e-05,1.884562356826689e-05,5.9399331429800966e-06,8.910668339767433e-06,9.846291328587675e-06,1.2964660485098634e-05,1.1464473453688774e-05,1.7901386854004682e-05,1.29877110535194e-05,5.607190430970095e-06,1.093006609120984e-05,4.56968008126719e-06,1.883957508241669e-05
2023-08-10,9.334517604386619e-06,3.7230534392013836e-05,1.8151753520149054e-05,2.5178634154032978e-05,7.726117711695625e-05,2.217773392614114e-05,5.604425366357783e-06,8.962814086474764e-06,1.1324281218212249e-05,1.1652908922508979e-05,1.1570993832660288e-05,1.3232563416363722e-05,1.4149826829923048e-05,7.041195688910586e-06,5.2014936919161924e-05,7.913262964442592e-06,1.9095286263191116e-05
2023-08-11,8.307686798089417e-06,2.731376762436829e-05,2.0228137880237843e-05,1.8127986111433152e-05,7.152293361830313e-05,2.3312031792668887e-05,4.2363886168037724e-06,1.1005889419314723e-05,9.880298081569212e-06,1.169964879286833e-05,9.28258313071195e-06,1.124642713433321e-05,1.1624552472450166e-05,4.822743604935596e-06,2.2714468951095512e-05,6.020579912727768e-06,1.7942723705458488e-05
2023-08-12,8.325348169247174e-06,2.977771174513304e-05,1.921664532036789e-05,1.8225713458889237e-05,0.00011860084884321815,1.8043556525932346e-05,4.823977686515503e-06,9.087739711183195e-06,9.440033976860751e-06,1.3135549738425863e-05,1.060343495828527e-05,1.2416901999883169e-05,1.1961487428049518e-05,5.22164912662979e-06,1.8799931586590422e-05,5.889402077051889e-06,1.870757517687053e-05
2023-08-13,8.310651204328302e-06,2.7116690403888938e-05,1.8408890667073054e-05,1.664086639006773e-05,0.0001093523606440854,1.7232497608990956e-05,4.392073282404536e-06,8.360396278532554e-06,8.366230547020008e-06,1.2625824425907494e-05,9.438937741946521e-06,1.0429993881070256e-05,1.5019978530573296e-05,7.465365983933124e-06,1.5528615133700268e-05,6.347041974310877e-06,2.3547574398000653e-05
2023-08-14,8.335635008419248e-06,3.16006959904232e-05,2.0477166831799048e-05,1.8675687156014703e-05,0.00011279920962760702,1.7808388844106778e-05,5.165884127642985e-06,9.495577827429555e-06,1.067790293685409e-05,9.982182469770291e-06,1.2248600496664633e-05,1.0564406963493635e-05,1.4024288793254572e-05,8.746728580122041e-06,1.3799278040483808e-05,8.346568606409211e-06,2.579697477359361e-05
2023-08-15,8.623928376879386e-06,3.241478099444906e-05,1.7131377798274584e-05,2.239560448935889e-05,7.332797550258995e-05,1.6884260121994653e-05,4.395789252032604e-06,9.924656137687408e-06,1.0550329847976678e-05,1.2313313240468788e-05,1.1223717247161192e-05,1.2732444170912825e-05,1.5541880307281046e-05,1.2087447186097237e-05,1.4850529421373872e-05,8.993346343707711e-06,2.5673977569501598e-05
2023-08-16,9.00612177098846e-06,2.7492455726492954e-05,2.0219897461916707e-05,1.9514400707231336e-05,9.11604728189857e-05,1.69566371748892e-05,4.256564994614996e-06,9.686860865513001e-06,1.0846248204389175e-05,1.3962126528160766e-05,1.1119262680924782e-05,1.1563314723279555e-05,1.4310943821298517e-05,8.019198514291388e-06,1.6589313388495042e-05,9.262010705340708e-06,2.8746454806918833e-05
2023-08-17,1.0505951470791608e-05,4.084813690943278e-05,2.263056119372324e-05,2.462139791833775e-05,7.21845449451913e-05,1.8983842377156742e-05,5.3890208060954046e-06,1.1344035869703917e-05,1.1225562227572709e-05,1.3171732867610543e-05,1.1007694051988443e-05,2.160243023264187e-05,1.8778587385839196e-05,6.253180772776607e-06,0.0025635000749052984,8.031115130698627e-06,2.1914336857225108e-05
2023-08-18,8.523986532803446e-06,3.4923818647939454e-05,1.799829086360007e-05,1.7041230265859045e-05,0.0001138225403121497,1.8582626294909623e-05,4.8118123916135305e-06,1.0299809943472282e-05,9.479146249553944e-06,1.3513208881453788e-05,1.436451508393104e-05,1.0070611146848657e-05,1.2441796547772064e-05,9.273812069658785e-06,7.141619014489683e-05,6.765741408158964e-06,2.2555478699850355e-05
2023-08-19,8.35020593059678e-06,3.0511665601764446e-05,1.938895758230148e-05,2.9034378778357773e-05,8.883146248889606e-05,2.250960780247794e-05,7.990795370849137e-06,1.0183562692529433e-05,9.815426408312319e-06,1.1128032286633969e-05,1.057018360916298e-05,1.1411355102308633e-05,1.1352760305987348e-05,7.517857393621254e-06,2.1398975671010737e-05,8.366637197511204e-06,1.386942603178256e-05
2023-08-20,8.637487943553518e-06,3.2741623763662647e-05,2.0432233148024026e-05,1.65742389760593e-05,3.988974474552337e-05,1.8838782601739105e-05,5.7306268696916335e-06,1.0296700239830873e-05,1.0210655925936638e-05,1.3601349110659681e-05,8.948027578146379e-06,1.2798174868975206e-05,1.1570743154366762e-05,8.642864783797321e-06,2.2740203531576124e-05,2.804647862437632e-06,2.3019970314034027e-05
2023-08-21,8.844884463829897e-06,3.4902378325928974e-05,1.9783941574686157e-05,2.4420467163536838e-05,0.0001196120582244919,1.7620827466413213e-05,6.594384529445848e-06,1.038017952136031e-05,1.1261367250817897e-05,1.4070911941381697e-05,1.1501172435952343e-05,1.1491152826249037e-05,1.7438441108473314e-05,9.613475125682454e-06,1.814161533414146e-05,7.195215181904034e-06,2.0534130767428915e-05
2023-08-22,8.826922725317173e-06,2.8164985031024314e-05,1.7766261252548697e-05,2.0123507227054172e-05,5.736785835354247e-05,1.7407413854597725e-05,5.833271037802957e-06,1.054531766676359e-05,1.1316872427983539e-05,1.0328942769617231e-05,9.267411148695611e-06,1.1229760362261374e-05,1.3188512666640907e-05,9.718131428786893e-06,1.5078644967403904e-05,5.4991283881504784e-06,1.7702589684610208e-05
2023-08-23,8.337244008527385e-06,2.489488235770245e-05,1.5453836262707146e-05,2.066579467610977e-05,7.959694465653918e-05,1.9342604307927296e-05,6.553436350568625e-06,1.0371148394317213e-05,1.0331828822260073e-05,1.3643700461709733e-05,9.453310515310544e-06,1.0948509968618326e-05,1.0158808159176712e-05,1.0770707982570602e-05,2.1934158530349344e-05,5.381881770821258e-06,1.575876870830544e-05
2023-08-24,1.0444747533304317e-05,3.514241116233663e-05,1.570131161655099e-05,1.7793091465910008e-05,5.644802465118441e-05,1.7944049527428985e-05,5.474696038366402e-06,1.0386150696593078e-05,1.2968696522047026e-05,1.231657137473542e-05,1.0307160407760637e-05,9.784591528445531e-06,1.3965522310534414e-05,8.435693104664457e-06,1.9371830311472912e-05,6.645912838638737e-06,2.6356220229592517e-05
